name	source	atlas	x	y	w	h
GEN_Armor	Icons_Items.lsx	Public\Shared\Assets\Textures\Icons\Icons_Items.dds	1088	0	63	63
GEN_Consumable	Icons_Items.lsx	Public\Shared\Assets\Textures\Icons\Icons_Items.dds	1152	0	63	63
GEN_Container	Icons_Items.lsx	Public\Shared\Assets\Textures\Icons\Icons_Items.dds	1216	0	63	63
GEN_Loot	Icons_Items.lsx	Public\Shared\Assets\Textures\Icons\Icons_Items.dds	1280	0	63	63
GEN_Quest	Icons_Items.lsx	Public\Shared\Assets\Textures\Icons\Icons_Items.dds	1344	0	63	63
GEN_Stone	Icons_Items.lsx	Public\Shared\Assets\Textures\Icons\Icons_Items.dds	1408	0	63	63
GEN_Weapon	Icons_Items.lsx	Public\Shared\Assets\Textures\Icons\Icons_Items.dds	1472	0	63	63
GEN_Wood	Icons_Items.lsx	Public\Shared\Assets\Textures\Icons\Icons_Items.dds	1536	0	63	63
ItemLOOT_COINS_Gold_Pile_Big_A	Icons_Items.lsx	Public\Shared\Assets\Textures\Icons\Icons_Items.dds	576	65	63	63
Item_ S_DEN_BearReward	Icons_Items.lsx	Public\Shared\Assets\Textures\Icons\Icons_Items.dds	1600	704	63	63
Item_(ITEM)CONS_GEN_Drink_Cup_Metal_A_Oil	Icons_Items.lsx	Public\Shared\Assets\Textures\Icons\Icons_Items.dds	1088	896	63	63
Item_(ITEM)CONS_GEN_Drink_Cup_Metal_A_Water	Icons_Items.lsx	Public\Shared\Assets\Textures\Icons\Icons_Items.dds	896	896	63	63
Item_AG_PHB_ScarabOfProtection_Amulet	Icons_Items.lsx	Public\Shared\Assets\Textures\Icons\Icons_Items.dds	1472	704	63	63
Item_ALCH_Extract_OchreJellySlime	Icons_Items.lsx	Public\Shared\Assets\Textures\Icons\Icons_Items.dds	1408	704	63	63
Item_ARM_Bandit	Icons_Items.lsx	Public\Shared\Assets\Textures\Icons\Icons_Items.dds	1920	1280	63	63
Item_ARM_Boots_Leather	Icons_Items.lsx	Public\Shared\Assets\Textures\Icons\Icons_Items.dds	1088	1344	63	63
Item_ARM_Boots_Leather_1	Icons_Items.lsx	Public\Shared\Assets\Textures\Icons\Icons_Items.dds	1024	1344	63	63
Item_ARM_Boots_Leather_Drow	Icons_Items.lsx	Public\Shared\Assets\Textures\Icons\Icons_Items.dds	129	1920	63	63
Item_ARM_Boots_Metal	Icons_Items.lsx	Public\Shared\Assets\Textures\Icons\Icons_Items.dds	0	1344	63	63
Item_ARM_Boots_Metal_1	Icons_Items.lsx	Public\Shared\Assets\Textures\Icons\Icons_Items.dds	1280	1344	63	63
Item_ARM_BreastPlate_1	Icons_Items.lsx	Public\Shared\Assets\Textures\Icons\Icons_Items.dds	960	1344	63	63
Item_ARM_Breastplate	Icons_Items.lsx	Public\Shared\Assets\Textures\Icons\Icons_Items.dds	1984	1280	63	63
Item_ARM_ChainMail	Icons_Items.lsx	Public\Shared\Assets\Textures\Icons\Icons_Items.dds	896	1344	63	63
Item_ARM_ChainMail_1	Icons_Items.lsx	Public\Shared\Assets\Textures\Icons\Icons_Items.dds	1984	1344	63	63
Item_ARM_ChainShirt	Icons_Items.lsx	Public\Shared\Assets\Textures\Icons\Icons_Items.dds	832	1344	63	63
Item_ARM_ChainShirt_1	Icons_Items.lsx	Public\Shared\Assets\Textures\Icons\Icons_Items.dds	768	1344	63	63
Item_ARM_ChainShirt_2	Icons_Items.lsx	Public\Shared\Assets\Textures\Icons\Icons_Items.dds	704	1344	63	63
Item_ARM_ChainShirt_Destroyed_Crash	Icons_Items.lsx	Public\Shared\Assets\Textures\Icons\Icons_Items.dds	129	1408	63	63
Item_ARM_ChainShirt_Shar	Icons_Items.lsx	Public\Shared\Assets\Textures\Icons\Icons_Items.dds	1344	1920	63	63
Item_ARM_Circlet	Icons_Items.lsx	Public\Shared\Assets\Textures\Icons\Icons_Items.dds	384	1920	63	63
Item_ARM_CircletOfBlasting	Icons_Items.lsx	Public\Shared\Assets\Textures\Icons\Icons_Items.dds	320	1920	63	63
Item_ARM_Gloves_Leather	Icons_Items.lsx	Public\Shared\Assets\Textures\Icons\Icons_Items.dds	640	1344	63	63
Item_ARM_Gloves_Leather_1	Icons_Items.lsx	Public\Shared\Assets\Textures\Icons\Icons_Items.dds	1920	1344	63	63
Item_ARM_Gloves_Leather_Drow	Icons_Items.lsx	Public\Shared\Assets\Textures\Icons\Icons_Items.dds	65	1920	63	63
Item_ARM_Gloves_Metal	Icons_Items.lsx	Public\Shared\Assets\Textures\Icons\Icons_Items.dds	65	1344	63	63
Item_ARM_Gloves_Metal_1	Icons_Items.lsx	Public\Shared\Assets\Textures\Icons\Icons_Items.dds	1344	1344	63	63
Item_ARM_HalfPlate	Icons_Items.lsx	Public\Shared\Assets\Textures\Icons\Icons_Items.dds	1024	1408	63	63
Item_ARM_HalfPlate_1	Icons_Items.lsx	Public\Shared\Assets\Textures\Icons\Icons_Items.dds	960	1408	63	63
Item_ARM_HalfPlate_Githyanki	Icons_Items.lsx	Public\Shared\Assets\Textures\Icons\Icons_Items.dds	384	1408	63	63
Item_ARM_HalfPlate_Githyanki_Destroyed_Crash	Icons_Items.lsx	Public\Shared\Assets\Textures\Icons\Icons_Items.dds	320	1408	63	63
Item_ARM_Hat	Icons_Items.lsx	Public\Shared\Assets\Textures\Icons\Icons_Items.dds	896	1408	63	63
Item_ARM_Hat_Wizard_A_2	Icons_Items.lsx	Public\Shared\Assets\Textures\Icons\Icons_Items.dds	1856	1984	63	63
Item_ARM_Hat_Wizard_B_2	Icons_Items.lsx	Public\Shared\Assets\Textures\Icons\Icons_Items.dds	1792	1984	63	63
Item_ARM_Hat_Wizard_C_2	Icons_Items.lsx	Public\Shared\Assets\Textures\Icons\Icons_Items.dds	1728	1984	63	63
Item_ARM_HeadbandOfIntellect	Icons_Items.lsx	Public\Shared\Assets\Textures\Icons\Icons_Items.dds	256	1920	63	63
Item_ARM_Helmet_Leather	Icons_Items.lsx	Public\Shared\Assets\Textures\Icons\Icons_Items.dds	576	1344	63	63
Item_ARM_Helmet_Leather_1	Icons_Items.lsx	Public\Shared\Assets\Textures\Icons\Icons_Items.dds	1856	1344	63	63
Item_ARM_Helmet_Leather_B	Icons_Items.lsx	Public\Shared\Assets\Textures\Icons\Icons_Items.dds	512	1408	63	63
Item_ARM_Helmet_Leather_Drow	Icons_Items.lsx	Public\Shared\Assets\Textures\Icons\Icons_Items.dds	0	1920	63	63
Item_ARM_Helmet_Metal	Icons_Items.lsx	Public\Shared\Assets\Textures\Icons\Icons_Items.dds	512	1344	63	63
Item_ARM_Helmet_Metal_1	Icons_Items.lsx	Public\Shared\Assets\Textures\Icons\Icons_Items.dds	1792	1344	63	63
Item_ARM_Helmet_Metal_B	Icons_Items.lsx	Public\Shared\Assets\Textures\Icons\Icons_Items.dds	576	1408	63	63
Item_ARM_Hide	Icons_Items.lsx	Public\Shared\Assets\Textures\Icons\Icons_Items.dds	448	1344	63	63
Item_ARM_Hide_1	Icons_Items.lsx	Public\Shared\Assets\Textures\Icons\Icons_Items.dds	1728	1344	63	63
Item_ARM_Leather	Icons_Items.lsx	Public\Shared\Assets\Textures\Icons\Icons_Items.dds	1472	1664	63	63
Item_ARM_Leather_1	Icons_Items.lsx	Public\Shared\Assets\Textures\Icons\Icons_Items.dds	640	1408	63	63
Item_ARM_Leather_Destroyed_Crash	Icons_Items.lsx	Public\Shared\Assets\Textures\Icons\Icons_Items.dds	0	1408	63	63
Item_ARM_Padded	Icons_Items.lsx	Public\Shared\Assets\Textures\Icons\Icons_Items.dds	448	1408	63	63
Item_ARM_Padded_1	Icons_Items.lsx	Public\Shared\Assets\Textures\Icons\Icons_Items.dds	1408	1664	63	63
Item_ARM_Padded_Destroyed_Crash	Icons_Items.lsx	Public\Shared\Assets\Textures\Icons\Icons_Items.dds	65	1408	63	63
Item_ARM_Plate	Icons_Items.lsx	Public\Shared\Assets\Textures\Icons\Icons_Items.dds	384	1344	63	63
Item_ARM_Plate_1	Icons_Items.lsx	Public\Shared\Assets\Textures\Icons\Icons_Items.dds	1664	1344	63	63
Item_ARM_RingMail	Icons_Items.lsx	Public\Shared\Assets\Textures\Icons\Icons_Items.dds	320	1344	63	63
Item_ARM_RingMail_1	Icons_Items.lsx	Public\Shared\Assets\Textures\Icons\Icons_Items.dds	1600	1344	63	63
Item_ARM_Robe	Icons_Items.lsx	Public\Shared\Assets\Textures\Icons\Icons_Items.dds	256	1344	63	63
Item_ARM_Robe_1	Icons_Items.lsx	Public\Shared\Assets\Textures\Icons\Icons_Items.dds	1536	1344	63	63
Item_ARM_Robe_Destroyed_Crash	Icons_Items.lsx	Public\Shared\Assets\Textures\Icons\Icons_Items.dds	256	1408	63	63
Item_ARM_ScaleMail	Icons_Items.lsx	Public\Shared\Assets\Textures\Icons\Icons_Items.dds	193	1344	63	63
Item_ARM_ScaleMail_1	Icons_Items.lsx	Public\Shared\Assets\Textures\Icons\Icons_Items.dds	1472	1344	63	63
Item_ARM_ScaleMail_Destroyed_Crash	Icons_Items.lsx	Public\Shared\Assets\Textures\Icons\Icons_Items.dds	193	1408	63	63
Item_ARM_Shar_Crown_A_Broken	Icons_Items.lsx	Public\Shared\Assets\Textures\Icons\Icons_Items.dds	1792	1280	63	63
Item_ARM_Shar_Crown_B_Broken	Icons_Items.lsx	Public\Shared\Assets\Textures\Icons\Icons_Items.dds	1728	1280	63	63
Item_ARM_Shoes	Icons_Items.lsx	Public\Shared\Assets\Textures\Icons\Icons_Items.dds	704	1408	63	63
Item_ARM_Splint	Icons_Items.lsx	Public\Shared\Assets\Textures\Icons\Icons_Items.dds	832	1408	63	63
Item_ARM_Splint_1	Icons_Items.lsx	Public\Shared\Assets\Textures\Icons\Icons_Items.dds	768	1408	63	63
Item_ARM_StuddedLeather	Icons_Items.lsx	Public\Shared\Assets\Textures\Icons\Icons_Items.dds	129	1344	63	63
Item_ARM_StuddedLeather_1	Icons_Items.lsx	Public\Shared\Assets\Textures\Icons\Icons_Items.dds	1408	1344	63	63
Item_ARM_StuddedLeather_Drow	Icons_Items.lsx	Public\Shared\Assets\Textures\Icons\Icons_Items.dds	1984	1856	63	63
Item_ARM_StuddedLeather_Drow_Faded	Icons_Items.lsx	Public\Shared\Assets\Textures\Icons\Icons_Items.dds	1920	1856	63	63
Item_ARR_Arrow_Of_Acid	Icons_Items.lsx	Public\Shared\Assets\Textures\Icons\Icons_Items.dds	1920	65	63	63
Item_ARR_Arrow_Of_Antimagic	Icons_Items.lsx	Public\Shared\Assets\Textures\Icons\Icons_Items.dds	384	129	63	63
Item_ARR_Arrow_Of_Antimagic_Broken	Icons_Items.lsx	Public\Shared\Assets\Textures\Icons\Icons_Items.dds	1600	768	63	63
Item_ARR_Arrow_Of_Detonation	Icons_Items.lsx	Public\Shared\Assets\Textures\Icons\Icons_Items.dds	65	129	63	63
Item_ARR_Arrow_Of_Dispelling	Icons_Items.lsx	Public\Shared\Assets\Textures\Icons\Icons_Items.dds	448	129	63	63
Item_ARR_Arrow_Of_Fire	Icons_Items.lsx	Public\Shared\Assets\Textures\Icons\Icons_Items.dds	1856	65	63	63
Item_ARR_Arrow_Of_Ice	Icons_Items.lsx	Public\Shared\Assets\Textures\Icons\Icons_Items.dds	129	129	63	63
Item_ARR_Arrow_Of_Lightning	Icons_Items.lsx	Public\Shared\Assets\Textures\Icons\Icons_Items.dds	320	129	63	63
Item_ARR_Arrow_Of_Piercing	Icons_Items.lsx	Public\Shared\Assets\Textures\Icons\Icons_Items.dds	512	129	63	63
Item_ARR_Arrow_Of_Ricochet	Icons_Items.lsx	Public\Shared\Assets\Textures\Icons\Icons_Items.dds	0	129	63	63
Item_ARR_Arrow_Of_Slaying	Icons_Items.lsx	Public\Shared\Assets\Textures\Icons\Icons_Items.dds	193	129	63	63
Item_ARR_Arrow_Of_Slaying_Fey_Broken	Icons_Items.lsx	Public\Shared\Assets\Textures\Icons\Icons_Items.dds	1536	768	63	63
Item_ARR_Arrow_Of_Smoke	Icons_Items.lsx	Public\Shared\Assets\Textures\Icons\Icons_Items.dds	1984	65	63	63
Item_ARR_Arrow_Of_Smokepowder	Icons_Items.lsx	Public\Shared\Assets\Textures\Icons\Icons_Items.dds	1408	1984	63	63
Item_ARR_Arrow_Of_Teleportation	Icons_Items.lsx	Public\Shared\Assets\Textures\Icons\Icons_Items.dds	256	129	63	63
Item_ARR_Arrow_Of_WraithsEmbrace	Icons_Items.lsx	Public\Shared\Assets\Textures\Icons\Icons_Items.dds	960	640	63	63
Item_AlchemyIngredient_BearFang	Icons_Items.lsx	Public\Shared\Assets\Textures\Icons\Icons_Items.dds	1984	448	63	63
Item_AlchemyIngredient_Gem_Emerald	Icons_Items.lsx	Public\Shared\Assets\Textures\Icons\Icons_Items.dds	1664	448	63	63
Item_AlchemyIngredient_Gem_MudMephitHeart	Icons_Items.lsx	Public\Shared\Assets\Textures\Icons\Icons_Items.dds	1472	448	63	63
Item_AlchemyIngredient_Gem_RockyCrystal	Icons_Items.lsx	Public\Shared\Assets\Textures\Icons\Icons_Items.dds	1600	448	63	63
Item_AlchemyIngredient_HarpyFeather	Icons_Items.lsx	Public\Shared\Assets\Textures\Icons\Icons_Items.dds	0	512	63	63
Item_AlchemyIngredient_Herb_Entrance	Icons_Items.lsx	Public\Shared\Assets\Textures\Icons\Icons_Items.dds	0	448	63	63
Item_AlchemyIngredient_Herb_Forest	Icons_Items.lsx	Public\Shared\Assets\Textures\Icons\Icons_Items.dds	1216	448	63	63
Item_AlchemyIngredient_Herb_MagicLichen	Icons_Items.lsx	Public\Shared\Assets\Textures\Icons\Icons_Items.dds	1408	448	63	63
Item_AlchemyIngredient_Herb_MountainFlower	Icons_Items.lsx	Public\Shared\Assets\Textures\Icons\Icons_Items.dds	1280	448	63	63
Item_AlchemyIngredient_Herb_ShoreFlower	Icons_Items.lsx	Public\Shared\Assets\Textures\Icons\Icons_Items.dds	1984	384	63	63
Item_AlchemyIngredient_Herb_SunnyFlower	Icons_Items.lsx	Public\Shared\Assets\Textures\Icons\Icons_Items.dds	1344	448	63	63
Item_AlchemyIngredient_Herb_Swamp	Icons_Items.lsx	Public\Shared\Assets\Textures\Icons\Icons_Items.dds	896	448	63	63
Item_AlchemyIngredient_Herb_WaterReed	Icons_Items.lsx	Public\Shared\Assets\Textures\Icons\Icons_Items.dds	1920	384	63	63
Item_AlchemyIngredient_HyenaEar	Icons_Items.lsx	Public\Shared\Assets\Textures\Icons\Icons_Items.dds	1536	448	63	63
Item_AlchemyIngredient_MindFlayerDevice	Icons_Items.lsx	Public\Shared\Assets\Textures\Icons\Icons_Items.dds	65	448	63	63
Item_AlchemyIngredient_Mushroom_Animal	Icons_Items.lsx	Public\Shared\Assets\Textures\Icons\Icons_Items.dds	640	448	63	63
Item_AlchemyIngredient_Mushroom_Barrelstalk	Icons_Items.lsx	Public\Shared\Assets\Textures\Icons\Icons_Items.dds	960	448	63	63
Item_AlchemyIngredient_Mushroom_Corpse	Icons_Items.lsx	Public\Shared\Assets\Textures\Icons\Icons_Items.dds	832	448	63	63
Item_AlchemyIngredient_Mushroom_DryShady	Icons_Items.lsx	Public\Shared\Assets\Textures\Icons\Icons_Items.dds	129	448	63	63
Item_AlchemyIngredient_Mushroom_FungiLoving	Icons_Items.lsx	Public\Shared\Assets\Textures\Icons\Icons_Items.dds	193	448	63	63
Item_AlchemyIngredient_Mushroom_Glowing	Icons_Items.lsx	Public\Shared\Assets\Textures\Icons\Icons_Items.dds	704	448	63	63
Item_AlchemyIngredient_Mushroom_Rare	Icons_Items.lsx	Public\Shared\Assets\Textures\Icons\Icons_Items.dds	576	448	63	63
Item_AlchemyIngredient_Mushroom_Road	Icons_Items.lsx	Public\Shared\Assets\Textures\Icons\Icons_Items.dds	768	448	63	63
Item_AlchemyIngredient_Mushroom_WetShady	Icons_Items.lsx	Public\Shared\Assets\Textures\Icons\Icons_Items.dds	512	448	63	63
Item_AlchemyIngredient_OwlbearBeak	Icons_Items.lsx	Public\Shared\Assets\Textures\Icons\Icons_Items.dds	1792	448	63	63
Item_AlchemyIngredient_PhaseSpiderLeg	Icons_Items.lsx	Public\Shared\Assets\Textures\Icons\Icons_Items.dds	1728	448	63	63
Item_AlchemyIngredient_SnakeFang	Icons_Items.lsx	Public\Shared\Assets\Textures\Icons\Icons_Items.dds	1856	448	63	63
Item_AlchemyIngredient_SpiderGlands	Icons_Items.lsx	Public\Shared\Assets\Textures\Icons\Icons_Items.dds	1920	448	63	63
Item_AlchemyIngredient_WorgFang	Icons_Items.lsx	Public\Shared\Assets\Textures\Icons\Icons_Items.dds	1856	384	63	63
Item_BASE_LOOT_Arrow	Icons_Items.lsx	Public\Shared\Assets\Textures\Icons\Icons_Items.dds	1792	65	63	63
Item_BLD_GEN_Camp_WoodenStructure_A_Pillar_A_4H_A_Dynamic	Icons_Items.lsx	Public\Shared\Assets\Textures\Icons\Icons_Items.dds	1344	1728	63	63
Item_BLD_GEN_WaypointShrine_A_	Icons_Items.lsx	Public\Shared\Assets\Textures\Icons\Icons_Items.dds	1728	1472	63	63
Item_BLD_MF_Nautiloid_Mind_Draining_Device_Plaque_A	Icons_Items.lsx	Public\Shared\Assets\Textures\Icons\Icons_Items.dds	1408	1728	63	63
Item_BOOK_Book_A_Ketheric_Tome	Icons_Items.lsx	Public\Shared\Assets\Textures\Icons\Icons_Items.dds	0	1216	63	63
Item_BOOK_Book_A_VoloGBG	Icons_Items.lsx	Public\Shared\Assets\Textures\Icons\Icons_Items.dds	0	704	63	63
Item_BOOK_Book_B_VoloCGBN	Icons_Items.lsx	Public\Shared\Assets\Textures\Icons\Icons_Items.dds	1984	640	63	63
Item_BOOK_Book_F_VoloGSS	Icons_Items.lsx	Public\Shared\Assets\Textures\Icons\Icons_Items.dds	1920	640	63	63
Item_BOOK_DwarfsPoem	Icons_Items.lsx	Public\Shared\Assets\Textures\Icons\Icons_Items.dds	1792	1856	63	63
Item_BOOK_GEN_Book_A	Icons_Items.lsx	Public\Shared\Assets\Textures\Icons\Icons_Items.dds	704	320	63	63
Item_BOOK_GEN_Book_B	Icons_Items.lsx	Public\Shared\Assets\Textures\Icons\Icons_Items.dds	832	704	63	63
Item_BOOK_GEN_Book_C	Icons_Items.lsx	Public\Shared\Assets\Textures\Icons\Icons_Items.dds	1344	1024	63	63
Item_BOOK_GEN_Book_D	Icons_Items.lsx	Public\Shared\Assets\Textures\Icons\Icons_Items.dds	1408	1024	63	63
Item_BOOK_GEN_Book_E	Icons_Items.lsx	Public\Shared\Assets\Textures\Icons\Icons_Items.dds	1280	1024	63	63
Item_BOOK_GEN_Book_Rich_A	Icons_Items.lsx	Public\Shared\Assets\Textures\Icons\Icons_Items.dds	1216	1024	63	63
Item_BOOK_GEN_Book_Rich_B	Icons_Items.lsx	Public\Shared\Assets\Textures\Icons\Icons_Items.dds	1152	1024	63	63
Item_BOOK_GEN_Book_Rich_C	Icons_Items.lsx	Public\Shared\Assets\Textures\Icons\Icons_Items.dds	1088	1024	63	63
Item_BOOK_GEN_Envelope_A	Icons_Items.lsx	Public\Shared\Assets\Textures\Icons\Icons_Items.dds	1664	1984	63	63
Item_BOOK_GEN_Paper_Letter_A	Icons_Items.lsx	Public\Shared\Assets\Textures\Icons\Icons_Items.dds	1088	1152	63	63
Item_BOOK_GEN_Paper_Letter_B	Icons_Items.lsx	Public\Shared\Assets\Textures\Icons\Icons_Items.dds	960	1152	63	63
Item_BOOK_GEN_Paper_Letter_C	Icons_Items.lsx	Public\Shared\Assets\Textures\Icons\Icons_Items.dds	1024	1152	63	63
Item_BOOK_GEN_Paper_Poster_A	Icons_Items.lsx	Public\Shared\Assets\Textures\Icons\Icons_Items.dds	896	1152	63	63
Item_BOOK_GEN_Paper_Poster_B	Icons_Items.lsx	Public\Shared\Assets\Textures\Icons\Icons_Items.dds	832	1152	63	63
Item_BOOK_GEN_Paper_Poster_C	Icons_Items.lsx	Public\Shared\Assets\Textures\Icons\Icons_Items.dds	768	1152	63	63
Item_BOOK_GEN_Paper_Poster_D	Icons_Items.lsx	Public\Shared\Assets\Textures\Icons\Icons_Items.dds	704	1152	63	63
Item_BOOK_GEN_Paper_Sheet_A	Icons_Items.lsx	Public\Shared\Assets\Textures\Icons\Icons_Items.dds	640	1152	63	63
Item_BOOK_GEN_Paper_Sheet_B	Icons_Items.lsx	Public\Shared\Assets\Textures\Icons\Icons_Items.dds	576	1152	63	63
Item_BOOK_GEN_Paper_Sheet_C	Icons_Items.lsx	Public\Shared\Assets\Textures\Icons\Icons_Items.dds	512	1152	63	63
Item_BOOK_GEN_Paper_Sheet_D	Icons_Items.lsx	Public\Shared\Assets\Textures\Icons\Icons_Items.dds	448	1152	63	63
Item_BOOK_GEN_Paper_Sheet_E	Icons_Items.lsx	Public\Shared\Assets\Textures\Icons\Icons_Items.dds	384	1152	63	63
Item_BOOK_GEN_Paper_Sheet_F	Icons_Items.lsx	Public\Shared\Assets\Textures\Icons\Icons_Items.dds	320	1152	63	63
Item_BOOK_GEN_Paper_Sheet_G	Icons_Items.lsx	Public\Shared\Assets\Textures\Icons\Icons_Items.dds	256	1152	63	63
Item_BOOK_GEN_Scroll_Parchment_A_Close	Icons_Items.lsx	Public\Shared\Assets\Textures\Icons\Icons_Items.dds	384	1024	63	63
Item_BOOK_GEN_Scroll_Parchment_A_Open	Icons_Items.lsx	Public\Shared\Assets\Textures\Icons\Icons_Items.dds	576	832	63	63
Item_BOOK_GEN_Scroll_Parchment_B	Icons_Items.lsx	Public\Shared\Assets\Textures\Icons\Icons_Items.dds	1920	1152	63	63
Item_BOOK_GEN_Scroll_Parchment_C_Double_A	Icons_Items.lsx	Public\Shared\Assets\Textures\Icons\Icons_Items.dds	1984	1152	63	63
Item_BOOK_GEN_Scroll_Parchment_C_Double_B	Icons_Items.lsx	Public\Shared\Assets\Textures\Icons\Icons_Items.dds	1536	1152	63	63
Item_BOOK_GEN_Scroll_Parchment_C_Single_A	Icons_Items.lsx	Public\Shared\Assets\Textures\Icons\Icons_Items.dds	193	1152	63	63
Item_BOOK_GEN_Scroll_Parchment_C_Single_B	Icons_Items.lsx	Public\Shared\Assets\Textures\Icons\Icons_Items.dds	1408	1152	63	63
Item_BOOK_GEN_Scroll_Parchment_D_Single_A	Icons_Items.lsx	Public\Shared\Assets\Textures\Icons\Icons_Items.dds	1472	1152	63	63
Item_BOOK_Tome_Thayan_Necromancy_A_Gem_A	Icons_Items.lsx	Public\Shared\Assets\Textures\Icons\Icons_Items.dds	129	1600	63	63
Item_CONS_Drink_Beer_Mug_A	Icons_Items.lsx	Public\Shared\Assets\Textures\Icons\Icons_Items.dds	768	320	63	63
Item_CONS_Drink_Beer_Pitcher_A	Icons_Items.lsx	Public\Shared\Assets\Textures\Icons\Icons_Items.dds	832	320	63	63
Item_CONS_Drink_Canteen_A	Icons_Items.lsx	Public\Shared\Assets\Textures\Icons\Icons_Items.dds	896	320	63	63
Item_CONS_Drink_Coffee_A	Icons_Items.lsx	Public\Shared\Assets\Textures\Icons\Icons_Items.dds	960	320	63	63
Item_CONS_Drink_DemiJohn_A	Icons_Items.lsx	Public\Shared\Assets\Textures\Icons\Icons_Items.dds	1024	320	63	63
Item_CONS_Drink_DemiJohn_Stand_A	Icons_Items.lsx	Public\Shared\Assets\Textures\Icons\Icons_Items.dds	1344	1408	63	63
Item_CONS_Drink_Milk_Jug_A	Icons_Items.lsx	Public\Shared\Assets\Textures\Icons\Icons_Items.dds	65	960	63	63
Item_CONS_Drink_Mug_Metal_A_Beer	Icons_Items.lsx	Public\Shared\Assets\Textures\Icons\Icons_Items.dds	1536	896	63	63
Item_CONS_Drink_Potion_A	Icons_Items.lsx	Public\Shared\Assets\Textures\Icons\Icons_Items.dds	960	576	63	63
Item_CONS_Drink_Potion_B	Icons_Items.lsx	Public\Shared\Assets\Textures\Icons\Icons_Items.dds	896	576	63	63
Item_CONS_Drink_Potion_C	Icons_Items.lsx	Public\Shared\Assets\Textures\Icons\Icons_Items.dds	832	576	63	63
Item_CONS_Drink_Potion_D	Icons_Items.lsx	Public\Shared\Assets\Textures\Icons\Icons_Items.dds	768	576	63	63
Item_CONS_Drink_Rum_A	Icons_Items.lsx	Public\Shared\Assets\Textures\Icons\Icons_Items.dds	1024	832	63	63
Item_CONS_Drink_Rum_A_Empty	Icons_Items.lsx	Public\Shared\Assets\Textures\Icons\Icons_Items.dds	1088	832	63	63
Item_CONS_Drink_Rum_B	Icons_Items.lsx	Public\Shared\Assets\Textures\Icons\Icons_Items.dds	960	832	63	63
Item_CONS_Drink_Rum_B_Empty	Icons_Items.lsx	Public\Shared\Assets\Textures\Icons\Icons_Items.dds	896	832	63	63
Item_CONS_Drink_Tea_A	Icons_Items.lsx	Public\Shared\Assets\Textures\Icons\Icons_Items.dds	832	896	63	63
Item_CONS_Drink_Water_A	Icons_Items.lsx	Public\Shared\Assets\Textures\Icons\Icons_Items.dds	1920	896	63	63
Item_CONS_Drink_Water_A_Wicker	Icons_Items.lsx	Public\Shared\Assets\Textures\Icons\Icons_Items.dds	1088	320	63	63
Item_CONS_Drink_Water_B	Icons_Items.lsx	Public\Shared\Assets\Textures\Icons\Icons_Items.dds	1856	896	63	63
Item_CONS_Drink_Water_B_Wicker	Icons_Items.lsx	Public\Shared\Assets\Textures\Icons\Icons_Items.dds	896	960	63	63
Item_CONS_Drink_Water_Bottle_A	Icons_Items.lsx	Public\Shared\Assets\Textures\Icons\Icons_Items.dds	1984	896	63	63
Item_CONS_Drink_Water_Jug_A	Icons_Items.lsx	Public\Shared\Assets\Textures\Icons\Icons_Items.dds	0	960	63	63
Item_CONS_Drink_Wine_A	Icons_Items.lsx	Public\Shared\Assets\Textures\Icons\Icons_Items.dds	448	832	63	63
Item_CONS_Drink_Wine_A_Empty	Icons_Items.lsx	Public\Shared\Assets\Textures\Icons\Icons_Items.dds	512	832	63	63
Item_CONS_Drink_Wine_A_Wicker	Icons_Items.lsx	Public\Shared\Assets\Textures\Icons\Icons_Items.dds	1152	320	63	63
Item_CONS_Drink_Wine_Bottle_A	Icons_Items.lsx	Public\Shared\Assets\Textures\Icons\Icons_Items.dds	960	896	63	63
Item_CONS_Drink_Wine_Bottle_A_Empty	Icons_Items.lsx	Public\Shared\Assets\Textures\Icons\Icons_Items.dds	768	896	63	63
Item_CONS_Drink_Wine_C_Wicker	Icons_Items.lsx	Public\Shared\Assets\Textures\Icons\Icons_Items.dds	1024	896	63	63
Item_CONS_Drink_Wine_E_Wicker	Icons_Items.lsx	Public\Shared\Assets\Textures\Icons\Icons_Items.dds	640	896	63	63
Item_CONS_Drink_Wine_F_Wicker	Icons_Items.lsx	Public\Shared\Assets\Textures\Icons\Icons_Items.dds	512	896	63	63
Item_CONS_Drink_Wine_G	Icons_Items.lsx	Public\Shared\Assets\Textures\Icons\Icons_Items.dds	0	896	63	63
Item_CONS_Drink_Wine_G_Empty	Icons_Items.lsx	Public\Shared\Assets\Textures\Icons\Icons_Items.dds	448	896	63	63
Item_CONS_Drink_Wine_Glass_A	Icons_Items.lsx	Public\Shared\Assets\Textures\Icons\Icons_Items.dds	1920	832	63	63
Item_CONS_Drink_Wine_Pitcher_D	Icons_Items.lsx	Public\Shared\Assets\Textures\Icons\Icons_Items.dds	129	1088	63	63
Item_CONS_ElixirOfHealth	Icons_Items.lsx	Public\Shared\Assets\Textures\Icons\Icons_Items.dds	1664	129	63	63
Item_CONS_FOOD_BreadRoll_A	Icons_Items.lsx	Public\Shared\Assets\Textures\Icons\Icons_Items.dds	1600	1024	63	63
Item_CONS_FOOD_Cookie_A	Icons_Items.lsx	Public\Shared\Assets\Textures\Icons\Icons_Items.dds	1536	1024	63	63
Item_CONS_FOOD_Fruit_Apple_A	Icons_Items.lsx	Public\Shared\Assets\Textures\Icons\Icons_Items.dds	1856	512	63	63
Item_CONS_FOOD_Fruit_Banana_A	Icons_Items.lsx	Public\Shared\Assets\Textures\Icons\Icons_Items.dds	512	1088	63	63
Item_CONS_FOOD_Fruit_Grapes_A_Green_A	Icons_Items.lsx	Public\Shared\Assets\Textures\Icons\Icons_Items.dds	1280	512	63	63
Item_CONS_FOOD_Fruit_Grapes_A_Purple_A	Icons_Items.lsx	Public\Shared\Assets\Textures\Icons\Icons_Items.dds	1344	512	63	63
Item_CONS_FOOD_Fruit_Lemon_A	Icons_Items.lsx	Public\Shared\Assets\Textures\Icons\Icons_Items.dds	1216	320	63	63
Item_CONS_FOOD_Fruit_Melon_Full_A	Icons_Items.lsx	Public\Shared\Assets\Textures\Icons\Icons_Items.dds	1920	512	63	63
Item_CONS_FOOD_Fruit_Melon_Half_A	Icons_Items.lsx	Public\Shared\Assets\Textures\Icons\Icons_Items.dds	1792	512	63	63
Item_CONS_FOOD_Fruit_Orange_A	Icons_Items.lsx	Public\Shared\Assets\Textures\Icons\Icons_Items.dds	1984	512	63	63
Item_CONS_FOOD_Fruit_Pear_A	Icons_Items.lsx	Public\Shared\Assets\Textures\Icons\Icons_Items.dds	1280	320	63	63
Item_CONS_FOOD_GEN_Vegetable_Garlic_A	Icons_Items.lsx	Public\Shared\Assets\Textures\Icons\Icons_Items.dds	1088	512	63	63
Item_CONS_FOOD_Nuts_Walnut_A	Icons_Items.lsx	Public\Shared\Assets\Textures\Icons\Icons_Items.dds	640	1088	63	63
Item_CONS_FOOD_Squash_A	Icons_Items.lsx	Public\Shared\Assets\Textures\Icons\Icons_Items.dds	1664	1024	63	63
Item_CONS_FOOD_Vegetable_Cabbage_A	Icons_Items.lsx	Public\Shared\Assets\Textures\Icons\Icons_Items.dds	576	1088	63	63
Item_CONS_FOOD_Vegetable_Carrot_A	Icons_Items.lsx	Public\Shared\Assets\Textures\Icons\Icons_Items.dds	1024	512	63	63
Item_CONS_FOOD_Vegetable_Lettuce_A	Icons_Items.lsx	Public\Shared\Assets\Textures\Icons\Icons_Items.dds	512	512	63	63
Item_CONS_FOOD_Vegetable_Onion_A	Icons_Items.lsx	Public\Shared\Assets\Textures\Icons\Icons_Items.dds	960	512	63	63
Item_CONS_FOOD_Vegetable_Pepper_A	Icons_Items.lsx	Public\Shared\Assets\Textures\Icons\Icons_Items.dds	832	512	63	63
Item_CONS_FOOD_Vegetable_Potato_A	Icons_Items.lsx	Public\Shared\Assets\Textures\Icons\Icons_Items.dds	896	512	63	63
Item_CONS_FOOD_Vegetable_Pumpkin_A	Icons_Items.lsx	Public\Shared\Assets\Textures\Icons\Icons_Items.dds	768	512	63	63
Item_CONS_FOOD_Vegetable_SweetPotato_A	Icons_Items.lsx	Public\Shared\Assets\Textures\Icons\Icons_Items.dds	1856	1024	63	63
Item_CONS_FOOD_Vegetable_Tomato_A	Icons_Items.lsx	Public\Shared\Assets\Textures\Icons\Icons_Items.dds	704	512	63	63
Item_CONS_FOOD_Vegetable_Turnip_A	Icons_Items.lsx	Public\Shared\Assets\Textures\Icons\Icons_Items.dds	1728	1024	63	63
Item_CONS_FOOD_Vegetable_Zucchini_A	Icons_Items.lsx	Public\Shared\Assets\Textures\Icons\Icons_Items.dds	1344	320	63	63
Item_CONS_Food_Meat_Grilled_A	Icons_Items.lsx	Public\Shared\Assets\Textures\Icons\Icons_Items.dds	1664	896	63	63
Item_CONS_Food_Meat_Grilled_B	Icons_Items.lsx	Public\Shared\Assets\Textures\Icons\Icons_Items.dds	1728	896	63	63
Item_CONS_Food_Meat_Grilled_C	Icons_Items.lsx	Public\Shared\Assets\Textures\Icons\Icons_Items.dds	1600	896	63	63
Item_CONS_Food_Roasted_Pig_A	Icons_Items.lsx	Public\Shared\Assets\Textures\Icons\Icons_Items.dds	1472	1728	63	63
Item_CONS_Food_SalmonPie_A	Icons_Items.lsx	Public\Shared\Assets\Textures\Icons\Icons_Items.dds	704	896	63	63
Item_CONS_Food_Tomato_Soup_A	Icons_Items.lsx	Public\Shared\Assets\Textures\Icons\Icons_Items.dds	320	768	63	63
Item_CONS_Fungi_Mushroom_Agaric_B	Icons_Items.lsx	Public\Shared\Assets\Textures\Icons\Icons_Items.dds	640	512	63	63
Item_CONS_GEN_Drink_Cup_Metal_A_Empty	Icons_Items.lsx	Public\Shared\Assets\Textures\Icons\Icons_Items.dds	576	896	63	63
Item_CONS_GEN_Drink_Mug_Metal_A_Empty	Icons_Items.lsx	Public\Shared\Assets\Textures\Icons\Icons_Items.dds	448	1088	63	63
Item_CONS_GEN_FOOD_Vegetable_Potato_A_Boiled	Icons_Items.lsx	Public\Shared\Assets\Textures\Icons\Icons_Items.dds	576	512	63	63
Item_CONS_GEN_Food_Bowl_Soup_Mushroom_Rich_A	Icons_Items.lsx	Public\Shared\Assets\Textures\Icons\Icons_Items.dds	256	1472	63	63
Item_CONS_GEN_Food_Bowl_Soup_Peas_Rich_A	Icons_Items.lsx	Public\Shared\Assets\Textures\Icons\Icons_Items.dds	320	1472	63	63
Item_CONS_GEN_Food_Bowl_Soup_Shrimp_A	Icons_Items.lsx	Public\Shared\Assets\Textures\Icons\Icons_Items.dds	193	1472	63	63
Item_CONS_GEN_Food_Bread_Bagel_A	Icons_Items.lsx	Public\Shared\Assets\Textures\Icons\Icons_Items.dds	1280	576	63	63
Item_CONS_GEN_Food_Bread_Baguette_A	Icons_Items.lsx	Public\Shared\Assets\Textures\Icons\Icons_Items.dds	448	512	63	63
Item_CONS_GEN_Food_Bread_Bun_A	Icons_Items.lsx	Public\Shared\Assets\Textures\Icons\Icons_Items.dds	384	512	63	63
Item_CONS_GEN_Food_Bread_Loaf_A	Icons_Items.lsx	Public\Shared\Assets\Textures\Icons\Icons_Items.dds	320	512	63	63
Item_CONS_GEN_Food_Cheese_A	Icons_Items.lsx	Public\Shared\Assets\Textures\Icons\Icons_Items.dds	256	512	63	63
Item_CONS_GEN_Food_Cheese_Goat_Piece_B	Icons_Items.lsx	Public\Shared\Assets\Textures\Icons\Icons_Items.dds	1536	1408	63	63
Item_CONS_GEN_Food_Cheese_Goat_Wheel_A	Icons_Items.lsx	Public\Shared\Assets\Textures\Icons\Icons_Items.dds	1472	1408	63	63
Item_CONS_GEN_Food_Cheese_Piece_A	Icons_Items.lsx	Public\Shared\Assets\Textures\Icons\Icons_Items.dds	193	512	63	63
Item_CONS_GEN_Food_Chicken_Hanging_A	Icons_Items.lsx	Public\Shared\Assets\Textures\Icons\Icons_Items.dds	1536	1728	63	63
Item_CONS_GEN_Food_Dinner_A	Icons_Items.lsx	Public\Shared\Assets\Textures\Icons\Icons_Items.dds	1152	896	63	63
Item_CONS_GEN_Food_Egg_A	Icons_Items.lsx	Public\Shared\Assets\Textures\Icons\Icons_Items.dds	129	512	63	63
Item_CONS_GEN_Food_Eggs_A_Rotten	Icons_Items.lsx	Public\Shared\Assets\Textures\Icons\Icons_Items.dds	65	512	63	63
Item_CONS_GEN_Food_Fish_A	Icons_Items.lsx	Public\Shared\Assets\Textures\Icons\Icons_Items.dds	1600	512	63	63
Item_CONS_GEN_Food_Fish_A_Gutted	Icons_Items.lsx	Public\Shared\Assets\Textures\Icons\Icons_Items.dds	1536	512	63	63
Item_CONS_GEN_Food_Fish_A_Spoiled	Icons_Items.lsx	Public\Shared\Assets\Textures\Icons\Icons_Items.dds	1472	512	63	63
Item_CONS_GEN_Food_Fries_A	Icons_Items.lsx	Public\Shared\Assets\Textures\Icons\Icons_Items.dds	129	768	63	63
Item_CONS_GEN_Food_GoatMeat_A	Icons_Items.lsx	Public\Shared\Assets\Textures\Icons\Icons_Items.dds	1600	1728	63	63
Item_CONS_GEN_Food_MashedPotato_A	Icons_Items.lsx	Public\Shared\Assets\Textures\Icons\Icons_Items.dds	65	768	63	63
Item_CONS_GEN_Food_MashedPotato_A_Spill	Icons_Items.lsx	Public\Shared\Assets\Textures\Icons\Icons_Items.dds	0	768	63	63
Item_CONS_GEN_Food_Meat_PorkHead_A	Icons_Items.lsx	Public\Shared\Assets\Textures\Icons\Icons_Items.dds	1408	896	63	63
Item_CONS_GEN_Food_Meat_PorkHead_B	Icons_Items.lsx	Public\Shared\Assets\Textures\Icons\Icons_Items.dds	1344	896	63	63
Item_CONS_GEN_Food_Meat_PorkPiece_A	Icons_Items.lsx	Public\Shared\Assets\Textures\Icons\Icons_Items.dds	1728	1152	63	63
Item_CONS_GEN_Food_Meat_PorkPiece_B	Icons_Items.lsx	Public\Shared\Assets\Textures\Icons\Icons_Items.dds	1792	1152	63	63
Item_CONS_GEN_Food_Meat_PorkPiece_C	Icons_Items.lsx	Public\Shared\Assets\Textures\Icons\Icons_Items.dds	1664	1152	63	63
Item_CONS_GEN_Food_Meat_PorkPiece_D	Icons_Items.lsx	Public\Shared\Assets\Textures\Icons\Icons_Items.dds	1600	1152	63	63
Item_CONS_GEN_Food_Meat_Sausage_A_Individual_A	Icons_Items.lsx	Public\Shared\Assets\Textures\Icons\Icons_Items.dds	65	1088	63	63
Item_CONS_GEN_Food_Meat_Sausage_A_Individual_B	Icons_Items.lsx	Public\Shared\Assets\Textures\Icons\Icons_Items.dds	0	1088	63	63
Item_CONS_GEN_Food_Meat_Sausage_A_Piled_A	Icons_Items.lsx	Public\Shared\Assets\Textures\Icons\Icons_Items.dds	1920	768	63	63
Item_CONS_GEN_Food_Meat_Sausage_B_Individual_A	Icons_Items.lsx	Public\Shared\Assets\Textures\Icons\Icons_Items.dds	1408	320	63	63
Item_CONS_GEN_Food_Meat_Sausage_B_Rope_A	Icons_Items.lsx	Public\Shared\Assets\Textures\Icons\Icons_Items.dds	1920	1024	63	63
Item_CONS_GEN_Food_Meat_Sausage_C	Icons_Items.lsx	Public\Shared\Assets\Textures\Icons\Icons_Items.dds	1984	1024	63	63
Item_CONS_GEN_Food_PaleMint_A	Icons_Items.lsx	Public\Shared\Assets\Textures\Icons\Icons_Items.dds	1664	1728	63	63
Item_CONS_GEN_Food_Pastrie_Tart_A	Icons_Items.lsx	Public\Shared\Assets\Textures\Icons\Icons_Items.dds	1408	1536	63	63
Item_CONS_GEN_Food_Pastry_Bread_Braided_A	Icons_Items.lsx	Public\Shared\Assets\Textures\Icons\Icons_Items.dds	832	1536	63	63
Item_CONS_GEN_Food_Pastry_Roll_A	Icons_Items.lsx	Public\Shared\Assets\Textures\Icons\Icons_Items.dds	576	1536	63	63
Item_CONS_GEN_Food_Pizza_A	Icons_Items.lsx	Public\Shared\Assets\Textures\Icons\Icons_Items.dds	1152	384	63	63
Item_CONS_GEN_Food_Plate_A	Icons_Items.lsx	Public\Shared\Assets\Textures\Icons\Icons_Items.dds	384	896	63	63
Item_CONS_GEN_Food_Porridge_A_Fruits	Icons_Items.lsx	Public\Shared\Assets\Textures\Icons\Icons_Items.dds	1216	896	63	63
Item_CONS_GEN_Food_Porridge_A_Potatoes	Icons_Items.lsx	Public\Shared\Assets\Textures\Icons\Icons_Items.dds	1280	896	63	63
Item_CONS_GEN_Food_Poutine_A	Icons_Items.lsx	Public\Shared\Assets\Textures\Icons\Icons_Items.dds	256	832	63	63
Item_CONS_GEN_Food_Soup_A_Pumpkin	Icons_Items.lsx	Public\Shared\Assets\Textures\Icons\Icons_Items.dds	320	960	63	63
Item_CONS_GEN_Food_Stew_A	Icons_Items.lsx	Public\Shared\Assets\Textures\Icons\Icons_Items.dds	256	768	63	63
Item_CONS_GEN_Food_Stew_B	Icons_Items.lsx	Public\Shared\Assets\Textures\Icons\Icons_Items.dds	193	768	63	63
Item_CONS_GEN_Food_Tart_Treacle_A	Icons_Items.lsx	Public\Shared\Assets\Textures\Icons\Icons_Items.dds	65	576	63	63
Item_CONS_GEN_Food_Tart_Treacle_A_Spoiled_A	Icons_Items.lsx	Public\Shared\Assets\Textures\Icons\Icons_Items.dds	1088	1920	63	63
Item_CONS_GEN_Food_Turkey_A	Icons_Items.lsx	Public\Shared\Assets\Textures\Icons\Icons_Items.dds	1408	1408	63	63
Item_CONS_Hag_Lost_Time	Icons_Items.lsx	Public\Shared\Assets\Textures\Icons\Icons_Items.dds	1664	640	63	63
Item_CONS_Herbs_Autumncrocus_Bundle_A	Icons_Items.lsx	Public\Shared\Assets\Textures\Icons\Icons_Items.dds	1792	1472	63	63
Item_CONS_Herbs_Balsam_Bundle_A	Icons_Items.lsx	Public\Shared\Assets\Textures\Icons\Icons_Items.dds	1856	1472	63	63
Item_CONS_Herbs_Belladonna_Bundle_A	Icons_Items.lsx	Public\Shared\Assets\Textures\Icons\Icons_Items.dds	1920	1472	63	63
Item_CONS_Herbs_Daggeroot_Bundle_A	Icons_Items.lsx	Public\Shared\Assets\Textures\Icons\Icons_Items.dds	1984	1472	63	63
Item_CONS_Herbs_Mergrass_Bundle_A	Icons_Items.lsx	Public\Shared\Assets\Textures\Icons\Icons_Items.dds	0	1536	63	63
Item_CONS_Herbs_Mugwort_Bundle_A	Icons_Items.lsx	Public\Shared\Assets\Textures\Icons\Icons_Items.dds	65	1536	63	63
Item_CONS_Herbs_Weavemoss_Bundle_A	Icons_Items.lsx	Public\Shared\Assets\Textures\Icons\Icons_Items.dds	129	1536	63	63
Item_CONS_Herbs_Wispweed_Bundle_A	Icons_Items.lsx	Public\Shared\Assets\Textures\Icons\Icons_Items.dds	193	1536	63	63
Item_CONS_Oil_Of_Sharpness	Icons_Items.lsx	Public\Shared\Assets\Textures\Icons\Icons_Items.dds	1216	1728	63	63
Item_CONS_Oil_Of_The_Basilisk	Icons_Items.lsx	Public\Shared\Assets\Textures\Icons\Icons_Items.dds	1216	960	63	63
Item_CONS_Poison_Basic	Icons_Items.lsx	Public\Shared\Assets\Textures\Icons\Icons_Items.dds	1408	512	63	63
Item_CONS_Poison_Wyvern	Icons_Items.lsx	Public\Shared\Assets\Textures\Icons\Icons_Items.dds	1280	1728	63	63
Item_CONS_Potion_Acid_Resistance	Icons_Items.lsx	Public\Shared\Assets\Textures\Icons\Icons_Items.dds	1280	129	63	63
Item_CONS_Potion_Antitoxin	Icons_Items.lsx	Public\Shared\Assets\Textures\Icons\Icons_Items.dds	1728	129	63	63
Item_CONS_Potion_Cold_Resistance	Icons_Items.lsx	Public\Shared\Assets\Textures\Icons\Icons_Items.dds	1216	129	63	63
Item_CONS_Potion_Fire_Resistance	Icons_Items.lsx	Public\Shared\Assets\Textures\Icons\Icons_Items.dds	1152	129	63	63
Item_CONS_Potion_Force_Resistance	Icons_Items.lsx	Public\Shared\Assets\Textures\Icons\Icons_Items.dds	1088	129	63	63
Item_CONS_Potion_Gaesous_Form_A	Icons_Items.lsx	Public\Shared\Assets\Textures\Icons\Icons_Items.dds	1664	768	63	63
Item_CONS_Potion_Healing_A	Icons_Items.lsx	Public\Shared\Assets\Textures\Icons\Icons_Items.dds	576	1	63	63
Item_CONS_Potion_Healing_A_Greater	Icons_Items.lsx	Public\Shared\Assets\Textures\Icons\Icons_Items.dds	640	1	63	63
Item_CONS_Potion_Healing_A_Superior	Icons_Items.lsx	Public\Shared\Assets\Textures\Icons\Icons_Items.dds	704	1	63	63
Item_CONS_Potion_Healing_A_Supreme	Icons_Items.lsx	Public\Shared\Assets\Textures\Icons\Icons_Items.dds	768	1	63	63
Item_CONS_Potion_Invisible_A	Icons_Items.lsx	Public\Shared\Assets\Textures\Icons\Icons_Items.dds	1856	129	63	63
Item_CONS_Potion_Invulnerability	Icons_Items.lsx	Public\Shared\Assets\Textures\Icons\Icons_Items.dds	1408	129	63	63
Item_CONS_Potion_Lightning_Resistance	Icons_Items.lsx	Public\Shared\Assets\Textures\Icons\Icons_Items.dds	960	129	63	63
Item_CONS_Potion_Necrotic_Resistance	Icons_Items.lsx	Public\Shared\Assets\Textures\Icons\Icons_Items.dds	1024	129	63	63
Item_CONS_Potion_Of_Animal_Speaking	Icons_Items.lsx	Public\Shared\Assets\Textures\Icons\Icons_Items.dds	1536	129	63	63
Item_CONS_Potion_Of_Fire_Breath	Icons_Items.lsx	Public\Shared\Assets\Textures\Icons\Icons_Items.dds	960	704	63	63
Item_CONS_Potion_Poison_Resistance	Icons_Items.lsx	Public\Shared\Assets\Textures\Icons\Icons_Items.dds	896	129	63	63
Item_CONS_Potion_Psychic_Resistance	Icons_Items.lsx	Public\Shared\Assets\Textures\Icons\Icons_Items.dds	768	129	63	63
Item_CONS_Potion_Radiant_Resistance	Icons_Items.lsx	Public\Shared\Assets\Textures\Icons\Icons_Items.dds	832	129	63	63
Item_CONS_Potion_Rare_A	Icons_Items.lsx	Public\Shared\Assets\Textures\Icons\Icons_Items.dds	1472	320	63	63
Item_CONS_Potion_Rare_A_Bronze	Icons_Items.lsx	Public\Shared\Assets\Textures\Icons\Icons_Items.dds	1536	320	63	63
Item_CONS_Potion_Resistance	Icons_Items.lsx	Public\Shared\Assets\Textures\Icons\Icons_Items.dds	1344	129	63	63
Item_CONS_Potion_Shrinking	Icons_Items.lsx	Public\Shared\Assets\Textures\Icons\Icons_Items.dds	1152	1728	63	63
Item_CONS_Potion_Sleep_A	Icons_Items.lsx	Public\Shared\Assets\Textures\Icons\Icons_Items.dds	1792	129	63	63
Item_CONS_Potion_Speed	Icons_Items.lsx	Public\Shared\Assets\Textures\Icons\Icons_Items.dds	1472	129	63	63
Item_CONS_Potion_Thunder_Resistance	Icons_Items.lsx	Public\Shared\Assets\Textures\Icons\Icons_Items.dds	704	129	63	63
Item_CONS_Potion_Tribal_A_Greater	Icons_Items.lsx	Public\Shared\Assets\Textures\Icons\Icons_Items.dds	832	1	63	63
Item_CONS_Potion_Tribal_A_Small	Icons_Items.lsx	Public\Shared\Assets\Textures\Icons\Icons_Items.dds	896	1	63	63
Item_CONS_Potion_Tribal_A_Superior	Icons_Items.lsx	Public\Shared\Assets\Textures\Icons\Icons_Items.dds	960	1	63	63
Item_CONS_Potion_Tribal_A_Supreme	Icons_Items.lsx	Public\Shared\Assets\Textures\Icons\Icons_Items.dds	1024	1	63	63
Item_CONS_Potion_Vitality	Icons_Items.lsx	Public\Shared\Assets\Textures\Icons\Icons_Items.dds	1600	129	63	63
Item_CONS_Scroll_SpeakWithDead	Icons_Items.lsx	Public\Shared\Assets\Textures\Icons\Icons_Items.dds	129	193	63	63
Item_CONT_Barrel_A	Icons_Items.lsx	Public\Shared\Assets\Textures\Icons\Icons_Items.dds	1344	65	63	63
Item_CONT_Barrel_Acid_A	Icons_Items.lsx	Public\Shared\Assets\Textures\Icons\Icons_Items.dds	1024	384	63	63
Item_CONT_Barrel_Alcohol_A	Icons_Items.lsx	Public\Shared\Assets\Textures\Icons\Icons_Items.dds	1152	512	63	63
Item_CONT_Barrel_D	Icons_Items.lsx	Public\Shared\Assets\Textures\Icons\Icons_Items.dds	384	960	63	63
Item_CONT_Barrel_Oil_A	Icons_Items.lsx	Public\Shared\Assets\Textures\Icons\Icons_Items.dds	960	384	63	63
Item_CONT_Barrel_Smokepowder_A	Icons_Items.lsx	Public\Shared\Assets\Textures\Icons\Icons_Items.dds	1216	512	63	63
Item_CONT_Barrel_Water_A	Icons_Items.lsx	Public\Shared\Assets\Textures\Icons\Icons_Items.dds	896	384	63	63
Item_CONT_Egg_Owlbear_A	Icons_Items.lsx	Public\Shared\Assets\Textures\Icons\Icons_Items.dds	1664	1472	63	63
Item_CONT_GEN_Chest_Common_A	Icons_Items.lsx	Public\Shared\Assets\Textures\Icons\Icons_Items.dds	1472	896	63	63
Item_CONT_GEN_Chest_Rich_B	Icons_Items.lsx	Public\Shared\Assets\Textures\Icons\Icons_Items.dds	1216	1344	63	63
Item_CONT_GEN_Chest_Travel_A_Small_A	Icons_Items.lsx	Public\Shared\Assets\Textures\Icons\Icons_Items.dds	1216	1216	63	63
Item_CONT_GEN_Crate_Wood_A	Icons_Items.lsx	Public\Shared\Assets\Textures\Icons\Icons_Items.dds	1408	65	63	63
Item_CONT_GEN_Crate_Wood_B	Icons_Items.lsx	Public\Shared\Assets\Textures\Icons\Icons_Items.dds	1280	65	63	63
Item_CONT_GEN_Crate_Wood_C	Icons_Items.lsx	Public\Shared\Assets\Textures\Icons\Icons_Items.dds	1344	1536	63	63
Item_CONT_GEN_Pouch_Leather_A	Icons_Items.lsx	Public\Shared\Assets\Textures\Icons\Icons_Items.dds	65	1600	63	63
Item_CONT_Goblins_Chest_A	Icons_Items.lsx	Public\Shared\Assets\Textures\Icons\Icons_Items.dds	576	1216	63	63
Item_CONT_MF_Chest_A	Icons_Items.lsx	Public\Shared\Assets\Textures\Icons\Icons_Items.dds	1280	1216	63	63
Item_CONT_Spiders_Cocoon_A_Floor_B	Icons_Items.lsx	Public\Shared\Assets\Textures\Icons\Icons_Items.dds	1088	1536	63	63
Item_CRA_HermitCrab_RingOfIllusion	Icons_Items.lsx	Public\Shared\Assets\Textures\Icons\Icons_Items.dds	1472	640	63	63
Item_CRE_MAG_Githborn_Amulet	Icons_Items.lsx	Public\Shared\Assets\Textures\Icons\Icons_Items.dds	960	1984	63	63
Item_DEC_CEM_Coffin_Wood_Common_A	Icons_Items.lsx	Public\Shared\Assets\Textures\Icons\Icons_Items.dds	1664	1408	63	63
Item_DEC_CEM_Coffin_Wood_Common_B	Icons_Items.lsx	Public\Shared\Assets\Textures\Icons\Icons_Items.dds	1728	1728	63	63
Item_DEC_CEM_Coffin_Wood_Rich_A	Icons_Items.lsx	Public\Shared\Assets\Textures\Icons\Icons_Items.dds	1600	1408	63	63
Item_DEC_CEM_Coffin_Wood_Rich_B	Icons_Items.lsx	Public\Shared\Assets\Textures\Icons\Icons_Items.dds	1792	1728	63	63
Item_DEC_Druids_Tablet_Stone_A	Icons_Items.lsx	Public\Shared\Assets\Textures\Icons\Icons_Items.dds	1856	1728	63	63
Item_DEC_Dungeon_Skeleton_Ribcage_A	Icons_Items.lsx	Public\Shared\Assets\Textures\Icons\Icons_Items.dds	1920	1728	63	63
Item_DEC_Dungeon_Skeleton_Skull_A	Icons_Items.lsx	Public\Shared\Assets\Textures\Icons\Icons_Items.dds	320	896	63	63
Item_DEC_Dungeon_Skeleton_Skull_B	Icons_Items.lsx	Public\Shared\Assets\Textures\Icons\Icons_Items.dds	256	896	63	63
Item_DEC_Foundry_Steel_Watcher_Part_Left_Arm_F_Dynamic	Icons_Items.lsx	Public\Shared\Assets\Textures\Icons\Icons_Items.dds	896	1984	63	63
Item_DEC_GEN_Beholder_Trophy_A	Icons_Items.lsx	Public\Shared\Assets\Textures\Icons\Icons_Items.dds	1600	1984	63	63
Item_DEC_GEN_BoilingCauldron_Gruel_A	Icons_Items.lsx	Public\Shared\Assets\Textures\Icons\Icons_Items.dds	1984	1728	63	63
Item_DEC_GEN_BoilingCauldron_Gruel_A_Bad_A	Icons_Items.lsx	Public\Shared\Assets\Textures\Icons\Icons_Items.dds	0	1792	63	63
Item_DEC_GEN_BoilingCauldron_Stew_A	Icons_Items.lsx	Public\Shared\Assets\Textures\Icons\Icons_Items.dds	65	1792	63	63
Item_DEC_GEN_Cards_A	Icons_Items.lsx	Public\Shared\Assets\Textures\Icons\Icons_Items.dds	832	1984	63	63
Item_DEC_GEN_Clock_Rich_A	Icons_Items.lsx	Public\Shared\Assets\Textures\Icons\Icons_Items.dds	768	1984	63	63
Item_DEC_GEN_Crate_Wood_Open_A	Icons_Items.lsx	Public\Shared\Assets\Textures\Icons\Icons_Items.dds	1024	1472	63	63
Item_DEC_GEN_Fireworks_Rocket_A	Icons_Items.lsx	Public\Shared\Assets\Textures\Icons\Icons_Items.dds	704	1984	63	63
Item_DEC_GEN_Fireworks_Rocket_B	Icons_Items.lsx	Public\Shared\Assets\Textures\Icons\Icons_Items.dds	1984	1984	63	63
Item_DEC_GEN_Fireworks_Rocket_C	Icons_Items.lsx	Public\Shared\Assets\Textures\Icons\Icons_Items.dds	1920	1984	63	63
Item_DEC_GEN_Ink_Pot_Open_A	Icons_Items.lsx	Public\Shared\Assets\Textures\Icons\Icons_Items.dds	640	1728	63	63
Item_DEC_GEN_Ink_Pot_QuillAndPot_A	Icons_Items.lsx	Public\Shared\Assets\Textures\Icons\Icons_Items.dds	576	1728	63	63
Item_DEC_GEN_Ink_Pot_Quill_A	Icons_Items.lsx	Public\Shared\Assets\Textures\Icons\Icons_Items.dds	1664	1536	63	63
Item_DEC_GEN_KitchenInstrument_Bowl_A_Wood_A	Icons_Items.lsx	Public\Shared\Assets\Textures\Icons\Icons_Items.dds	1728	320	63	63
Item_DEC_GEN_KitchenInstrument_Cup_A_Porcelain_A	Icons_Items.lsx	Public\Shared\Assets\Textures\Icons\Icons_Items.dds	193	832	63	63
Item_DEC_GEN_KitchenInstrument_Cup_C_Metal_A	Icons_Items.lsx	Public\Shared\Assets\Textures\Icons\Icons_Items.dds	576	1792	63	63
Item_DEC_GEN_KitchenInstrument_Cup_C_Wood_A	Icons_Items.lsx	Public\Shared\Assets\Textures\Icons\Icons_Items.dds	129	832	63	63
Item_DEC_GEN_KitchenInstrument_Cup_D_Metal_A	Icons_Items.lsx	Public\Shared\Assets\Textures\Icons\Icons_Items.dds	640	1792	63	63
Item_DEC_GEN_KitchenInstrument_Cup_E_Metal_A	Icons_Items.lsx	Public\Shared\Assets\Textures\Icons\Icons_Items.dds	65	832	63	63
Item_DEC_GEN_KitchenInstrument_Horn_A_Bone_A	Icons_Items.lsx	Public\Shared\Assets\Textures\Icons\Icons_Items.dds	0	832	63	63
Item_DEC_GEN_KitchenInstrument_Ladle_A_Copper_A	Icons_Items.lsx	Public\Shared\Assets\Textures\Icons\Icons_Items.dds	1792	320	63	63
Item_DEC_GEN_KitchenInstrument_MeatFork_A_Metal_A	Icons_Items.lsx	Public\Shared\Assets\Textures\Icons\Icons_Items.dds	1792	768	63	63
Item_DEC_GEN_KitchenInstrument_Mortar_A_Stone_A	Icons_Items.lsx	Public\Shared\Assets\Textures\Icons\Icons_Items.dds	640	1536	63	63
Item_DEC_GEN_KitchenInstrument_Plate_A_Metal_A	Icons_Items.lsx	Public\Shared\Assets\Textures\Icons\Icons_Items.dds	129	896	63	63
Item_DEC_GEN_KitchenInstrument_Plate_B_Porcelain_A	Icons_Items.lsx	Public\Shared\Assets\Textures\Icons\Icons_Items.dds	1664	832	63	63
Item_DEC_GEN_KitchenInstrument_Scale_A_Copper_A	Icons_Items.lsx	Public\Shared\Assets\Textures\Icons\Icons_Items.dds	1920	1408	63	63
Item_DEC_GEN_KitchenInstrument_Shears_A_Metal_A	Icons_Items.lsx	Public\Shared\Assets\Textures\Icons\Icons_Items.dds	1792	1408	63	63
Item_DEC_GEN_KitchenInstrument_Spatula_A_Copper_A	Icons_Items.lsx	Public\Shared\Assets\Textures\Icons\Icons_Items.dds	1152	1536	63	63
Item_DEC_GEN_KitchenInstrument_Spoon_A_Wood_A	Icons_Items.lsx	Public\Shared\Assets\Textures\Icons\Icons_Items.dds	1536	1536	63	63
Item_DEC_GEN_KitchenInstrument_Strainer_A_Copper_A	Icons_Items.lsx	Public\Shared\Assets\Textures\Icons\Icons_Items.dds	1856	1408	63	63
Item_DEC_GEN_KitchenInstrument_Trivet_A_Cork_A	Icons_Items.lsx	Public\Shared\Assets\Textures\Icons\Icons_Items.dds	1984	1408	63	63
Item_DEC_GEN_Kitchen_Bucket_A	Icons_Items.lsx	Public\Shared\Assets\Textures\Icons\Icons_Items.dds	1216	1536	63	63
Item_DEC_GEN_Kitchen_Cutlery_Glass_Poor_A	Icons_Items.lsx	Public\Shared\Assets\Textures\Icons\Icons_Items.dds	193	576	63	63
Item_DEC_GEN_Kitchen_Cutlery_Plate_Poor_A	Icons_Items.lsx	Public\Shared\Assets\Textures\Icons\Icons_Items.dds	256	576	63	63
Item_DEC_GEN_Kitchen_CuttingBoard_A	Icons_Items.lsx	Public\Shared\Assets\Textures\Icons\Icons_Items.dds	1600	1536	63	63
Item_DEC_GEN_Kitchen_Pan_A	Icons_Items.lsx	Public\Shared\Assets\Textures\Icons\Icons_Items.dds	1600	832	63	63
Item_DEC_GEN_Kitchen_Pan_B	Icons_Items.lsx	Public\Shared\Assets\Textures\Icons\Icons_Items.dds	193	896	63	63
Item_DEC_GEN_Kitchen_Pot_A	Icons_Items.lsx	Public\Shared\Assets\Textures\Icons\Icons_Items.dds	129	1792	63	63
Item_DEC_GEN_Kitchen_Pot_Cauldron_A	Icons_Items.lsx	Public\Shared\Assets\Textures\Icons\Icons_Items.dds	65	896	63	63
Item_DEC_GEN_Kitchen_Pot_Cauldron_Covered_A	Icons_Items.lsx	Public\Shared\Assets\Textures\Icons\Icons_Items.dds	1984	832	63	63
Item_DEC_GEN_Kitchen_Pot_Cauldron_Covered_B	Icons_Items.lsx	Public\Shared\Assets\Textures\Icons\Icons_Items.dds	193	1792	63	63
Item_DEC_GEN_Kitchen_Pot_Cauldron_Covered_C	Icons_Items.lsx	Public\Shared\Assets\Textures\Icons\Icons_Items.dds	256	1792	63	63
Item_DEC_GEN_Kitchen_Pot_Cauldron_Lid_B	Icons_Items.lsx	Public\Shared\Assets\Textures\Icons\Icons_Items.dds	1600	320	63	63
Item_DEC_GEN_Kitchen_Pot_Covered_B	Icons_Items.lsx	Public\Shared\Assets\Textures\Icons\Icons_Items.dds	1728	768	63	63
Item_DEC_GEN_Kitchen_Pot_Drum_A	Icons_Items.lsx	Public\Shared\Assets\Textures\Icons\Icons_Items.dds	1536	1472	63	63
Item_DEC_GEN_Kitchen_Pot_Drum_Covered_A	Icons_Items.lsx	Public\Shared\Assets\Textures\Icons\Icons_Items.dds	320	1792	63	63
Item_DEC_GEN_Kitchen_Pot_Drum_Lid_A	Icons_Items.lsx	Public\Shared\Assets\Textures\Icons\Icons_Items.dds	384	1792	63	63
Item_DEC_GEN_Kitchen_Pot_Lid_A	Icons_Items.lsx	Public\Shared\Assets\Textures\Icons\Icons_Items.dds	1664	320	63	63
Item_DEC_GEN_Kitchen_Pot_MilkCan_A	Icons_Items.lsx	Public\Shared\Assets\Textures\Icons\Icons_Items.dds	1856	768	63	63
Item_DEC_GEN_Kitchen_Pot_MilkCan_B	Icons_Items.lsx	Public\Shared\Assets\Textures\Icons\Icons_Items.dds	1856	832	63	63
Item_DEC_GEN_Kitchen_Pot_MilkCan_Lid_A	Icons_Items.lsx	Public\Shared\Assets\Textures\Icons\Icons_Items.dds	448	1792	63	63
Item_DEC_GEN_Kitchen_Pot_MilkCan_Lid_B	Icons_Items.lsx	Public\Shared\Assets\Textures\Icons\Icons_Items.dds	512	1792	63	63
Item_DEC_GEN_Owlbear_Plush_Toy_A	Icons_Items.lsx	Public\Shared\Assets\Textures\Icons\Icons_Items.dds	1472	1984	63	63
Item_DEC_GEN_Spectator_Trophy_A	Icons_Items.lsx	Public\Shared\Assets\Textures\Icons\Icons_Items.dds	640	1984	63	63
Item_DEC_GTY_Eggs_Fetus_A_Shell_A	Icons_Items.lsx	Public\Shared\Assets\Textures\Icons\Icons_Items.dds	1280	1984	63	63
Item_DEC_GTY_Eggs_Fetus_A_Shell_A_Empty_A	Icons_Items.lsx	Public\Shared\Assets\Textures\Icons\Icons_Items.dds	1344	1984	63	63
Item_DEC_Goblins_Camp_DrumStick_A	Icons_Items.lsx	Public\Shared\Assets\Textures\Icons\Icons_Items.dds	1600	1472	63	63
Item_DEC_HAG_Mask_A	Icons_Items.lsx	Public\Shared\Assets\Textures\Icons\Icons_Items.dds	1152	1216	63	63
Item_DEC_HAG_Tea_Pot_A	Icons_Items.lsx	Public\Shared\Assets\Textures\Icons\Icons_Items.dds	512	1216	63	63
Item_DEC_HAG_Totem_Props_Bowl_A	Icons_Items.lsx	Public\Shared\Assets\Textures\Icons\Icons_Items.dds	704	1792	63	63
Item_DEC_HAG_Totem_Props_Dagger_A	Icons_Items.lsx	Public\Shared\Assets\Textures\Icons\Icons_Items.dds	1344	704	63	63
Item_DEC_HAR_Bucket_Empty_A	Icons_Items.lsx	Public\Shared\Assets\Textures\Icons\Icons_Items.dds	832	384	63	63
Item_DEC_HAR_Bucket_Fish_A	Icons_Items.lsx	Public\Shared\Assets\Textures\Icons\Icons_Items.dds	0	576	63	63
Item_DEC_HAR_Bucket_Water_A	Icons_Items.lsx	Public\Shared\Assets\Textures\Icons\Icons_Items.dds	768	384	63	63
Item_DEC_HAR_Fish_Big_A	Icons_Items.lsx	Public\Shared\Assets\Textures\Icons\Icons_Items.dds	768	1792	63	63
Item_DEC_HAR_Fish_Big_A_Headface_A	Icons_Items.lsx	Public\Shared\Assets\Textures\Icons\Icons_Items.dds	1280	1408	63	63
Item_DEC_HAR_Fish_Big_A_Headless_A	Icons_Items.lsx	Public\Shared\Assets\Textures\Icons\Icons_Items.dds	1088	1472	63	63
Item_DEC_HAR_Fish_Small_A	Icons_Items.lsx	Public\Shared\Assets\Textures\Icons\Icons_Items.dds	1408	1472	63	63
Item_DEC_HAR_Fish_Small_B	Icons_Items.lsx	Public\Shared\Assets\Textures\Icons\Icons_Items.dds	1344	1472	63	63
Item_DEC_HAR_Fish_Small_C	Icons_Items.lsx	Public\Shared\Assets\Textures\Icons\Icons_Items.dds	1280	1472	63	63
Item_DEC_HAR_Fish_Small_D	Icons_Items.lsx	Public\Shared\Assets\Textures\Icons\Icons_Items.dds	1216	1472	63	63
Item_DEC_HAR_Fish_Small_E	Icons_Items.lsx	Public\Shared\Assets\Textures\Icons\Icons_Items.dds	1152	1472	63	63
Item_DEC_HAR_Fish_Steak_A	Icons_Items.lsx	Public\Shared\Assets\Textures\Icons\Icons_Items.dds	129	960	63	63
Item_DEC_HAR_FishingRod_A	Icons_Items.lsx	Public\Shared\Assets\Textures\Icons\Icons_Items.dds	1088	448	63	63
Item_DEC_HAR_Pier_Rope_A	Icons_Items.lsx	Public\Shared\Assets\Textures\Icons\Icons_Items.dds	832	832	63	63
Item_DEC_Harbour_Shell_Conch_B	Icons_Items.lsx	Public\Shared\Assets\Textures\Icons\Icons_Items.dds	320	448	63	63
Item_DEC_Harbour_Shell_Conch_C	Icons_Items.lsx	Public\Shared\Assets\Textures\Icons\Icons_Items.dds	384	448	63	63
Item_DEC_Harbour_Shell_Starfish_A	Icons_Items.lsx	Public\Shared\Assets\Textures\Icons\Icons_Items.dds	1152	448	63	63
Item_DEC_Harbour_Shell_Venus_A	Icons_Items.lsx	Public\Shared\Assets\Textures\Icons\Icons_Items.dds	1024	448	63	63
Item_DEC_Underdark_WizardTower_Machinery_B	Icons_Items.lsx	Public\Shared\Assets\Textures\Icons\Icons_Items.dds	448	1920	63	63
Item_DEN_Apprentice_DaggerOfShar	Icons_Items.lsx	Public\Shared\Assets\Textures\Icons\Icons_Items.dds	65	704	63	63
Item_DEN_UNI_Thieflings_BadGruel	Icons_Items.lsx	Public\Shared\Assets\Textures\Icons\Icons_Items.dds	1664	1216	63	63
Item_DEN_UNI_Thieflings_Gruel	Icons_Items.lsx	Public\Shared\Assets\Textures\Icons\Icons_Items.dds	1600	1216	63	63
Item_DEN_UNI_Thieflings_StolenGoodsBag	Icons_Items.lsx	Public\Shared\Assets\Textures\Icons\Icons_Items.dds	1664	704	63	63
Item_DEN_VoloOperation_ErsatzEye	Icons_Items.lsx	Public\Shared\Assets\Textures\Icons\Icons_Items.dds	320	704	63	63
Item_DLC_TWITCH_Camp_Body	Icons_Items.lsx	Public\Shared\Assets\Textures\Icons\Icons_Items.dds	576	1984	63	63
Item_DLC_TWITCH_Camp_Shoes	Icons_Items.lsx	Public\Shared\Assets\Textures\Icons\Icons_Items.dds	512	1984	63	63
Item_DLC_TWITCH_Underwear_A	Icons_Items.lsx	Public\Shared\Assets\Textures\Icons\Icons_Items.dds	448	1984	63	63
Item_DLC_TWITCH_Underwear_B	Icons_Items.lsx	Public\Shared\Assets\Textures\Icons\Icons_Items.dds	384	1984	63	63
Item_EQ_ARM_NightWalkers	Icons_Items.lsx	Public\Shared\Assets\Textures\Icons\Icons_Items.dds	1472	1024	63	63
Item_EQ_HUM_M_ARM_BreastPlate_A_0_Body	Icons_Items.lsx	Public\Shared\Assets\Textures\Icons\Icons_Items.dds	1792	384	63	63
Item_EQ_HUM_M_ARM_BreastPlate_A_0_Footwear	Icons_Items.lsx	Public\Shared\Assets\Textures\Icons\Icons_Items.dds	1600	384	63	63
Item_EQ_HUM_M_ARM_BreastPlate_A_0_Gloves	Icons_Items.lsx	Public\Shared\Assets\Textures\Icons\Icons_Items.dds	1728	384	63	63
Item_EQ_HUM_M_ARM_BreastPlate_A_0_Headwear	Icons_Items.lsx	Public\Shared\Assets\Textures\Icons\Icons_Items.dds	1664	384	63	63
Item_FUR_GEN_Kitchen_Cup_Glass_A	Icons_Items.lsx	Public\Shared\Assets\Textures\Icons\Icons_Items.dds	1984	768	63	63
Item_FUR_GEN_Kitchen_Cup_Glass_B	Icons_Items.lsx	Public\Shared\Assets\Textures\Icons\Icons_Items.dds	1856	320	63	63
Item_FUR_GEN_Painting_A_PlainCanvas	Icons_Items.lsx	Public\Shared\Assets\Textures\Icons\Icons_Items.dds	320	832	63	63
Item_FUR_GEN_Painting_Landscape_A	Icons_Items.lsx	Public\Shared\Assets\Textures\Icons\Icons_Items.dds	960	1472	63	63
Item_FUR_GEN_Painting_Landscape_B	Icons_Items.lsx	Public\Shared\Assets\Textures\Icons\Icons_Items.dds	896	1472	63	63
Item_FUR_GEN_Painting_Landscape_C	Icons_Items.lsx	Public\Shared\Assets\Textures\Icons\Icons_Items.dds	832	1472	63	63
Item_FUR_GEN_Painting_Landscape_D	Icons_Items.lsx	Public\Shared\Assets\Textures\Icons\Icons_Items.dds	768	1472	63	63
Item_FUR_GEN_Painting_Landscape_E	Icons_Items.lsx	Public\Shared\Assets\Textures\Icons\Icons_Items.dds	704	1472	63	63
Item_FUR_GEN_Painting_Landscape_F	Icons_Items.lsx	Public\Shared\Assets\Textures\Icons\Icons_Items.dds	640	1472	63	63
Item_FUR_GEN_Painting_Landscape_G	Icons_Items.lsx	Public\Shared\Assets\Textures\Icons\Icons_Items.dds	576	1472	63	63
Item_FUR_GEN_Painting_Landscape_H	Icons_Items.lsx	Public\Shared\Assets\Textures\Icons\Icons_Items.dds	512	1472	63	63
Item_FUR_GEN_Painting_Landscape_I	Icons_Items.lsx	Public\Shared\Assets\Textures\Icons\Icons_Items.dds	448	1472	63	63
Item_FUR_GEN_Painting_Landscape_J	Icons_Items.lsx	Public\Shared\Assets\Textures\Icons\Icons_Items.dds	384	1472	63	63
Item_FUR_GEN_Painting_Portrait_A	Icons_Items.lsx	Public\Shared\Assets\Textures\Icons\Icons_Items.dds	1856	1088	63	63
Item_FUR_GEN_Painting_Portrait_B	Icons_Items.lsx	Public\Shared\Assets\Textures\Icons\Icons_Items.dds	1792	1088	63	63
Item_FUR_GEN_Painting_Portrait_C	Icons_Items.lsx	Public\Shared\Assets\Textures\Icons\Icons_Items.dds	1280	1664	63	63
Item_FUR_GEN_Painting_Portrait_D	Icons_Items.lsx	Public\Shared\Assets\Textures\Icons\Icons_Items.dds	1216	1664	63	63
Item_FUR_GEN_Painting_Portrait_E	Icons_Items.lsx	Public\Shared\Assets\Textures\Icons\Icons_Items.dds	1152	1664	63	63
Item_FUR_GEN_Painting_Portrait_F	Icons_Items.lsx	Public\Shared\Assets\Textures\Icons\Icons_Items.dds	1088	1664	63	63
Item_FUR_GEN_Painting_Portrait_G	Icons_Items.lsx	Public\Shared\Assets\Textures\Icons\Icons_Items.dds	1024	1664	63	63
Item_FUR_GEN_Painting_Portrait_H	Icons_Items.lsx	Public\Shared\Assets\Textures\Icons\Icons_Items.dds	960	1664	63	63
Item_FUR_GEN_Painting_Portrait_I	Icons_Items.lsx	Public\Shared\Assets\Textures\Icons\Icons_Items.dds	896	1664	63	63
Item_FUR_GEN_Painting_Portrait_J	Icons_Items.lsx	Public\Shared\Assets\Textures\Icons\Icons_Items.dds	832	1664	63	63
Item_FUR_GEN_Painting_Portrait_K	Icons_Items.lsx	Public\Shared\Assets\Textures\Icons\Icons_Items.dds	768	1664	63	63
Item_FUR_GEN_Painting_Portrait_L	Icons_Items.lsx	Public\Shared\Assets\Textures\Icons\Icons_Items.dds	704	1664	63	63
Item_FUR_GEN_Painting_Portrait_M	Icons_Items.lsx	Public\Shared\Assets\Textures\Icons\Icons_Items.dds	640	1664	63	63
Item_FUR_GEN_Painting_Portrait_N	Icons_Items.lsx	Public\Shared\Assets\Textures\Icons\Icons_Items.dds	576	1664	63	63
Item_FUR_GEN_Painting_Portrait_O	Icons_Items.lsx	Public\Shared\Assets\Textures\Icons\Icons_Items.dds	512	1664	63	63
Item_FUR_GEN_Painting_Portrait_P	Icons_Items.lsx	Public\Shared\Assets\Textures\Icons\Icons_Items.dds	448	1664	63	63
Item_FUR_GEN_Painting_Portrait_Q	Icons_Items.lsx	Public\Shared\Assets\Textures\Icons\Icons_Items.dds	384	1664	63	63
Item_FUR_GEN_Painting_Portrait_R	Icons_Items.lsx	Public\Shared\Assets\Textures\Icons\Icons_Items.dds	320	1664	63	63
Item_GOB_DrowCommander_Mace	Icons_Items.lsx	Public\Shared\Assets\Textures\Icons\Icons_Items.dds	256	704	63	63
Item_GOB_GoblinKing_Warhammer	Icons_Items.lsx	Public\Shared\Assets\Textures\Icons\Icons_Items.dds	1408	640	63	63
Item_GRN_AcidBottle_A	Icons_Items.lsx	Public\Shared\Assets\Textures\Icons\Icons_Items.dds	65	193	63	63
Item_GRN_Alchemy_Device_B	Icons_Items.lsx	Public\Shared\Assets\Textures\Icons\Icons_Items.dds	768	1920	63	63
Item_GRN_BallBearings_A	Icons_Items.lsx	Public\Shared\Assets\Textures\Icons\Icons_Items.dds	129	576	63	63
Item_GRN_Bomb_A	Icons_Items.lsx	Public\Shared\Assets\Textures\Icons\Icons_Items.dds	1984	129	63	63
Item_GRN_FireFlask_A	Icons_Items.lsx	Public\Shared\Assets\Textures\Icons\Icons_Items.dds	0	193	63	63
Item_GRN_GreaseBottle_A	Icons_Items.lsx	Public\Shared\Assets\Textures\Icons\Icons_Items.dds	640	129	63	63
Item_GRN_Poison_vial_A	Icons_Items.lsx	Public\Shared\Assets\Textures\Icons\Icons_Items.dds	1152	576	63	63
Item_GRN_Poison_vial_B	Icons_Items.lsx	Public\Shared\Assets\Textures\Icons\Icons_Items.dds	1088	576	63	63
Item_GRN_Poison_vial_C	Icons_Items.lsx	Public\Shared\Assets\Textures\Icons\Icons_Items.dds	1920	129	63	63
Item_GRN_Poison_vial_D_Sheathe	Icons_Items.lsx	Public\Shared\Assets\Textures\Icons\Icons_Items.dds	1024	576	63	63
Item_HAG_HagLair_EyeballNecklace	Icons_Items.lsx	Public\Shared\Assets\Textures\Icons\Icons_Items.dds	1728	1536	63	63
Item_HAG_HagsRing	Icons_Items.lsx	Public\Shared\Assets\Textures\Icons\Icons_Items.dds	1280	704	63	63
Item_Headband of Intellect	Icons_Items.lsx	Public\Shared\Assets\Textures\Icons\Icons_Items.dds	448	704	63	63
Item_INGR_Seashell_Conch_A	Icons_Items.lsx	Public\Shared\Assets\Textures\Icons\Icons_Items.dds	448	448	63	63
Item_Item_TOOL_GEN_Pitchfork_A	Icons_Items.lsx	Public\Shared\Assets\Textures\Icons\Icons_Items.dds	768	1088	63	63
Item_LAB_GEN_Bottle_A	Icons_Items.lsx	Public\Shared\Assets\Textures\Icons\Icons_Items.dds	65	1472	63	63
Item_LAB_GEN_Bottle_B	Icons_Items.lsx	Public\Shared\Assets\Textures\Icons\Icons_Items.dds	1472	1536	63	63
Item_LAB_GEN_Bottle_C	Icons_Items.lsx	Public\Shared\Assets\Textures\Icons\Icons_Items.dds	129	1472	63	63
Item_LAB_GEN_Bottle_D	Icons_Items.lsx	Public\Shared\Assets\Textures\Icons\Icons_Items.dds	1024	1536	63	63
Item_LAB_GEN_Bottle_E	Icons_Items.lsx	Public\Shared\Assets\Textures\Icons\Icons_Items.dds	960	1536	63	63
Item_LOOT_Alchemy_Miscellaneous_MortarPestle_Generic_A	Icons_Items.lsx	Public\Shared\Assets\Textures\Icons\Icons_Items.dds	704	1536	63	63
Item_LOOT_Alchemy_Miscellaneous_MortarPestle_Rich_A	Icons_Items.lsx	Public\Shared\Assets\Textures\Icons\Icons_Items.dds	768	1536	63	63
Item_LOOT_Bag_Blackpowder	Icons_Items.lsx	Public\Shared\Assets\Textures\Icons\Icons_Items.dds	1792	1024	63	63
Item_LOOT_Bag_Smokepowder	Icons_Items.lsx	Public\Shared\Assets\Textures\Icons\Icons_Items.dds	1536	1216	63	63
Item_LOOT_Belt_001	Icons_Items.lsx	Public\Shared\Assets\Textures\Icons\Icons_Items.dds	1152	1408	63	63
Item_LOOT_Belt_001_1	Icons_Items.lsx	Public\Shared\Assets\Textures\Icons\Icons_Items.dds	1088	1408	63	63
Item_LOOT_COINS_Copper_Pile_Single_A	Icons_Items.lsx	Public\Shared\Assets\Textures\Icons\Icons_Items.dds	1088	65	63	63
Item_LOOT_COINS_Copper_Pile_Small_A	Icons_Items.lsx	Public\Shared\Assets\Textures\Icons\Icons_Items.dds	1024	65	63	63
Item_LOOT_COINS_Electrum_Pile_Single_A	Icons_Items.lsx	Public\Shared\Assets\Textures\Icons\Icons_Items.dds	960	65	63	63
Item_LOOT_COINS_Electrum_Pile_Small_A	Icons_Items.lsx	Public\Shared\Assets\Textures\Icons\Icons_Items.dds	640	65	63	63
Item_LOOT_COINS_Gold_Pile_Big_A	Icons_Items.lsx	Public\Shared\Assets\Textures\Icons\Icons_Items.dds	576	129	63	63
Item_LOOT_COINS_Gold_Pile_Medium_A	Icons_Items.lsx	Public\Shared\Assets\Textures\Icons\Icons_Items.dds	512	65	63	63
Item_LOOT_COINS_Gold_Pile_Single_A	Icons_Items.lsx	Public\Shared\Assets\Textures\Icons\Icons_Items.dds	1152	65	63	63
Item_LOOT_COINS_Gold_Pile_Small_A	Icons_Items.lsx	Public\Shared\Assets\Textures\Icons\Icons_Items.dds	1216	65	63	63
Item_LOOT_COINS_Platinum_Pile_Single_A	Icons_Items.lsx	Public\Shared\Assets\Textures\Icons\Icons_Items.dds	896	65	63	63
Item_LOOT_COINS_Platinum_Pile_Small_A	Icons_Items.lsx	Public\Shared\Assets\Textures\Icons\Icons_Items.dds	832	65	63	63
Item_LOOT_COINS_Silver_Pile_Single_A	Icons_Items.lsx	Public\Shared\Assets\Textures\Icons\Icons_Items.dds	768	65	63	63
Item_LOOT_COINS_Silver_Pile_Small_A	Icons_Items.lsx	Public\Shared\Assets\Textures\Icons\Icons_Items.dds	704	65	63	63
Item_LOOT_COINS_Silver_Pile_Small_B	Icons_Items.lsx	Public\Shared\Assets\Textures\Icons\Icons_Items.dds	832	1792	63	63
Item_LOOT_GEM_Agate_A	Icons_Items.lsx	Public\Shared\Assets\Textures\Icons\Icons_Items.dds	832	640	63	63
Item_LOOT_GEM_Amethyst_A	Icons_Items.lsx	Public\Shared\Assets\Textures\Icons\Icons_Items.dds	640	640	63	63
Item_LOOT_GEM_Bloodstone_A	Icons_Items.lsx	Public\Shared\Assets\Textures\Icons\Icons_Items.dds	704	640	63	63
Item_LOOT_GEM_Diamond_A	Icons_Items.lsx	Public\Shared\Assets\Textures\Icons\Icons_Items.dds	256	65	63	63
Item_LOOT_GEM_Diamond_A_Dark	Icons_Items.lsx	Public\Shared\Assets\Textures\Icons\Icons_Items.dds	320	65	63	63
Item_LOOT_GEM_Jacinth_A	Icons_Items.lsx	Public\Shared\Assets\Textures\Icons\Icons_Items.dds	320	640	63	63
Item_LOOT_GEM_Jade_A	Icons_Items.lsx	Public\Shared\Assets\Textures\Icons\Icons_Items.dds	896	640	63	63
Item_LOOT_GEM_Malachite_A	Icons_Items.lsx	Public\Shared\Assets\Textures\Icons\Icons_Items.dds	384	65	63	63
Item_LOOT_GEM_Onyx_A	Icons_Items.lsx	Public\Shared\Assets\Textures\Icons\Icons_Items.dds	768	640	63	63
Item_LOOT_GEM_Pearl_A	Icons_Items.lsx	Public\Shared\Assets\Textures\Icons\Icons_Items.dds	576	640	63	63
Item_LOOT_GEM_Peridot_A	Icons_Items.lsx	Public\Shared\Assets\Textures\Icons\Icons_Items.dds	448	640	63	63
Item_LOOT_GEM_Ruby_A	Icons_Items.lsx	Public\Shared\Assets\Textures\Icons\Icons_Items.dds	448	65	63	63
Item_LOOT_GEM_Sapphire_A	Icons_Items.lsx	Public\Shared\Assets\Textures\Icons\Icons_Items.dds	384	640	63	63
Item_LOOT_GEM_Topaz_A	Icons_Items.lsx	Public\Shared\Assets\Textures\Icons\Icons_Items.dds	512	640	63	63
Item_LOOT_GEN_Amulet_Absolute_A	Icons_Items.lsx	Public\Shared\Assets\Textures\Icons\Icons_Items.dds	0	1280	63	63
Item_LOOT_GEN_Amulet_Absolute_B	Icons_Items.lsx	Public\Shared\Assets\Textures\Icons\Icons_Items.dds	1984	1216	63	63
Item_LOOT_GEN_Amulet_Necklace_A_Bronze_A	Icons_Items.lsx	Public\Shared\Assets\Textures\Icons\Icons_Items.dds	256	1088	63	63
Item_LOOT_GEN_Amulet_Necklace_A_Bronze_A_1	Icons_Items.lsx	Public\Shared\Assets\Textures\Icons\Icons_Items.dds	193	1664	63	63
Item_LOOT_GEN_Amulet_Necklace_A_Gold_A	Icons_Items.lsx	Public\Shared\Assets\Textures\Icons\Icons_Items.dds	1920	1216	63	63
Item_LOOT_GEN_Amulet_Necklace_A_Gold_A_1	Icons_Items.lsx	Public\Shared\Assets\Textures\Icons\Icons_Items.dds	640	1600	63	63
Item_LOOT_GEN_Amulet_Necklace_A_Silver_A	Icons_Items.lsx	Public\Shared\Assets\Textures\Icons\Icons_Items.dds	193	1088	63	63
Item_LOOT_GEN_Amulet_Necklace_A_Silver_A_1	Icons_Items.lsx	Public\Shared\Assets\Textures\Icons\Icons_Items.dds	256	1664	63	63
Item_LOOT_GEN_Amulet_Necklace_B_Bronze_A	Icons_Items.lsx	Public\Shared\Assets\Textures\Icons\Icons_Items.dds	1856	1216	63	63
Item_LOOT_GEN_Amulet_Necklace_B_Bronze_A_1	Icons_Items.lsx	Public\Shared\Assets\Textures\Icons\Icons_Items.dds	512	1600	63	63
Item_LOOT_GEN_Amulet_Necklace_B_Copper	Icons_Items.lsx	Public\Shared\Assets\Textures\Icons\Icons_Items.dds	65	640	63	63
Item_LOOT_GEN_Amulet_Necklace_B_Gold	Icons_Items.lsx	Public\Shared\Assets\Textures\Icons\Icons_Items.dds	0	640	63	63
Item_LOOT_GEN_Amulet_Necklace_B_Gold_A	Icons_Items.lsx	Public\Shared\Assets\Textures\Icons\Icons_Items.dds	1792	1216	63	63
Item_LOOT_GEN_Amulet_Necklace_B_Gold_A_1	Icons_Items.lsx	Public\Shared\Assets\Textures\Icons\Icons_Items.dds	576	1600	63	63
Item_LOOT_GEN_Amulet_Necklace_B_Silver	Icons_Items.lsx	Public\Shared\Assets\Textures\Icons\Icons_Items.dds	1984	576	63	63
Item_LOOT_GEN_Amulet_Necklace_B_Silver_A	Icons_Items.lsx	Public\Shared\Assets\Textures\Icons\Icons_Items.dds	1728	1216	63	63
Item_LOOT_GEN_Amulet_Necklace_B_Silver_A_1	Icons_Items.lsx	Public\Shared\Assets\Textures\Icons\Icons_Items.dds	448	1600	63	63
Item_LOOT_GEN_Amulet_Necklace_C_Bronze_A	Icons_Items.lsx	Public\Shared\Assets\Textures\Icons\Icons_Items.dds	896	1792	63	63
Item_LOOT_GEN_Amulet_Necklace_C_Gold_A	Icons_Items.lsx	Public\Shared\Assets\Textures\Icons\Icons_Items.dds	960	1792	63	63
Item_LOOT_GEN_Amulet_Necklace_C_Silver_A	Icons_Items.lsx	Public\Shared\Assets\Textures\Icons\Icons_Items.dds	1024	1792	63	63
Item_LOOT_GEN_Amulet_Necklace_E_Pearl_A	Icons_Items.lsx	Public\Shared\Assets\Textures\Icons\Icons_Items.dds	1088	1792	63	63
Item_LOOT_GEN_Amulet_Necklace_E_Pearl_B	Icons_Items.lsx	Public\Shared\Assets\Textures\Icons\Icons_Items.dds	1152	1792	63	63
Item_LOOT_GEN_Amulet_Necklace_E_Pearl_C	Icons_Items.lsx	Public\Shared\Assets\Textures\Icons\Icons_Items.dds	1216	1792	63	63
Item_LOOT_GEN_Amulet_Necklace_F_Bronze_A	Icons_Items.lsx	Public\Shared\Assets\Textures\Icons\Icons_Items.dds	1280	1792	63	63
Item_LOOT_GEN_Amulet_Necklace_F_Gold_A	Icons_Items.lsx	Public\Shared\Assets\Textures\Icons\Icons_Items.dds	1344	1792	63	63
Item_LOOT_GEN_Amulet_Necklace_F_Silver_A	Icons_Items.lsx	Public\Shared\Assets\Textures\Icons\Icons_Items.dds	1408	1792	63	63
Item_LOOT_GEN_Amulet_Necklace_Magic_A_Blue	Icons_Items.lsx	Public\Shared\Assets\Textures\Icons\Icons_Items.dds	1472	576	63	63
Item_LOOT_GEN_Amulet_Wulbren_A_Posed_A	Icons_Items.lsx	Public\Shared\Assets\Textures\Icons\Icons_Items.dds	1472	1792	63	63
Item_LOOT_GEN_Amulet_Wulbren_A_Posed_A_Blood_Speckeled_A	Icons_Items.lsx	Public\Shared\Assets\Textures\Icons\Icons_Items.dds	1536	1792	63	63
Item_LOOT_GEN_AnimalSkin_A	Icons_Items.lsx	Public\Shared\Assets\Textures\Icons\Icons_Items.dds	1344	1216	63	63
Item_LOOT_GEN_Backpack_A_Posed_A	Icons_Items.lsx	Public\Shared\Assets\Textures\Icons\Icons_Items.dds	1152	1152	63	63
Item_LOOT_GEN_Backpack_C_Posed_A	Icons_Items.lsx	Public\Shared\Assets\Textures\Icons\Icons_Items.dds	320	1216	63	63
Item_LOOT_GEN_Bedlinen_A_Folded	Icons_Items.lsx	Public\Shared\Assets\Textures\Icons\Icons_Items.dds	640	1216	63	63
Item_LOOT_GEN_Charcoal_A	Icons_Items.lsx	Public\Shared\Assets\Textures\Icons\Icons_Items.dds	1600	1792	63	63
Item_LOOT_GEN_DryBone_A	Icons_Items.lsx	Public\Shared\Assets\Textures\Icons\Icons_Items.dds	1408	832	63	63
Item_LOOT_GEN_Feather_Token_A	Icons_Items.lsx	Public\Shared\Assets\Textures\Icons\Icons_Items.dds	65	1216	63	63
Item_LOOT_GEN_Heart_A	Icons_Items.lsx	Public\Shared\Assets\Textures\Icons\Icons_Items.dds	1664	1792	63	63
Item_LOOT_GEN_Hourglass_A	Icons_Items.lsx	Public\Shared\Assets\Textures\Icons\Icons_Items.dds	1728	1792	63	63
Item_LOOT_GEN_IcePick_A	Icons_Items.lsx	Public\Shared\Assets\Textures\Icons\Icons_Items.dds	1792	1792	63	63
Item_LOOT_GEN_Idol_Eldath_Gold_A	Icons_Items.lsx	Public\Shared\Assets\Textures\Icons\Icons_Items.dds	1792	704	63	63
Item_LOOT_GEN_Idol_Selune_Silver_A	Icons_Items.lsx	Public\Shared\Assets\Textures\Icons\Icons_Items.dds	1856	1792	63	63
Item_LOOT_GEN_Incense_A	Icons_Items.lsx	Public\Shared\Assets\Textures\Icons\Icons_Items.dds	384	832	63	63
Item_LOOT_GEN_Incense_Bundle_A	Icons_Items.lsx	Public\Shared\Assets\Textures\Icons\Icons_Items.dds	1920	1792	63	63
Item_LOOT_GEN_KeepsakeLocket_A	Icons_Items.lsx	Public\Shared\Assets\Textures\Icons\Icons_Items.dds	1344	576	63	63
Item_LOOT_GEN_Kitchen_Bowl_Ceramic_Rich_A	Icons_Items.lsx	Public\Shared\Assets\Textures\Icons\Icons_Items.dds	704	384	63	63
Item_LOOT_GEN_Kitchen_Cutlery_Fork_Poor_A	Icons_Items.lsx	Public\Shared\Assets\Textures\Icons\Icons_Items.dds	320	576	63	63
Item_LOOT_GEN_Kitchen_Cutlery_Fork_Rich_A	Icons_Items.lsx	Public\Shared\Assets\Textures\Icons\Icons_Items.dds	576	576	63	63
Item_LOOT_GEN_Kitchen_Cutlery_Knife_Poor_A	Icons_Items.lsx	Public\Shared\Assets\Textures\Icons\Icons_Items.dds	448	576	63	63
Item_LOOT_GEN_Kitchen_Cutlery_Knife_Rich_A	Icons_Items.lsx	Public\Shared\Assets\Textures\Icons\Icons_Items.dds	512	576	63	63
Item_LOOT_GEN_Kitchen_Cutlery_Plate_Rich_A	Icons_Items.lsx	Public\Shared\Assets\Textures\Icons\Icons_Items.dds	448	384	63	63
Item_LOOT_GEN_Kitchen_Cutlery_Spoon_Poor_A	Icons_Items.lsx	Public\Shared\Assets\Textures\Icons\Icons_Items.dds	384	576	63	63
Item_LOOT_GEN_Kitchen_Cutlery_Spoon_Rich_A	Icons_Items.lsx	Public\Shared\Assets\Textures\Icons\Icons_Items.dds	640	576	63	63
Item_LOOT_GEN_Locket_Mayrina_Closed_A	Icons_Items.lsx	Public\Shared\Assets\Textures\Icons\Icons_Items.dds	1984	1792	63	63
Item_LOOT_GEN_Metalbar_Bronze_A	Icons_Items.lsx	Public\Shared\Assets\Textures\Icons\Icons_Items.dds	0	1856	63	63
Item_LOOT_GEN_Metalbar_Gold_A	Icons_Items.lsx	Public\Shared\Assets\Textures\Icons\Icons_Items.dds	65	1856	63	63
Item_LOOT_GEN_Metalbar_Silver_A	Icons_Items.lsx	Public\Shared\Assets\Textures\Icons\Icons_Items.dds	129	1856	63	63
Item_LOOT_GEN_MusicBox_A	Icons_Items.lsx	Public\Shared\Assets\Textures\Icons\Icons_Items.dds	704	576	63	63
Item_LOOT_GEN_Necklace_A	Icons_Items.lsx	Public\Shared\Assets\Textures\Icons\Icons_Items.dds	1920	576	63	63
Item_LOOT_GEN_Necklace_B	Icons_Items.lsx	Public\Shared\Assets\Textures\Icons\Icons_Items.dds	1856	576	63	63
Item_LOOT_GEN_Necklace_C	Icons_Items.lsx	Public\Shared\Assets\Textures\Icons\Icons_Items.dds	1792	576	63	63
Item_LOOT_GEN_Necklace_D	Icons_Items.lsx	Public\Shared\Assets\Textures\Icons\Icons_Items.dds	1728	576	63	63
Item_LOOT_GEN_Necklace_Pearl_A	Icons_Items.lsx	Public\Shared\Assets\Textures\Icons\Icons_Items.dds	1664	576	63	63
Item_LOOT_GEN_Necklace_Pearl_B	Icons_Items.lsx	Public\Shared\Assets\Textures\Icons\Icons_Items.dds	1600	576	63	63
Item_LOOT_GEN_Necklace_Pearl_C	Icons_Items.lsx	Public\Shared\Assets\Textures\Icons\Icons_Items.dds	1536	576	63	63
Item_LOOT_GEN_Needle_A	Icons_Items.lsx	Public\Shared\Assets\Textures\Icons\Icons_Items.dds	193	1856	63	63
Item_LOOT_GEN_Poop_A	Icons_Items.lsx	Public\Shared\Assets\Textures\Icons\Icons_Items.dds	256	1856	63	63
Item_LOOT_GEN_Poop_B	Icons_Items.lsx	Public\Shared\Assets\Textures\Icons\Icons_Items.dds	320	1856	63	63
Item_LOOT_GEN_Pot_Ceramic_A	Icons_Items.lsx	Public\Shared\Assets\Textures\Icons\Icons_Items.dds	640	384	63	63
Item_LOOT_GEN_Pot_Ceramic_B	Icons_Items.lsx	Public\Shared\Assets\Textures\Icons\Icons_Items.dds	576	384	63	63
Item_LOOT_GEN_Pot_Ceramic_C	Icons_Items.lsx	Public\Shared\Assets\Textures\Icons\Icons_Items.dds	512	384	63	63
Item_LOOT_GEN_Ring_A_Gem_A_Gold	Icons_Items.lsx	Public\Shared\Assets\Textures\Icons\Icons_Items.dds	384	1088	63	63
Item_LOOT_GEN_Ring_A_Gem_A_Gold_1	Icons_Items.lsx	Public\Shared\Assets\Textures\Icons\Icons_Items.dds	1728	1600	63	63
Item_LOOT_GEN_Ring_A_Simple_Gold	Icons_Items.lsx	Public\Shared\Assets\Textures\Icons\Icons_Items.dds	1664	1280	63	63
Item_LOOT_GEN_Ring_A_Simple_Gold_1	Icons_Items.lsx	Public\Shared\Assets\Textures\Icons\Icons_Items.dds	384	1600	63	63
Item_LOOT_GEN_Ring_B	Icons_Items.lsx	Public\Shared\Assets\Textures\Icons\Icons_Items.dds	1536	1280	63	63
Item_LOOT_GEN_Ring_B_1	Icons_Items.lsx	Public\Shared\Assets\Textures\Icons\Icons_Items.dds	320	1600	63	63
Item_LOOT_GEN_Ring_B_Gem_A_Gold	Icons_Items.lsx	Public\Shared\Assets\Textures\Icons\Icons_Items.dds	1408	1280	63	63
Item_LOOT_GEN_Ring_B_Gem_A_Gold_1	Icons_Items.lsx	Public\Shared\Assets\Textures\Icons\Icons_Items.dds	1088	1600	63	63
Item_LOOT_GEN_Ring_B_Gem_B_Gold	Icons_Items.lsx	Public\Shared\Assets\Textures\Icons\Icons_Items.dds	320	1088	63	63
Item_LOOT_GEN_Ring_B_Gem_B_Gold_1	Icons_Items.lsx	Public\Shared\Assets\Textures\Icons\Icons_Items.dds	1792	1600	63	63
Item_LOOT_GEN_Ring_B_Gold_A	Icons_Items.lsx	Public\Shared\Assets\Textures\Icons\Icons_Items.dds	1472	1280	63	63
Item_LOOT_GEN_Ring_B_Gold_A_1	Icons_Items.lsx	Public\Shared\Assets\Textures\Icons\Icons_Items.dds	256	1600	63	63
Item_LOOT_GEN_Ring_B_Silver_A	Icons_Items.lsx	Public\Shared\Assets\Textures\Icons\Icons_Items.dds	1600	1280	63	63
Item_LOOT_GEN_Ring_B_Silver_A_1	Icons_Items.lsx	Public\Shared\Assets\Textures\Icons\Icons_Items.dds	193	1600	63	63
Item_LOOT_GEN_Ring_C	Icons_Items.lsx	Public\Shared\Assets\Textures\Icons\Icons_Items.dds	1152	1280	63	63
Item_LOOT_GEN_Ring_C_1	Icons_Items.lsx	Public\Shared\Assets\Textures\Icons\Icons_Items.dds	1024	1600	63	63
Item_LOOT_GEN_Ring_C_Gold_A	Icons_Items.lsx	Public\Shared\Assets\Textures\Icons\Icons_Items.dds	1216	1280	63	63
Item_LOOT_GEN_Ring_C_Gold_A_1	Icons_Items.lsx	Public\Shared\Assets\Textures\Icons\Icons_Items.dds	960	1600	63	63
Item_LOOT_GEN_Ring_C_Silver_A	Icons_Items.lsx	Public\Shared\Assets\Textures\Icons\Icons_Items.dds	1280	1280	63	63
Item_LOOT_GEN_Ring_C_Silver_A_1	Icons_Items.lsx	Public\Shared\Assets\Textures\Icons\Icons_Items.dds	896	1600	63	63
Item_LOOT_GEN_Ring_Copper_A	Icons_Items.lsx	Public\Shared\Assets\Textures\Icons\Icons_Items.dds	256	640	63	63
Item_LOOT_GEN_Ring_D	Icons_Items.lsx	Public\Shared\Assets\Textures\Icons\Icons_Items.dds	1344	1280	63	63
Item_LOOT_GEN_Ring_D_1	Icons_Items.lsx	Public\Shared\Assets\Textures\Icons\Icons_Items.dds	832	1600	63	63
Item_LOOT_GEN_Ring_D_Gold_A	Icons_Items.lsx	Public\Shared\Assets\Textures\Icons\Icons_Items.dds	1088	1280	63	63
Item_LOOT_GEN_Ring_D_Gold_A_1	Icons_Items.lsx	Public\Shared\Assets\Textures\Icons\Icons_Items.dds	768	1600	63	63
Item_LOOT_GEN_Ring_D_Silver_A	Icons_Items.lsx	Public\Shared\Assets\Textures\Icons\Icons_Items.dds	1024	1280	63	63
Item_LOOT_GEN_Ring_D_Silver_A_1	Icons_Items.lsx	Public\Shared\Assets\Textures\Icons\Icons_Items.dds	704	1600	63	63
Item_LOOT_GEN_Ring_E	Icons_Items.lsx	Public\Shared\Assets\Textures\Icons\Icons_Items.dds	960	1280	63	63
Item_LOOT_GEN_Ring_E_1	Icons_Items.lsx	Public\Shared\Assets\Textures\Icons\Icons_Items.dds	1600	1600	63	63
Item_LOOT_GEN_Ring_E_Gold_A	Icons_Items.lsx	Public\Shared\Assets\Textures\Icons\Icons_Items.dds	896	1280	63	63
Item_LOOT_GEN_Ring_E_Gold_A_1	Icons_Items.lsx	Public\Shared\Assets\Textures\Icons\Icons_Items.dds	1664	1600	63	63
Item_LOOT_GEN_Ring_E_Silver_A	Icons_Items.lsx	Public\Shared\Assets\Textures\Icons\Icons_Items.dds	832	1280	63	63
Item_LOOT_GEN_Ring_E_Silver_A_1	Icons_Items.lsx	Public\Shared\Assets\Textures\Icons\Icons_Items.dds	1536	1600	63	63
Item_LOOT_GEN_Ring_F	Icons_Items.lsx	Public\Shared\Assets\Textures\Icons\Icons_Items.dds	768	1280	63	63
Item_LOOT_GEN_Ring_F_1	Icons_Items.lsx	Public\Shared\Assets\Textures\Icons\Icons_Items.dds	1472	1600	63	63
Item_LOOT_GEN_Ring_F_Gold_A	Icons_Items.lsx	Public\Shared\Assets\Textures\Icons\Icons_Items.dds	704	1280	63	63
Item_LOOT_GEN_Ring_F_Gold_A_1	Icons_Items.lsx	Public\Shared\Assets\Textures\Icons\Icons_Items.dds	1408	1600	63	63
Item_LOOT_GEN_Ring_F_Silver_A	Icons_Items.lsx	Public\Shared\Assets\Textures\Icons\Icons_Items.dds	640	1280	63	63
Item_LOOT_GEN_Ring_F_Silver_A_1	Icons_Items.lsx	Public\Shared\Assets\Textures\Icons\Icons_Items.dds	1344	1600	63	63
Item_LOOT_GEN_Ring_G	Icons_Items.lsx	Public\Shared\Assets\Textures\Icons\Icons_Items.dds	512	1280	63	63
Item_LOOT_GEN_Ring_G_1	Icons_Items.lsx	Public\Shared\Assets\Textures\Icons\Icons_Items.dds	1280	1600	63	63
Item_LOOT_GEN_Ring_G_Gold_A	Icons_Items.lsx	Public\Shared\Assets\Textures\Icons\Icons_Items.dds	576	1280	63	63
Item_LOOT_GEN_Ring_G_Gold_A_1	Icons_Items.lsx	Public\Shared\Assets\Textures\Icons\Icons_Items.dds	1216	1600	63	63
Item_LOOT_GEN_Ring_G_Silver_A	Icons_Items.lsx	Public\Shared\Assets\Textures\Icons\Icons_Items.dds	448	1280	63	63
Item_LOOT_GEN_Ring_G_Silver_A_1	Icons_Items.lsx	Public\Shared\Assets\Textures\Icons\Icons_Items.dds	1152	1600	63	63
Item_LOOT_GEN_Ring_Gold_A	Icons_Items.lsx	Public\Shared\Assets\Textures\Icons\Icons_Items.dds	129	640	63	63
Item_LOOT_GEN_Ring_H	Icons_Items.lsx	Public\Shared\Assets\Textures\Icons\Icons_Items.dds	384	1280	63	63
Item_LOOT_GEN_Ring_H_1	Icons_Items.lsx	Public\Shared\Assets\Textures\Icons\Icons_Items.dds	129	1664	63	63
Item_LOOT_GEN_Ring_H_Gold_A	Icons_Items.lsx	Public\Shared\Assets\Textures\Icons\Icons_Items.dds	320	1280	63	63
Item_LOOT_GEN_Ring_H_Gold_A_1	Icons_Items.lsx	Public\Shared\Assets\Textures\Icons\Icons_Items.dds	65	1664	63	63
Item_LOOT_GEN_Ring_H_Silver_A	Icons_Items.lsx	Public\Shared\Assets\Textures\Icons\Icons_Items.dds	256	1280	63	63
Item_LOOT_GEN_Ring_H_Silver_A_1	Icons_Items.lsx	Public\Shared\Assets\Textures\Icons\Icons_Items.dds	0	1664	63	63
Item_LOOT_GEN_Ring_I	Icons_Items.lsx	Public\Shared\Assets\Textures\Icons\Icons_Items.dds	193	1280	63	63
Item_LOOT_GEN_Ring_I_1	Icons_Items.lsx	Public\Shared\Assets\Textures\Icons\Icons_Items.dds	1984	1600	63	63
Item_LOOT_GEN_Ring_I_Gold_A	Icons_Items.lsx	Public\Shared\Assets\Textures\Icons\Icons_Items.dds	129	1280	63	63
Item_LOOT_GEN_Ring_I_Gold_A_1	Icons_Items.lsx	Public\Shared\Assets\Textures\Icons\Icons_Items.dds	1920	1600	63	63
Item_LOOT_GEN_Ring_I_Silver_A	Icons_Items.lsx	Public\Shared\Assets\Textures\Icons\Icons_Items.dds	65	1280	63	63
Item_LOOT_GEN_Ring_I_Silver_A_1	Icons_Items.lsx	Public\Shared\Assets\Textures\Icons\Icons_Items.dds	1856	1600	63	63
Item_LOOT_GEN_Ring_Silver_A	Icons_Items.lsx	Public\Shared\Assets\Textures\Icons\Icons_Items.dds	193	640	63	63
Item_LOOT_GEN_Selune_Brooch_A	Icons_Items.lsx	Public\Shared\Assets\Textures\Icons\Icons_Items.dds	512	1536	63	63
Item_LOOT_GEN_Selune_Earring_A	Icons_Items.lsx	Public\Shared\Assets\Textures\Icons\Icons_Items.dds	1856	1280	63	63
Item_LOOT_GEN_Severed_Hand_A	Icons_Items.lsx	Public\Shared\Assets\Textures\Icons\Icons_Items.dds	320	1984	63	63
Item_LOOT_GEN_Throwable_Caltrops_Pack_A	Icons_Items.lsx	Public\Shared\Assets\Textures\Icons\Icons_Items.dds	1920	320	63	63
Item_LOOT_GEN_Throwable_Iron_Flask_A	Icons_Items.lsx	Public\Shared\Assets\Textures\Icons\Icons_Items.dds	1728	512	63	63
Item_LOOT_GEN_Throwable_Net_A	Icons_Items.lsx	Public\Shared\Assets\Textures\Icons\Icons_Items.dds	1152	1344	63	63
Item_LOOT_GEN_Throwable_Oil_Flask_A	Icons_Items.lsx	Public\Shared\Assets\Textures\Icons\Icons_Items.dds	1408	1216	63	63
Item_LOOT_GEN_Toy_TeddyBear_A_Clean	Icons_Items.lsx	Public\Shared\Assets\Textures\Icons\Icons_Items.dds	384	1856	63	63
Item_LOOT_GEN_Toy_TeddyBear_A_Worn	Icons_Items.lsx	Public\Shared\Assets\Textures\Icons\Icons_Items.dds	448	1856	63	63
Item_LOOT_GEN_Toy_WoodenBlock_A	Icons_Items.lsx	Public\Shared\Assets\Textures\Icons\Icons_Items.dds	1408	1088	63	63
Item_LOOT_GEN_Toy_WoodenBlock_B	Icons_Items.lsx	Public\Shared\Assets\Textures\Icons\Icons_Items.dds	1344	1088	63	63
Item_LOOT_GEN_Toy_WoodenBlock_C	Icons_Items.lsx	Public\Shared\Assets\Textures\Icons\Icons_Items.dds	1280	1088	63	63
Item_LOOT_GEN_Toy_WoodenBlock_D	Icons_Items.lsx	Public\Shared\Assets\Textures\Icons\Icons_Items.dds	1216	1088	63	63
Item_LOOT_GEN_Wheat_A	Icons_Items.lsx	Public\Shared\Assets\Textures\Icons\Icons_Items.dds	832	1216	63	63
Item_LOOT_HAG_Throwable_Goo_Ball_A_Fire_A	Icons_Items.lsx	Public\Shared\Assets\Textures\Icons\Icons_Items.dds	768	1216	63	63
Item_LOOT_HAG_Throwable_Goo_Ball_A_Poison_A	Icons_Items.lsx	Public\Shared\Assets\Textures\Icons\Icons_Items.dds	704	1216	63	63
Item_LOOT_Laboratory_Flask_Glass_A	Icons_Items.lsx	Public\Shared\Assets\Textures\Icons\Icons_Items.dds	512	1856	63	63
Item_LOOT_Laboratory_Flask_Glass_A_Empty_A	Icons_Items.lsx	Public\Shared\Assets\Textures\Icons\Icons_Items.dds	576	1856	63	63
Item_LOOT_Laboratory_Flask_Glass_B	Icons_Items.lsx	Public\Shared\Assets\Textures\Icons\Icons_Items.dds	640	1856	63	63
Item_LOOT_Laboratory_Flask_Glass_B_Empty_A	Icons_Items.lsx	Public\Shared\Assets\Textures\Icons\Icons_Items.dds	704	1856	63	63
Item_LOOT_Laboratory_Flask_Glass_C	Icons_Items.lsx	Public\Shared\Assets\Textures\Icons\Icons_Items.dds	768	1856	63	63
Item_LOOT_Laboratory_Flask_Glass_C_Empty_A	Icons_Items.lsx	Public\Shared\Assets\Textures\Icons\Icons_Items.dds	832	1856	63	63
Item_LOOT_Laboratory_Flask_Glass_D	Icons_Items.lsx	Public\Shared\Assets\Textures\Icons\Icons_Items.dds	896	1856	63	63
Item_LOOT_Laboratory_Flask_Glass_D_Empty_A	Icons_Items.lsx	Public\Shared\Assets\Textures\Icons\Icons_Items.dds	960	1856	63	63
Item_LOOT_Laboratory_Flask_Glass_E	Icons_Items.lsx	Public\Shared\Assets\Textures\Icons\Icons_Items.dds	1024	1856	63	63
Item_LOOT_Laboratory_Flask_Glass_E_Empty_A	Icons_Items.lsx	Public\Shared\Assets\Textures\Icons\Icons_Items.dds	1088	1856	63	63
Item_LOOT_Laboratory_Flask_Glass_F	Icons_Items.lsx	Public\Shared\Assets\Textures\Icons\Icons_Items.dds	1152	1856	63	63
Item_LOOT_Laboratory_Flask_Glass_F_Empty_A	Icons_Items.lsx	Public\Shared\Assets\Textures\Icons\Icons_Items.dds	1216	1856	63	63
Item_LOOT_MF_StrangeLoot_A	Icons_Items.lsx	Public\Shared\Assets\Textures\Icons\Icons_Items.dds	1024	1216	63	63
Item_LOOT_MF_StrangeLoot_B	Icons_Items.lsx	Public\Shared\Assets\Textures\Icons\Icons_Items.dds	960	1216	63	63
Item_LOOT_MF_StrangeLoot_C	Icons_Items.lsx	Public\Shared\Assets\Textures\Icons\Icons_Items.dds	896	1216	63	63
Item_LOOT_SCROLL_AcidArrow	Icons_Items.lsx	Public\Shared\Assets\Textures\Icons\Icons_Items.dds	640	1024	63	63
Item_LOOT_SCROLL_Aid	Icons_Items.lsx	Public\Shared\Assets\Textures\Icons\Icons_Items.dds	576	1024	63	63
Item_LOOT_SCROLL_AnimalFriendship	Icons_Items.lsx	Public\Shared\Assets\Textures\Icons\Icons_Items.dds	1024	1024	63	63
Item_LOOT_SCROLL_ArmorOfAgathys	Icons_Items.lsx	Public\Shared\Assets\Textures\Icons\Icons_Items.dds	512	1728	63	63
Item_LOOT_SCROLL_ArtistryOfWar	Icons_Items.lsx	Public\Shared\Assets\Textures\Icons\Icons_Items.dds	1088	1984	63	63
Item_LOOT_SCROLL_Bane	Icons_Items.lsx	Public\Shared\Assets\Textures\Icons\Icons_Items.dds	448	1728	63	63
Item_LOOT_SCROLL_BestialCommunion	Icons_Items.lsx	Public\Shared\Assets\Textures\Icons\Icons_Items.dds	1152	1984	63	63
Item_LOOT_SCROLL_Bless	Icons_Items.lsx	Public\Shared\Assets\Textures\Icons\Icons_Items.dds	704	1024	63	63
Item_LOOT_SCROLL_Blindness	Icons_Items.lsx	Public\Shared\Assets\Textures\Icons\Icons_Items.dds	384	1728	63	63
Item_LOOT_SCROLL_Blur	Icons_Items.lsx	Public\Shared\Assets\Textures\Icons\Icons_Items.dds	768	1024	63	63
Item_LOOT_SCROLL_BurningHands	Icons_Items.lsx	Public\Shared\Assets\Textures\Icons\Icons_Items.dds	832	1024	63	63
Item_LOOT_SCROLL_CharmPerson	Icons_Items.lsx	Public\Shared\Assets\Textures\Icons\Icons_Items.dds	896	1024	63	63
Item_LOOT_SCROLL_ChillTouch	Icons_Items.lsx	Public\Shared\Assets\Textures\Icons\Icons_Items.dds	320	1728	63	63
Item_LOOT_SCROLL_ChromaticOrb	Icons_Items.lsx	Public\Shared\Assets\Textures\Icons\Icons_Items.dds	960	1024	63	63
Item_LOOT_SCROLL_ColorSpray	Icons_Items.lsx	Public\Shared\Assets\Textures\Icons\Icons_Items.dds	512	1024	63	63
Item_LOOT_SCROLL_CureWounds	Icons_Items.lsx	Public\Shared\Assets\Textures\Icons\Icons_Items.dds	448	1024	63	63
Item_LOOT_SCROLL_DetectThoughts	Icons_Items.lsx	Public\Shared\Assets\Textures\Icons\Icons_Items.dds	320	1024	63	63
Item_LOOT_SCROLL_Dethrone	Icons_Items.lsx	Public\Shared\Assets\Textures\Icons\Icons_Items.dds	1216	1984	63	63
Item_LOOT_SCROLL_DisguiseSelf	Icons_Items.lsx	Public\Shared\Assets\Textures\Icons\Icons_Items.dds	256	1728	63	63
Item_LOOT_SCROLL_FalseLife	Icons_Items.lsx	Public\Shared\Assets\Textures\Icons\Icons_Items.dds	193	1728	63	63
Item_LOOT_SCROLL_FeatherFall	Icons_Items.lsx	Public\Shared\Assets\Textures\Icons\Icons_Items.dds	256	1024	63	63
Item_LOOT_SCROLL_FireBolt	Icons_Items.lsx	Public\Shared\Assets\Textures\Icons\Icons_Items.dds	193	1024	63	63
Item_LOOT_SCROLL_Fireball	Icons_Items.lsx	Public\Shared\Assets\Textures\Icons\Icons_Items.dds	256	1984	63	63
Item_LOOT_SCROLL_FogCloud	Icons_Items.lsx	Public\Shared\Assets\Textures\Icons\Icons_Items.dds	129	1024	63	63
Item_LOOT_SCROLL_Grease	Icons_Items.lsx	Public\Shared\Assets\Textures\Icons\Icons_Items.dds	65	1024	63	63
Item_LOOT_SCROLL_GuidingBolt	Icons_Items.lsx	Public\Shared\Assets\Textures\Icons\Icons_Items.dds	0	1024	63	63
Item_LOOT_SCROLL_GustOfWind	Icons_Items.lsx	Public\Shared\Assets\Textures\Icons\Icons_Items.dds	193	1984	63	63
Item_LOOT_SCROLL_HealingWord	Icons_Items.lsx	Public\Shared\Assets\Textures\Icons\Icons_Items.dds	129	1728	63	63
Item_LOOT_SCROLL_HoldPerson	Icons_Items.lsx	Public\Shared\Assets\Textures\Icons\Icons_Items.dds	1984	960	63	63
Item_LOOT_SCROLL_InflictWounds	Icons_Items.lsx	Public\Shared\Assets\Textures\Icons\Icons_Items.dds	65	1728	63	63
Item_LOOT_SCROLL_Invisibility	Icons_Items.lsx	Public\Shared\Assets\Textures\Icons\Icons_Items.dds	1920	960	63	63
Item_LOOT_SCROLL_Knock	Icons_Items.lsx	Public\Shared\Assets\Textures\Icons\Icons_Items.dds	0	1728	63	63
Item_LOOT_SCROLL_LesserRestauration	Icons_Items.lsx	Public\Shared\Assets\Textures\Icons\Icons_Items.dds	1856	960	63	63
Item_LOOT_SCROLL_MageArmor	Icons_Items.lsx	Public\Shared\Assets\Textures\Icons\Icons_Items.dds	1792	960	63	63
Item_LOOT_SCROLL_MagicMissile	Icons_Items.lsx	Public\Shared\Assets\Textures\Icons\Icons_Items.dds	1728	960	63	63
Item_LOOT_SCROLL_MirrorImage	Icons_Items.lsx	Public\Shared\Assets\Textures\Icons\Icons_Items.dds	1984	1664	63	63
Item_LOOT_SCROLL_MistyStep	Icons_Items.lsx	Public\Shared\Assets\Textures\Icons\Icons_Items.dds	1664	960	63	63
Item_LOOT_SCROLL_PrayerOfHealing	Icons_Items.lsx	Public\Shared\Assets\Textures\Icons\Icons_Items.dds	1920	1664	63	63
Item_LOOT_SCROLL_ProtectionFromEvilAndGood	Icons_Items.lsx	Public\Shared\Assets\Textures\Icons\Icons_Items.dds	1600	960	63	63
Item_LOOT_SCROLL_RayOfEnfeeblement	Icons_Items.lsx	Public\Shared\Assets\Textures\Icons\Icons_Items.dds	1536	960	63	63
Item_LOOT_SCROLL_RayOfFrost	Icons_Items.lsx	Public\Shared\Assets\Textures\Icons\Icons_Items.dds	1472	960	63	63
Item_LOOT_SCROLL_RayOfSickness	Icons_Items.lsx	Public\Shared\Assets\Textures\Icons\Icons_Items.dds	1856	1664	63	63
Item_LOOT_SCROLL_Resistance	Icons_Items.lsx	Public\Shared\Assets\Textures\Icons\Icons_Items.dds	1792	1664	63	63
Item_LOOT_SCROLL_Resurrection	Icons_Items.lsx	Public\Shared\Assets\Textures\Icons\Icons_Items.dds	1024	704	63	63
Item_LOOT_SCROLL_RunepowderDetonator	Icons_Items.lsx	Public\Shared\Assets\Textures\Icons\Icons_Items.dds	1024	1984	63	63
Item_LOOT_SCROLL_ShockingGrasp	Icons_Items.lsx	Public\Shared\Assets\Textures\Icons\Icons_Items.dds	1408	960	63	63
Item_LOOT_SCROLL_Silence	Icons_Items.lsx	Public\Shared\Assets\Textures\Icons\Icons_Items.dds	1344	960	63	63
Item_LOOT_SCROLL_Sleep	Icons_Items.lsx	Public\Shared\Assets\Textures\Icons\Icons_Items.dds	1728	1664	63	63
Item_LOOT_SCROLL_SpeakWithDead	Icons_Items.lsx	Public\Shared\Assets\Textures\Icons\Icons_Items.dds	1280	960	63	63
Item_LOOT_SCROLL_Thunderwave	Icons_Items.lsx	Public\Shared\Assets\Textures\Icons\Icons_Items.dds	1664	1664	63	63
Item_LOOT_SCROLL_Web	Icons_Items.lsx	Public\Shared\Assets\Textures\Icons\Icons_Items.dds	1536	1664	63	63
Item_LOOT_SCROLL_WitchBolt	Icons_Items.lsx	Public\Shared\Assets\Textures\Icons\Icons_Items.dds	1600	1664	63	63
Item_LTS_DUN_Candles_C	Icons_Items.lsx	Public\Shared\Assets\Textures\Icons\Icons_Items.dds	1344	832	63	63
Item_MAG_OfTheDevout_Amulet	Icons_Items.lsx	Public\Shared\Assets\Textures\Icons\Icons_Items.dds	65	1984	63	63
Item_MAG_PHB_OfEvasion_Ring	Icons_Items.lsx	Public\Shared\Assets\Textures\Icons\Icons_Items.dds	0	1984	63	63
Item_MAG_PHB_OfFreeAction_Ring	Icons_Items.lsx	Public\Shared\Assets\Textures\Icons\Icons_Items.dds	1984	1920	63	63
Item_MAG_PHB_OfRegeneration_Ring	Icons_Items.lsx	Public\Shared\Assets\Textures\Icons\Icons_Items.dds	1856	1920	63	63
Item_MAG_PHB_OfSpeed_Scimitar	Icons_Items.lsx	Public\Shared\Assets\Textures\Icons\Icons_Items.dds	1792	1920	63	63
Item_MAG_PHB_ofPower_Pearl_Amulet	Icons_Items.lsx	Public\Shared\Assets\Textures\Icons\Icons_Items.dds	1920	1920	63	63
Item_MAG_ofGreaterHealth_Amulet	Icons_Items.lsx	Public\Shared\Assets\Textures\Icons\Icons_Items.dds	129	1984	63	63
Item_ORI_Wyll_Infernal_Rapier	Icons_Items.lsx	Public\Shared\Assets\Textures\Icons\Icons_Items.dds	1728	1920	63	63
Item_ORI_Wyll_WyllsEyeball	Icons_Items.lsx	Public\Shared\Assets\Textures\Icons\Icons_Items.dds	1984	1536	63	63
Item_PUZ_GEN_Key_Gold_A	Icons_Items.lsx	Public\Shared\Assets\Textures\Icons\Icons_Items.dds	1984	320	63	63
Item_PUZ_GEN_Key_Silver_A	Icons_Items.lsx	Public\Shared\Assets\Textures\Icons\Icons_Items.dds	0	384	63	63
Item_PUZ_GEN_Map_World_A	Icons_Items.lsx	Public\Shared\Assets\Textures\Icons\Icons_Items.dds	1344	1152	63	63
Item_PUZ_GEN_Map_World_B	Icons_Items.lsx	Public\Shared\Assets\Textures\Icons\Icons_Items.dds	1216	1152	63	63
Item_PUZ_GEN_Map_World_C	Icons_Items.lsx	Public\Shared\Assets\Textures\Icons\Icons_Items.dds	1280	1152	63	63
Item_PUZ_GOB_Sapper_Barrel_A	Icons_Items.lsx	Public\Shared\Assets\Textures\Icons\Icons_Items.dds	1280	1856	63	63
Item_PUZ_MF_Explosive_Contraption_A	Icons_Items.lsx	Public\Shared\Assets\Textures\Icons\Icons_Items.dds	448	1216	63	63
Item_PUZ_MF_Explosive_Contraption_B	Icons_Items.lsx	Public\Shared\Assets\Textures\Icons\Icons_Items.dds	384	1216	63	63
Item_PUZ_Trap_Gortash_ControlPanel	Icons_Items.lsx	Public\Shared\Assets\Textures\Icons\Icons_Items.dds	1664	1920	63	63
Item_PUZ_Underdark_Mushroom_Bibberbang_A	Icons_Items.lsx	Public\Shared\Assets\Textures\Icons\Icons_Items.dds	256	1536	63	63
Item_PUZ_Underdark_Mushroom_Noblestalk_A	Icons_Items.lsx	Public\Shared\Assets\Textures\Icons\Icons_Items.dds	320	1536	63	63
Item_PUZ_Underdark_Mushroom_Timmask_B	Icons_Items.lsx	Public\Shared\Assets\Textures\Icons\Icons_Items.dds	384	1536	63	63
Item_QUEST_Ball	Icons_Items.lsx	Public\Shared\Assets\Textures\Icons\Icons_Items.dds	1536	1920	63	63
Item_QUEST_FOR_SussurDagger	Icons_Items.lsx	Public\Shared\Assets\Textures\Icons\Icons_Items.dds	512	704	63	63
Item_QUEST_FOR_SussurGreatsword	Icons_Items.lsx	Public\Shared\Assets\Textures\Icons\Icons_Items.dds	640	704	63	63
Item_QUEST_FOR_SussurSickle	Icons_Items.lsx	Public\Shared\Assets\Textures\Icons\Icons_Items.dds	576	704	63	63
Item_QUEST_FOR_TomeKey	Icons_Items.lsx	Public\Shared\Assets\Textures\Icons\Icons_Items.dds	1152	704	63	63
Item_QUEST_FireOrb	Icons_Items.lsx	Public\Shared\Assets\Textures\Icons\Icons_Items.dds	1472	1920	63	63
Item_QUEST_GLO_CursedIronFlask	Icons_Items.lsx	Public\Shared\Assets\Textures\Icons\Icons_Items.dds	1664	512	63	63
Item_QUEST_GLO_SoulCoin	Icons_Items.lsx	Public\Shared\Assets\Textures\Icons\Icons_Items.dds	1344	1856	63	63
Item_QUEST_HermitCrab	Icons_Items.lsx	Public\Shared\Assets\Textures\Icons\Icons_Items.dds	256	448	63	63
Item_QUEST_IRN_Submersible	Icons_Items.lsx	Public\Shared\Assets\Textures\Icons\Icons_Items.dds	1600	1920	63	63
Item_QUEST_LOOT_Human_Bodypart_Hand_A_Stone	Icons_Items.lsx	Public\Shared\Assets\Textures\Icons\Icons_Items.dds	1856	1536	63	63
Item_QUEST_ShellKid_Amulet	Icons_Items.lsx	Public\Shared\Assets\Textures\Icons\Icons_Items.dds	1920	704	63	63
Item_QUEST_ShellKid_Diamond	Icons_Items.lsx	Public\Shared\Assets\Textures\Icons\Icons_Items.dds	1984	704	63	63
Item_QUEST_WYR_GemlessRing	Icons_Items.lsx	Public\Shared\Assets\Textures\Icons\Icons_Items.dds	1536	1984	63	63
Item_Quest_CMB_ThrowingRock	Icons_Items.lsx	Public\Shared\Assets\Textures\Icons\Icons_Items.dds	1472	1472	63	63
Item_Quest_FOR_BrokenSpear_Head	Icons_Items.lsx	Public\Shared\Assets\Textures\Icons\Icons_Items.dds	1152	640	63	63
Item_Quest_FOR_BrokenSpear_Repaired	Icons_Items.lsx	Public\Shared\Assets\Textures\Icons\Icons_Items.dds	1024	640	63	63
Item_Quest_FOR_BrokenSpear_Shaft	Icons_Items.lsx	Public\Shared\Assets\Textures\Icons\Icons_Items.dds	1088	640	63	63
Item_Quest_GOB_DrunkGoblin_Ring	Icons_Items.lsx	Public\Shared\Assets\Textures\Icons\Icons_Items.dds	1536	704	63	63
Item_Quest_GOB_WolfPens_AmuletOfBeastmaster	Icons_Items.lsx	Public\Shared\Assets\Textures\Icons\Icons_Items.dds	129	1216	63	63
Item_Quest_Mysterious_Puzzlebox	Icons_Items.lsx	Public\Shared\Assets\Textures\Icons\Icons_Items.dds	1856	1152	63	63
Item_Quest_WLD_Amulet_ConqueringGod	Icons_Items.lsx	Public\Shared\Assets\Textures\Icons\Icons_Items.dds	1408	576	63	63
Item_S_CHA_OutpostJewelry	Icons_Items.lsx	Public\Shared\Assets\Textures\Icons\Icons_Items.dds	1792	640	63	63
Item_S_CHA_Weapon_Spear_CompassSpear	Icons_Items.lsx	Public\Shared\Assets\Textures\Icons\Icons_Items.dds	1728	704	63	63
Item_S_DEN_CharmedHalflingBoots	Icons_Items.lsx	Public\Shared\Assets\Textures\Icons\Icons_Items.dds	193	704	63	63
Item_S_DEN_IrritatedReward	Icons_Items.lsx	Public\Shared\Assets\Textures\Icons\Icons_Items.dds	1856	704	63	63
Item_S_DEN_TunnelStaff	Icons_Items.lsx	Public\Shared\Assets\Textures\Icons\Icons_Items.dds	129	704	63	63
Item_S_FOR_Armor_OwlbearReward	Icons_Items.lsx	Public\Shared\Assets\Textures\Icons\Icons_Items.dds	1856	640	63	63
Item_S_FOR_Bottomless_BadBook	Icons_Items.lsx	Public\Shared\Assets\Textures\Icons\Icons_Items.dds	1216	704	63	63
Item_S_FOR_IncompleteMasterwork_CellarKey	Icons_Items.lsx	Public\Shared\Assets\Textures\Icons\Icons_Items.dds	896	704	63	63
Item_S_FOR_IncompleteMasterwork_Journal	Icons_Items.lsx	Public\Shared\Assets\Textures\Icons\Icons_Items.dds	768	704	63	63
Item_S_FOR_IncompleteMasterwork_Plans	Icons_Items.lsx	Public\Shared\Assets\Textures\Icons\Icons_Items.dds	704	704	63	63
Item_S_GOB_PenancePiercing	Icons_Items.lsx	Public\Shared\Assets\Textures\Icons\Icons_Items.dds	1344	640	63	63
Item_S_GOB_PenanceScourge	Icons_Items.lsx	Public\Shared\Assets\Textures\Icons\Icons_Items.dds	1216	640	63	63
Item_S_GOB_PenanceSlashing	Icons_Items.lsx	Public\Shared\Assets\Textures\Icons\Icons_Items.dds	1280	640	63	63
Item_S_HAG_HagLair_EyeballRing	Icons_Items.lsx	Public\Shared\Assets\Textures\Icons\Icons_Items.dds	384	704	63	63
Item_S_HAG_HagLair_WPN_HagStaff	Icons_Items.lsx	Public\Shared\Assets\Textures\Icons\Icons_Items.dds	1728	640	63	63
Item_S_HAG_Wand_Rigged_SummonZombie	Icons_Items.lsx	Public\Shared\Assets\Textures\Icons\Icons_Items.dds	1536	640	63	63
Item_S_HAG_Wand_SummonHusband	Icons_Items.lsx	Public\Shared\Assets\Textures\Icons\Icons_Items.dds	1600	640	63	63
Item_TOOL_Camp_Bedroll_Closed_A	Icons_Items.lsx	Public\Shared\Assets\Textures\Icons\Icons_Items.dds	65	384	63	63
Item_TOOL_GEN_Broom_A	Icons_Items.lsx	Public\Shared\Assets\Textures\Icons\Icons_Items.dds	1088	1216	63	63
Item_TOOL_GEN_Broom_B	Icons_Items.lsx	Public\Shared\Assets\Textures\Icons\Icons_Items.dds	193	1216	63	63
Item_TOOL_GEN_Disam_Toolkit_A	Icons_Items.lsx	Public\Shared\Assets\Textures\Icons\Icons_Items.dds	640	832	63	63
Item_TOOL_GEN_DisguiseKit_A_Open	Icons_Items.lsx	Public\Shared\Assets\Textures\Icons\Icons_Items.dds	704	1088	63	63
Item_TOOL_GEN_ForgeryKit_Opened_A	Icons_Items.lsx	Public\Shared\Assets\Textures\Icons\Icons_Items.dds	256	1216	63	63
Item_TOOL_GEN_Hammer_Repair_A	Icons_Items.lsx	Public\Shared\Assets\Textures\Icons\Icons_Items.dds	768	832	63	63
Item_TOOL_GEN_Identifying_Glass_A	Icons_Items.lsx	Public\Shared\Assets\Textures\Icons\Icons_Items.dds	1792	896	63	63
Item_TOOL_GEN_Mine_Pickaxe_A	Icons_Items.lsx	Public\Shared\Assets\Textures\Icons\Icons_Items.dds	832	1088	63	63
Item_TOOL_GEN_Music_Bagpipes_A	Icons_Items.lsx	Public\Shared\Assets\Textures\Icons\Icons_Items.dds	832	960	63	63
Item_TOOL_GEN_Music_Drum_Big_A	Icons_Items.lsx	Public\Shared\Assets\Textures\Icons\Icons_Items.dds	768	960	63	63
Item_TOOL_GEN_Music_Drum_Small_A	Icons_Items.lsx	Public\Shared\Assets\Textures\Icons\Icons_Items.dds	704	960	63	63
Item_TOOL_GEN_Music_Drum_Sticks_A	Icons_Items.lsx	Public\Shared\Assets\Textures\Icons\Icons_Items.dds	640	960	63	63
Item_TOOL_GEN_Music_Dulcimer_A	Icons_Items.lsx	Public\Shared\Assets\Textures\Icons\Icons_Items.dds	576	960	63	63
Item_TOOL_GEN_Music_Flute_A	Icons_Items.lsx	Public\Shared\Assets\Textures\Icons\Icons_Items.dds	512	960	63	63
Item_TOOL_GEN_Music_Guitar_Lute_A	Icons_Items.lsx	Public\Shared\Assets\Textures\Icons\Icons_Items.dds	448	960	63	63
Item_TOOL_GEN_Music_Guitar_Lute_A_Broken	Icons_Items.lsx	Public\Shared\Assets\Textures\Icons\Icons_Items.dds	1472	1216	63	63
Item_TOOL_GEN_Music_Horn_A	Icons_Items.lsx	Public\Shared\Assets\Textures\Icons\Icons_Items.dds	256	960	63	63
Item_TOOL_GEN_Music_Lyre_A	Icons_Items.lsx	Public\Shared\Assets\Textures\Icons\Icons_Items.dds	193	960	63	63
Item_TOOL_GEN_Music_PanFlute_A	Icons_Items.lsx	Public\Shared\Assets\Textures\Icons\Icons_Items.dds	1152	960	63	63
Item_TOOL_GEN_Music_Shawm_A	Icons_Items.lsx	Public\Shared\Assets\Textures\Icons\Icons_Items.dds	1088	960	63	63
Item_TOOL_GEN_Music_Viol_A	Icons_Items.lsx	Public\Shared\Assets\Textures\Icons\Icons_Items.dds	1024	960	63	63
Item_TOOL_GEN_Music_Viol_Bow_A	Icons_Items.lsx	Public\Shared\Assets\Textures\Icons\Icons_Items.dds	960	960	63	63
Item_TOOL_GEN_Shovel_A	Icons_Items.lsx	Public\Shared\Assets\Textures\Icons\Icons_Items.dds	0	1472	63	63
Item_TOOL_GEN_Siege_Harpoon_Magic_Arrow_A	Icons_Items.lsx	Public\Shared\Assets\Textures\Icons\Icons_Items.dds	1408	1856	63	63
Item_TOOL_GEN_Telescope_A	Icons_Items.lsx	Public\Shared\Assets\Textures\Icons\Icons_Items.dds	896	1088	63	63
Item_TOOL_GEN_ThievesTools_A_Closed_A	Icons_Items.lsx	Public\Shared\Assets\Textures\Icons\Icons_Items.dds	129	384	63	63
Item_TOOL_GEN_Tong_A	Icons_Items.lsx	Public\Shared\Assets\Textures\Icons\Icons_Items.dds	704	832	63	63
Item_TOOL_GOB_Branding_Tool_A	Icons_Items.lsx	Public\Shared\Assets\Textures\Icons\Icons_Items.dds	960	1088	63	63
Item_TOOL_Wand_Fireballs	Icons_Items.lsx	Public\Shared\Assets\Textures\Icons\Icons_Items.dds	1472	1856	63	63
Item_UND_MushroomHunter_RingOfExploration	Icons_Items.lsx	Public\Shared\Assets\Textures\Icons\Icons_Items.dds	1536	1856	63	63
Item_UND_StoneFigure	Icons_Items.lsx	Public\Shared\Assets\Textures\Icons\Icons_Items.dds	1600	1856	63	63
Item_UNI_ARM_MartyrAmulet	Icons_Items.lsx	Public\Shared\Assets\Textures\Icons\Icons_Items.dds	1664	1856	63	63
Item_UNI_Apprentice_Antidote	Icons_Items.lsx	Public\Shared\Assets\Textures\Icons\Icons_Items.dds	1728	1408	63	63
Item_UNI_Astarion_StarterArmor	Icons_Items.lsx	Public\Shared\Assets\Textures\Icons\Icons_Items.dds	1856	1856	63	63
Item_UNI_BurnerHandaxe	Icons_Items.lsx	Public\Shared\Assets\Textures\Icons\Icons_Items.dds	448	768	63	63
Item_UNI_DEN_KanonsHandkerchief	Icons_Items.lsx	Public\Shared\Assets\Textures\Icons\Icons_Items.dds	1728	1856	63	63
Item_UNI_DoomAxe	Icons_Items.lsx	Public\Shared\Assets\Textures\Icons\Icons_Items.dds	576	768	63	63
Item_UNI_Druid_Helmet_Circlet	Icons_Items.lsx	Public\Shared\Assets\Textures\Icons\Icons_Items.dds	193	1920	63	63
Item_UNI_FOR_SpiderstepShoes	Icons_Items.lsx	Public\Shared\Assets\Textures\Icons\Icons_Items.dds	1216	1920	63	63
Item_UNI_FOR_ThayanTome_Socketed	Icons_Items.lsx	Public\Shared\Assets\Textures\Icons\Icons_Items.dds	1216	1408	63	63
Item_UNI_FOR_ThayanTome_Unsocketed	Icons_Items.lsx	Public\Shared\Assets\Textures\Icons\Icons_Items.dds	1280	1536	63	63
Item_UNI_GOB_Scroll_GoblinDrawingBook	Icons_Items.lsx	Public\Shared\Assets\Textures\Icons\Icons_Items.dds	129	1152	63	63
Item_UNI_Gob_Priest_Shield	Icons_Items.lsx	Public\Shared\Assets\Textures\Icons\Icons_Items.dds	1344	1664	63	63
Item_UNI_HAG_Wand_SummonHusband	Icons_Items.lsx	Public\Shared\Assets\Textures\Icons\Icons_Items.dds	1792	1536	63	63
Item_UNI_MassHealRing	Icons_Items.lsx	Public\Shared\Assets\Textures\Icons\Icons_Items.dds	384	768	63	63
Item_UNI_ORI_Gale_DeathPouch	Icons_Items.lsx	Public\Shared\Assets\Textures\Icons\Icons_Items.dds	0	1600	63	63
Item_UNI_OUT_Books_GreenCard_A	Icons_Items.lsx	Public\Shared\Assets\Textures\Icons\Icons_Items.dds	1920	1536	63	63
Item_UNI_RepeatStaff	Icons_Items.lsx	Public\Shared\Assets\Textures\Icons\Icons_Items.dds	512	768	63	63
Item_UNI_RobeOfSummer	Icons_Items.lsx	Public\Shared\Assets\Textures\Icons\Icons_Items.dds	1280	1920	63	63
Item_UNI_ShadowheartCirclet	Icons_Items.lsx	Public\Shared\Assets\Textures\Icons\Icons_Items.dds	1408	1920	63	63
Item_Unknown	Icons_Items.lsx	Public\Shared\Assets\Textures\Icons\Icons_Items.dds	640	320	63	63
Item_WPN_Dagger_Shar	Icons_Items.lsx	Public\Shared\Assets\Textures\Icons\Icons_Items.dds	1088	1728	63	63
Item_WPN_GNOLL_Sword_A	Icons_Items.lsx	Public\Shared\Assets\Textures\Icons\Icons_Items.dds	1088	1088	63	63
Item_WPN_GNO_Flail_A	Icons_Items.lsx	Public\Shared\Assets\Textures\Icons\Icons_Items.dds	1152	1088	63	63
Item_WPN_GOB_Bow_A	Icons_Items.lsx	Public\Shared\Assets\Textures\Icons\Icons_Items.dds	1408	384	63	63
Item_WPN_GOB_Mace_A	Icons_Items.lsx	Public\Shared\Assets\Textures\Icons\Icons_Items.dds	1472	384	63	63
Item_WPN_GOB_Scimitar_A	Icons_Items.lsx	Public\Shared\Assets\Textures\Icons\Icons_Items.dds	1536	384	63	63
Item_WPN_GOB_Shield_A_0	Icons_Items.lsx	Public\Shared\Assets\Textures\Icons\Icons_Items.dds	1024	1088	63	63
Item_WPN_GOB_Shield_C_0	Icons_Items.lsx	Public\Shared\Assets\Textures\Icons\Icons_Items.dds	1024	1728	63	63
Item_WPN_GOB_Shield_D_0	Icons_Items.lsx	Public\Shared\Assets\Textures\Icons\Icons_Items.dds	960	1728	63	63
Item_WPN_GOB_Shield_E_0	Icons_Items.lsx	Public\Shared\Assets\Textures\Icons\Icons_Items.dds	896	1728	63	63
Item_WPN_GOB_Spear_A	Icons_Items.lsx	Public\Shared\Assets\Textures\Icons\Icons_Items.dds	1472	65	63	63
Item_WPN_GOB_Staff_A	Icons_Items.lsx	Public\Shared\Assets\Textures\Icons\Icons_Items.dds	1216	384	63	63
Item_WPN_HUM_Battleaxe_A_0	Icons_Items.lsx	Public\Shared\Assets\Textures\Icons\Icons_Items.dds	193	65	63	63
Item_WPN_HUM_Battleaxe_A_0_Broken	Icons_Items.lsx	Public\Shared\Assets\Textures\Icons\Icons_Items.dds	1472	768	63	63
Item_WPN_HUM_Battleaxe_A_1	Icons_Items.lsx	Public\Shared\Assets\Textures\Icons\Icons_Items.dds	129	65	63	63
Item_WPN_HUM_CleaverAxe_A	Icons_Items.lsx	Public\Shared\Assets\Textures\Icons\Icons_Items.dds	1664	65	63	63
Item_WPN_HUM_Club_A_0	Icons_Items.lsx	Public\Shared\Assets\Textures\Icons\Icons_Items.dds	1	1	63	63
Item_WPN_HUM_Club_Broken_A	Icons_Items.lsx	Public\Shared\Assets\Textures\Icons\Icons_Items.dds	832	1728	63	63
Item_WPN_HUM_Dagger_A_0	Icons_Items.lsx	Public\Shared\Assets\Textures\Icons\Icons_Items.dds	1600	0	63	63
Item_WPN_HUM_Dagger_A_1	Icons_Items.lsx	Public\Shared\Assets\Textures\Icons\Icons_Items.dds	512	256	63	63
Item_WPN_HUM_Dagger_A_2	Icons_Items.lsx	Public\Shared\Assets\Textures\Icons\Icons_Items.dds	0	1152	63	63
Item_WPN_HUM_Dart_A_0	Icons_Items.lsx	Public\Shared\Assets\Textures\Icons\Icons_Items.dds	1600	65	63	63
Item_WPN_HUM_Dart_A_1	Icons_Items.lsx	Public\Shared\Assets\Textures\Icons\Icons_Items.dds	1536	65	63	63
Item_WPN_HUM_Flail_A_0	Icons_Items.lsx	Public\Shared\Assets\Textures\Icons\Icons_Items.dds	64	1	63	63
Item_WPN_HUM_Flail_A_1	Icons_Items.lsx	Public\Shared\Assets\Textures\Icons\Icons_Items.dds	448	256	63	63
Item_WPN_HUM_Flail_A_2	Icons_Items.lsx	Public\Shared\Assets\Textures\Icons\Icons_Items.dds	1984	1088	63	63
Item_WPN_HUM_Glaive_A_0	Icons_Items.lsx	Public\Shared\Assets\Textures\Icons\Icons_Items.dds	1792	0	63	63
Item_WPN_HUM_Glaive_A_0_Broken	Icons_Items.lsx	Public\Shared\Assets\Textures\Icons\Icons_Items.dds	1408	768	63	63
Item_WPN_HUM_Glaive_A_1	Icons_Items.lsx	Public\Shared\Assets\Textures\Icons\Icons_Items.dds	65	65	63	63
Item_WPN_HUM_Glaive_A_2	Icons_Items.lsx	Public\Shared\Assets\Textures\Icons\Icons_Items.dds	1920	1088	63	63
Item_WPN_HUM_Greataxe_A_0	Icons_Items.lsx	Public\Shared\Assets\Textures\Icons\Icons_Items.dds	384	256	63	63
Item_WPN_HUM_Greataxe_A_1	Icons_Items.lsx	Public\Shared\Assets\Textures\Icons\Icons_Items.dds	320	256	63	63
Item_WPN_HUM_Greataxe_B_0	Icons_Items.lsx	Public\Shared\Assets\Textures\Icons\Icons_Items.dds	193	384	63	63
Item_WPN_HUM_Greataxe_B_1	Icons_Items.lsx	Public\Shared\Assets\Textures\Icons\Icons_Items.dds	256	384	63	63
Item_WPN_HUM_Greatclub_A_0	Icons_Items.lsx	Public\Shared\Assets\Textures\Icons\Icons_Items.dds	128	1	63	63
Item_WPN_HUM_Greatclub_A_1	Icons_Items.lsx	Public\Shared\Assets\Textures\Icons\Icons_Items.dds	256	256	63	63
Item_WPN_HUM_Greatclub_A_2	Icons_Items.lsx	Public\Shared\Assets\Textures\Icons\Icons_Items.dds	1728	1088	63	63
Item_WPN_HUM_Greatsword_A_0	Icons_Items.lsx	Public\Shared\Assets\Textures\Icons\Icons_Items.dds	193	256	63	63
Item_WPN_HUM_Greatsword_A_1	Icons_Items.lsx	Public\Shared\Assets\Textures\Icons\Icons_Items.dds	129	256	63	63
Item_WPN_HUM_Greatsword_A_2	Icons_Items.lsx	Public\Shared\Assets\Textures\Icons\Icons_Items.dds	1664	1088	63	63
Item_WPN_HUM_Greatsword_B_0	Icons_Items.lsx	Public\Shared\Assets\Textures\Icons\Icons_Items.dds	65	256	63	63
Item_WPN_HUM_Greatsword_B_1	Icons_Items.lsx	Public\Shared\Assets\Textures\Icons\Icons_Items.dds	0	256	63	63
Item_WPN_HUM_Halberd_A_0	Icons_Items.lsx	Public\Shared\Assets\Textures\Icons\Icons_Items.dds	1984	193	63	63
Item_WPN_HUM_Halberd_A_1	Icons_Items.lsx	Public\Shared\Assets\Textures\Icons\Icons_Items.dds	1920	193	63	63
Item_WPN_HUM_Halberd_A_2	Icons_Items.lsx	Public\Shared\Assets\Textures\Icons\Icons_Items.dds	1600	1088	63	63
Item_WPN_HUM_HandCrossbow_A_0	Icons_Items.lsx	Public\Shared\Assets\Textures\Icons\Icons_Items.dds	1856	193	63	63
Item_WPN_HUM_HandCrossbow_A_1	Icons_Items.lsx	Public\Shared\Assets\Textures\Icons\Icons_Items.dds	1792	193	63	63
Item_WPN_HUM_Handaxe_A_0	Icons_Items.lsx	Public\Shared\Assets\Textures\Icons\Icons_Items.dds	1664	193	63	63
Item_WPN_HUM_Handaxe_A_1	Icons_Items.lsx	Public\Shared\Assets\Textures\Icons\Icons_Items.dds	1728	193	63	63
Item_WPN_HUM_HeavyCrossbow_A_1_Broken	Icons_Items.lsx	Public\Shared\Assets\Textures\Icons\Icons_Items.dds	1344	768	63	63
Item_WPN_HUM_Javelin_A_0	Icons_Items.lsx	Public\Shared\Assets\Textures\Icons\Icons_Items.dds	1472	193	63	63
Item_WPN_HUM_Javelin_A_0_Broken	Icons_Items.lsx	Public\Shared\Assets\Textures\Icons\Icons_Items.dds	1280	768	63	63
Item_WPN_HUM_Javelin_A_1	Icons_Items.lsx	Public\Shared\Assets\Textures\Icons\Icons_Items.dds	1408	193	63	63
Item_WPN_HUM_Javelin_A_2	Icons_Items.lsx	Public\Shared\Assets\Textures\Icons\Icons_Items.dds	1536	1088	63	63
Item_WPN_HUM_Lance_A_0	Icons_Items.lsx	Public\Shared\Assets\Textures\Icons\Icons_Items.dds	1344	193	63	63
Item_WPN_HUM_LightCrossbow_A_0	Icons_Items.lsx	Public\Shared\Assets\Textures\Icons\Icons_Items.dds	1664	0	63	63
Item_WPN_HUM_LightCrossbow_A_1	Icons_Items.lsx	Public\Shared\Assets\Textures\Icons\Icons_Items.dds	1280	193	63	63
Item_WPN_HUM_LightHammer_A_0	Icons_Items.lsx	Public\Shared\Assets\Textures\Icons\Icons_Items.dds	192	1	63	63
Item_WPN_HUM_LightHammer_A_1	Icons_Items.lsx	Public\Shared\Assets\Textures\Icons\Icons_Items.dds	1216	193	63	63
Item_WPN_HUM_LightHammer_A_2	Icons_Items.lsx	Public\Shared\Assets\Textures\Icons\Icons_Items.dds	1472	1088	63	63
Item_WPN_HUM_LightHammer_B_0	Icons_Items.lsx	Public\Shared\Assets\Textures\Icons\Icons_Items.dds	1152	193	63	63
Item_WPN_HUM_LightHammer_B_1	Icons_Items.lsx	Public\Shared\Assets\Textures\Icons\Icons_Items.dds	1088	193	63	63
Item_WPN_HUM_Longbow_A_0	Icons_Items.lsx	Public\Shared\Assets\Textures\Icons\Icons_Items.dds	1728	0	63	63
Item_WPN_HUM_Longbow_A_1	Icons_Items.lsx	Public\Shared\Assets\Textures\Icons\Icons_Items.dds	1024	193	63	63
Item_WPN_HUM_Longbow_Broken_A	Icons_Items.lsx	Public\Shared\Assets\Textures\Icons\Icons_Items.dds	768	1728	63	63
Item_WPN_HUM_Longsword_A_0	Icons_Items.lsx	Public\Shared\Assets\Textures\Icons\Icons_Items.dds	960	193	63	63
Item_WPN_HUM_Longsword_A_1	Icons_Items.lsx	Public\Shared\Assets\Textures\Icons\Icons_Items.dds	896	193	63	63
Item_WPN_HUM_Longsword_Broken_A	Icons_Items.lsx	Public\Shared\Assets\Textures\Icons\Icons_Items.dds	704	1920	63	63
Item_WPN_HUM_Mace_A_0	Icons_Items.lsx	Public\Shared\Assets\Textures\Icons\Icons_Items.dds	256	1	63	63
Item_WPN_HUM_Mace_A_1	Icons_Items.lsx	Public\Shared\Assets\Textures\Icons\Icons_Items.dds	832	193	63	63
Item_WPN_HUM_Magicstaff_A_0	Icons_Items.lsx	Public\Shared\Assets\Textures\Icons\Icons_Items.dds	768	193	63	63
Item_WPN_HUM_Magicstaff_B_0	Icons_Items.lsx	Public\Shared\Assets\Textures\Icons\Icons_Items.dds	704	193	63	63
Item_WPN_HUM_Magicstaff_Broken_A	Icons_Items.lsx	Public\Shared\Assets\Textures\Icons\Icons_Items.dds	640	1920	63	63
Item_WPN_HUM_Magicstaff_C_0	Icons_Items.lsx	Public\Shared\Assets\Textures\Icons\Icons_Items.dds	576	193	63	63
Item_WPN_HUM_Magicstaff_D_0	Icons_Items.lsx	Public\Shared\Assets\Textures\Icons\Icons_Items.dds	640	193	63	63
Item_WPN_HUM_Magicstaff_E_0	Icons_Items.lsx	Public\Shared\Assets\Textures\Icons\Icons_Items.dds	512	193	63	63
Item_WPN_HUM_Maul_A_0	Icons_Items.lsx	Public\Shared\Assets\Textures\Icons\Icons_Items.dds	320	1	63	63
Item_WPN_HUM_Maul_A_1	Icons_Items.lsx	Public\Shared\Assets\Textures\Icons\Icons_Items.dds	448	193	63	63
Item_WPN_HUM_Maul_B_0	Icons_Items.lsx	Public\Shared\Assets\Textures\Icons\Icons_Items.dds	576	1920	63	63
Item_WPN_HUM_Moonblade_A	Icons_Items.lsx	Public\Shared\Assets\Textures\Icons\Icons_Items.dds	512	1920	63	63
Item_WPN_HUM_Morningstar_A_0	Icons_Items.lsx	Public\Shared\Assets\Textures\Icons\Icons_Items.dds	384	1	63	63
Item_WPN_HUM_Morningstar_A_1	Icons_Items.lsx	Public\Shared\Assets\Textures\Icons\Icons_Items.dds	384	193	63	63
Item_WPN_HUM_Pike_A_0	Icons_Items.lsx	Public\Shared\Assets\Textures\Icons\Icons_Items.dds	1856	0	63	63
Item_WPN_HUM_Pike_A_0_Broken	Icons_Items.lsx	Public\Shared\Assets\Textures\Icons\Icons_Items.dds	1216	768	63	63
Item_WPN_HUM_Pike_A_1	Icons_Items.lsx	Public\Shared\Assets\Textures\Icons\Icons_Items.dds	320	193	63	63
Item_WPN_HUM_Pike_Broken_A	Icons_Items.lsx	Public\Shared\Assets\Textures\Icons\Icons_Items.dds	1152	1920	63	63
Item_WPN_HUM_Quarterstaff_A_0	Icons_Items.lsx	Public\Shared\Assets\Textures\Icons\Icons_Items.dds	1984	0	63	63
Item_WPN_HUM_Quarterstaff_A_1	Icons_Items.lsx	Public\Shared\Assets\Textures\Icons\Icons_Items.dds	1920	0	63	63
Item_WPN_HUM_Quarterstaff_B_0	Icons_Items.lsx	Public\Shared\Assets\Textures\Icons\Icons_Items.dds	1024	1920	63	63
Item_WPN_HUM_Quarterstaff_Broken_A	Icons_Items.lsx	Public\Shared\Assets\Textures\Icons\Icons_Items.dds	960	1920	63	63
Item_WPN_HUM_Rapier_A_0	Icons_Items.lsx	Public\Shared\Assets\Textures\Icons\Icons_Items.dds	256	193	63	63
Item_WPN_HUM_Rapier_A_0_Broken	Icons_Items.lsx	Public\Shared\Assets\Textures\Icons\Icons_Items.dds	1152	768	63	63
Item_WPN_HUM_Rapier_A_1	Icons_Items.lsx	Public\Shared\Assets\Textures\Icons\Icons_Items.dds	193	193	63	63
Item_WPN_HUM_Scimitar_A_0	Icons_Items.lsx	Public\Shared\Assets\Textures\Icons\Icons_Items.dds	576	320	63	63
Item_WPN_HUM_Scimitar_A_1	Icons_Items.lsx	Public\Shared\Assets\Textures\Icons\Icons_Items.dds	512	320	63	63
Item_WPN_HUM_Shield_A_0	Icons_Items.lsx	Public\Shared\Assets\Textures\Icons\Icons_Items.dds	448	320	63	63
Item_WPN_HUM_Shield_A_1	Icons_Items.lsx	Public\Shared\Assets\Textures\Icons\Icons_Items.dds	384	320	63	63
Item_WPN_HUM_Shield_B_0	Icons_Items.lsx	Public\Shared\Assets\Textures\Icons\Icons_Items.dds	320	320	63	63
Item_WPN_HUM_Shield_B_1	Icons_Items.lsx	Public\Shared\Assets\Textures\Icons\Icons_Items.dds	0	320	63	63
Item_WPN_HUM_Shield_Broken_A	Icons_Items.lsx	Public\Shared\Assets\Textures\Icons\Icons_Items.dds	896	1920	63	63
Item_WPN_HUM_Shield_C_0	Icons_Items.lsx	Public\Shared\Assets\Textures\Icons\Icons_Items.dds	256	320	63	63
Item_WPN_HUM_Shield_C_0_Broken	Icons_Items.lsx	Public\Shared\Assets\Textures\Icons\Icons_Items.dds	1088	768	63	63
Item_WPN_HUM_Shield_C_1	Icons_Items.lsx	Public\Shared\Assets\Textures\Icons\Icons_Items.dds	193	320	63	63
Item_WPN_HUM_Shield_D_0	Icons_Items.lsx	Public\Shared\Assets\Textures\Icons\Icons_Items.dds	129	320	63	63
Item_WPN_HUM_Shield_D_1	Icons_Items.lsx	Public\Shared\Assets\Textures\Icons\Icons_Items.dds	65	320	63	63
Item_WPN_HUM_Shield_E_0	Icons_Items.lsx	Public\Shared\Assets\Textures\Icons\Icons_Items.dds	1984	256	63	63
Item_WPN_HUM_Shortbow_A_0	Icons_Items.lsx	Public\Shared\Assets\Textures\Icons\Icons_Items.dds	1920	256	63	63
Item_WPN_HUM_Shortbow_A_1	Icons_Items.lsx	Public\Shared\Assets\Textures\Icons\Icons_Items.dds	1856	256	63	63
Item_WPN_HUM_Shortbow_A_1_Broken	Icons_Items.lsx	Public\Shared\Assets\Textures\Icons\Icons_Items.dds	1024	768	63	63
Item_WPN_HUM_Shortsword_A_0	Icons_Items.lsx	Public\Shared\Assets\Textures\Icons\Icons_Items.dds	1792	256	63	63
Item_WPN_HUM_Shortsword_A_0_Broken	Icons_Items.lsx	Public\Shared\Assets\Textures\Icons\Icons_Items.dds	896	768	63	63
Item_WPN_HUM_Shortsword_A_1	Icons_Items.lsx	Public\Shared\Assets\Textures\Icons\Icons_Items.dds	1728	256	63	63
Item_WPN_HUM_Shortsword_A_1_Broken	Icons_Items.lsx	Public\Shared\Assets\Textures\Icons\Icons_Items.dds	960	768	63	63
Item_WPN_HUM_Shortsword_A_2	Icons_Items.lsx	Public\Shared\Assets\Textures\Icons\Icons_Items.dds	832	768	63	63
Item_WPN_HUM_Shortsword_A_2_Broken	Icons_Items.lsx	Public\Shared\Assets\Textures\Icons\Icons_Items.dds	768	768	63	63
Item_WPN_HUM_Sickle_A_0	Icons_Items.lsx	Public\Shared\Assets\Textures\Icons\Icons_Items.dds	1728	65	63	63
Item_WPN_HUM_Sickle_A_0_Broken	Icons_Items.lsx	Public\Shared\Assets\Textures\Icons\Icons_Items.dds	704	768	63	63
Item_WPN_HUM_Sling_A_0	Icons_Items.lsx	Public\Shared\Assets\Textures\Icons\Icons_Items.dds	1664	256	63	63
Item_WPN_HUM_Spear_A_0	Icons_Items.lsx	Public\Shared\Assets\Textures\Icons\Icons_Items.dds	1600	256	63	63
Item_WPN_HUM_Spear_A_0_1	Icons_Items.lsx	Public\Shared\Assets\Textures\Icons\Icons_Items.dds	704	1728	63	63
Item_WPN_HUM_Spear_A_1	Icons_Items.lsx	Public\Shared\Assets\Textures\Icons\Icons_Items.dds	1536	256	63	63
Item_WPN_HUM_Sword_Shar_A	Icons_Items.lsx	Public\Shared\Assets\Textures\Icons\Icons_Items.dds	896	1536	63	63
Item_WPN_HUM_Torch_A	Icons_Items.lsx	Public\Shared\Assets\Textures\Icons\Icons_Items.dds	65	1152	63	63
Item_WPN_HUM_Toy_Shield_A	Icons_Items.lsx	Public\Shared\Assets\Textures\Icons\Icons_Items.dds	448	1536	63	63
Item_WPN_HUM_Trident_A_0	Icons_Items.lsx	Public\Shared\Assets\Textures\Icons\Icons_Items.dds	0	65	63	63
Item_WPN_HUM_Trident_A_1	Icons_Items.lsx	Public\Shared\Assets\Textures\Icons\Icons_Items.dds	1472	256	63	63
Item_WPN_HUM_Wand_A_0	Icons_Items.lsx	Public\Shared\Assets\Textures\Icons\Icons_Items.dds	1408	256	63	63
Item_WPN_HUM_Wand_A_1	Icons_Items.lsx	Public\Shared\Assets\Textures\Icons\Icons_Items.dds	1344	256	63	63
Item_WPN_HUM_Wand_B_0	Icons_Items.lsx	Public\Shared\Assets\Textures\Icons\Icons_Items.dds	1280	256	63	63
Item_WPN_HUM_Wand_C_0	Icons_Items.lsx	Public\Shared\Assets\Textures\Icons\Icons_Items.dds	1216	256	63	63
Item_WPN_HUM_Wand_C_0_Broken	Icons_Items.lsx	Public\Shared\Assets\Textures\Icons\Icons_Items.dds	640	768	63	63
Item_WPN_HUM_Wand_D_0	Icons_Items.lsx	Public\Shared\Assets\Textures\Icons\Icons_Items.dds	1152	256	63	63
Item_WPN_HUM_Wand_E_0	Icons_Items.lsx	Public\Shared\Assets\Textures\Icons\Icons_Items.dds	1088	256	63	63
Item_WPN_HUM_Wand_F_0	Icons_Items.lsx	Public\Shared\Assets\Textures\Icons\Icons_Items.dds	1024	256	63	63
Item_WPN_HUM_Wand_G_0	Icons_Items.lsx	Public\Shared\Assets\Textures\Icons\Icons_Items.dds	960	256	63	63
Item_WPN_HUM_Wand_H_0	Icons_Items.lsx	Public\Shared\Assets\Textures\Icons\Icons_Items.dds	832	256	63	63
Item_WPN_HUM_Wand_I_0	Icons_Items.lsx	Public\Shared\Assets\Textures\Icons\Icons_Items.dds	896	256	63	63
Item_WPN_HUM_Wand_J_0	Icons_Items.lsx	Public\Shared\Assets\Textures\Icons\Icons_Items.dds	768	256	63	63
Item_WPN_HUM_Wand_K_0	Icons_Items.lsx	Public\Shared\Assets\Textures\Icons\Icons_Items.dds	704	256	63	63
Item_WPN_HUM_WarHammer_A_0	Icons_Items.lsx	Public\Shared\Assets\Textures\Icons\Icons_Items.dds	448	0	63	63
Item_WPN_HUM_WarHammer_A_1	Icons_Items.lsx	Public\Shared\Assets\Textures\Icons\Icons_Items.dds	576	256	63	63
Item_WPN_HUM_Warpick_A_0	Icons_Items.lsx	Public\Shared\Assets\Textures\Icons\Icons_Items.dds	512	1	63	63
Item_WPN_HUM_Warpick_A_1	Icons_Items.lsx	Public\Shared\Assets\Textures\Icons\Icons_Items.dds	640	256	63	63
Item_WPN_MINOTAUR_Greatclub_A	Icons_Items.lsx	Public\Shared\Assets\Textures\Icons\Icons_Items.dds	832	1920	63	63
Item_WPN_Ogre_Greatclub_A	Icons_Items.lsx	Public\Shared\Assets\Textures\Icons\Icons_Items.dds	1280	384	63	63
Item_WPN_Ogre_Greatclub_B	Icons_Items.lsx	Public\Shared\Assets\Textures\Icons\Icons_Items.dds	1344	384	63	63
Item__FOR_Bottomless_MurderWeap	Icons_Items.lsx	Public\Shared\Assets\Textures\Icons\Icons_Items.dds	1088	704	63	63
Items_CONS_Drink_Bottle_Small_A	Icons_Items.lsx	Public\Shared\Assets\Textures\Icons\Icons_Items.dds	384	384	63	63
Items_CONS_Drink_Bottle_Small_C	Icons_Items.lsx	Public\Shared\Assets\Textures\Icons\Icons_Items.dds	320	384	63	63
Items_CONS_Drink_Wine_B	Icons_Items.lsx	Public\Shared\Assets\Textures\Icons\Icons_Items.dds	1728	832	63	63
Items_CONS_Drink_Wine_B_Empty	Icons_Items.lsx	Public\Shared\Assets\Textures\Icons\Icons_Items.dds	1536	832	63	63
Items_CONS_Drink_Wine_C	Icons_Items.lsx	Public\Shared\Assets\Textures\Icons\Icons_Items.dds	1792	832	63	63
Items_CONS_Drink_Wine_C_Empty	Icons_Items.lsx	Public\Shared\Assets\Textures\Icons\Icons_Items.dds	1472	832	63	63
Items_CONS_Drink_Wine_D	Icons_Items.lsx	Public\Shared\Assets\Textures\Icons\Icons_Items.dds	1088	384	63	63
Items_CONS_Drink_Wine_D_Empty	Icons_Items.lsx	Public\Shared\Assets\Textures\Icons\Icons_Items.dds	1280	832	63	63
Items_CONS_Drink_Wine_F	Icons_Items.lsx	Public\Shared\Assets\Textures\Icons\Icons_Items.dds	1216	832	63	63
Items_CONS_Drink_Wine_F_Empty	Icons_Items.lsx	Public\Shared\Assets\Textures\Icons\Icons_Items.dds	1152	832	63	63
Items_CONS_FOOD_Fruit_Kiwi_A	Icons_Items.lsx	Public\Shared\Assets\Textures\Icons\Icons_Items.dds	1216	576	63	63
WPN_HUM_HeavyCrossbow_A_0	Icons_Items.lsx	Public\Shared\Assets\Textures\Icons\Icons_Items.dds	1600	193	63	63
WPN_HUM_HeavyCrossbow_A_1	Icons_Items.lsx	Public\Shared\Assets\Textures\Icons\Icons_Items.dds	1536	193	63	63
AlchemyAffinity_BG_Air	Icons_Items_2.lsx	Public\Shared\Assets\Textures\Icons\Icons_Items_2.dds	320	640	63	63
AlchemyAffinity_BG_Earth	Icons_Items_2.lsx	Public\Shared\Assets\Textures\Icons\Icons_Items_2.dds	448	640	63	63
AlchemyAffinity_BG_Feywild	Icons_Items_2.lsx	Public\Shared\Assets\Textures\Icons\Icons_Items_2.dds	384	640	63	63
AlchemyAffinity_BG_Fire	Icons_Items_2.lsx	Public\Shared\Assets\Textures\Icons\Icons_Items_2.dds	512	640	63	63
AlchemyAffinity_BG_Material	Icons_Items_2.lsx	Public\Shared\Assets\Textures\Icons\Icons_Items_2.dds	576	640	63	63
AlchemyAffinity_BG_Negative	Icons_Items_2.lsx	Public\Shared\Assets\Textures\Icons\Icons_Items_2.dds	640	640	63	63
AlchemyAffinity_BG_Positive	Icons_Items_2.lsx	Public\Shared\Assets\Textures\Icons\Icons_Items_2.dds	704	640	63	63
AlchemyAffinity_BG_Shadow	Icons_Items_2.lsx	Public\Shared\Assets\Textures\Icons\Icons_Items_2.dds	768	640	63	63
AlchemyAffinity_BG_Water	Icons_Items_2.lsx	Public\Shared\Assets\Textures\Icons\Icons_Items_2.dds	832	640	63	63
InteractItem_Chair	Icons_Items_2.lsx	Public\Shared\Assets\Textures\Icons\Icons_Items_2.dds	832	512	63	63
InteractItem_Container	Icons_Items_2.lsx	Public\Shared\Assets\Textures\Icons\Icons_Items_2.dds	1024	512	63	63
InteractItem_Lever	Icons_Items_2.lsx	Public\Shared\Assets\Textures\Icons\Icons_Items_2.dds	896	512	63	63
InteractItem_Puzzle	Icons_Items_2.lsx	Public\Shared\Assets\Textures\Icons\Icons_Items_2.dds	960	512	63	63
Interactitem_Cupboard	Icons_Items_2.lsx	Public\Shared\Assets\Textures\Icons\Icons_Items_2.dds	768	512	63	63
Interactitem_DOOR_Druid_Grove_A_Door	Icons_Items_2.lsx	Public\Shared\Assets\Textures\Icons\Icons_Items_2.dds	1472	640	63	63
Interactitem_Door	Icons_Items_2.lsx	Public\Shared\Assets\Textures\Icons\Icons_Items_2.dds	704	512	63	63
Interactitem_Ladder	Icons_Items_2.lsx	Public\Shared\Assets\Textures\Icons\Icons_Items_2.dds	576	512	63	63
Interactitem_Torch	Icons_Items_2.lsx	Public\Shared\Assets\Textures\Icons\Icons_Items_2.dds	640	512	63	63
Item_ALCH_Solution_Elixir_Enlarge	Icons_Items_2.lsx	Public\Shared\Assets\Textures\Icons\Icons_Items_2.dds	1984	1280	63	63
Item_ALCH_Solution_Potion_DetectThoughts	Icons_Items_2.lsx	Public\Shared\Assets\Textures\Icons\Icons_Items_2.dds	193	1344	63	63
Item_ALCH_Solution_Potion_FeatherFall	Icons_Items_2.lsx	Public\Shared\Assets\Textures\Icons\Icons_Items_2.dds	65	1344	63	63
Item_ALCH_Solution_Remedy	Icons_Items_2.lsx	Public\Shared\Assets\Textures\Icons\Icons_Items_2.dds	0	1344	63	63
Item_ARM_Bandit_A	Icons_Items_2.lsx	Public\Shared\Assets\Textures\Icons\Icons_Items_2.dds	0	1792	63	63
Item_ARM_Barbarian	Icons_Items_2.lsx	Public\Shared\Assets\Textures\Icons\Icons_Items_2.dds	1216	1024	63	63
Item_ARM_Barbarian_Magic	Icons_Items_2.lsx	Public\Shared\Assets\Textures\Icons\Icons_Items_2.dds	1408	1024	63	63
Item_ARM_BootsOfSpeed	Icons_Items_2.lsx	Public\Shared\Assets\Textures\Icons\Icons_Items_2.dds	640	193	63	63
Item_ARM_BootsOfSpeed_2	Icons_Items_2.lsx	Public\Shared\Assets\Textures\Icons\Icons_Items_2.dds	448	1792	63	63
Item_ARM_Boots_Hide	Icons_Items_2.lsx	Public\Shared\Assets\Textures\Icons\Icons_Items_2.dds	65	1792	63	63
Item_ARM_Boots_Leather_2	Icons_Items_2.lsx	Public\Shared\Assets\Textures\Icons\Icons_Items_2.dds	129	1792	63	63
Item_ARM_Boots_Leather_A	Icons_Items_2.lsx	Public\Shared\Assets\Textures\Icons\Icons_Items_2.dds	1984	1664	63	63
Item_ARM_Boots_Leather_B	Icons_Items_2.lsx	Public\Shared\Assets\Textures\Icons\Icons_Items_2.dds	0	1728	63	63
Item_ARM_Boots_Leather_D	Icons_Items_2.lsx	Public\Shared\Assets\Textures\Icons\Icons_Items_2.dds	65	1728	63	63
Item_ARM_Boots_Leather_Druid	Icons_Items_2.lsx	Public\Shared\Assets\Textures\Icons\Icons_Items_2.dds	1984	512	63	63
Item_ARM_Boots_Leather_E	Icons_Items_2.lsx	Public\Shared\Assets\Textures\Icons\Icons_Items_2.dds	129	1728	63	63
Item_ARM_Boots_Leather_F	Icons_Items_2.lsx	Public\Shared\Assets\Textures\Icons\Icons_Items_2.dds	193	1728	63	63
Item_ARM_Boots_Metal_B	Icons_Items_2.lsx	Public\Shared\Assets\Textures\Icons\Icons_Items_2.dds	256	1728	63	63
Item_ARM_Boots_Metal_B_Magic	Icons_Items_2.lsx	Public\Shared\Assets\Textures\Icons\Icons_Items_2.dds	1984	1600	63	63
Item_ARM_Boots_Metal_C	Icons_Items_2.lsx	Public\Shared\Assets\Textures\Icons\Icons_Items_2.dds	0	1664	63	63
Item_ARM_Boots_Metal_C_Magic	Icons_Items_2.lsx	Public\Shared\Assets\Textures\Icons\Icons_Items_2.dds	65	1664	63	63
Item_ARM_Boots_Metal_D	Icons_Items_2.lsx	Public\Shared\Assets\Textures\Icons\Icons_Items_2.dds	193	1792	63	63
Item_ARM_Boots_Metal_D_Magic	Icons_Items_2.lsx	Public\Shared\Assets\Textures\Icons\Icons_Items_2.dds	256	1792	63	63
Item_ARM_Boots_Metal_E	Icons_Items_2.lsx	Public\Shared\Assets\Textures\Icons\Icons_Items_2.dds	320	1792	63	63
Item_ARM_Boots_Metal_E_Magic	Icons_Items_2.lsx	Public\Shared\Assets\Textures\Icons\Icons_Items_2.dds	384	1792	63	63
Item_ARM_Boots_Metal_F	Icons_Items_2.lsx	Public\Shared\Assets\Textures\Icons\Icons_Items_2.dds	320	1728	63	63
Item_ARM_Boots_Metal_F_Magic	Icons_Items_2.lsx	Public\Shared\Assets\Textures\Icons\Icons_Items_2.dds	384	1728	63	63
Item_ARM_Boots_Metal_Githyanki	Icons_Items_2.lsx	Public\Shared\Assets\Textures\Icons\Icons_Items_2.dds	448	1728	63	63
Item_ARM_Boots_Metal_Githyanki_B	Icons_Items_2.lsx	Public\Shared\Assets\Textures\Icons\Icons_Items_2.dds	512	1728	63	63
Item_ARM_Boots_Metal_Githyanki_B_Magic	Icons_Items_2.lsx	Public\Shared\Assets\Textures\Icons\Icons_Items_2.dds	576	1728	63	63
Item_ARM_Boots_Metal_Githyanki_Magic	Icons_Items_2.lsx	Public\Shared\Assets\Textures\Icons\Icons_Items_2.dds	129	1664	63	63
Item_ARM_Boots_Nightsong	Icons_Items_2.lsx	Public\Shared\Assets\Textures\Icons\Icons_Items_2.dds	193	1664	63	63
Item_ARM_Boots_Nightsong_Magic	Icons_Items_2.lsx	Public\Shared\Assets\Textures\Icons\Icons_Items_2.dds	256	1664	63	63
Item_ARM_Bracers_Barbarian	Icons_Items_2.lsx	Public\Shared\Assets\Textures\Icons\Icons_Items_2.dds	1536	1024	63	63
Item_ARM_BreastPlate_1_Magic	Icons_Items_2.lsx	Public\Shared\Assets\Textures\Icons\Icons_Items_2.dds	320	1664	63	63
Item_ARM_BreastPlate_2_Magic	Icons_Items_2.lsx	Public\Shared\Assets\Textures\Icons\Icons_Items_2.dds	448	1664	63	63
Item_ARM_BreastPlate_Adamantine_A	Icons_Items_2.lsx	Public\Shared\Assets\Textures\Icons\Icons_Items_2.dds	256	832	63	63
Item_ARM_Breastplate_2	Icons_Items_2.lsx	Public\Shared\Assets\Textures\Icons\Icons_Items_2.dds	384	1664	63	63
Item_ARM_Breastplate_BGWatch	Icons_Items_2.lsx	Public\Shared\Assets\Textures\Icons\Icons_Items_2.dds	1536	1536	63	63
Item_ARM_Breastplate_Githyanki	Icons_Items_2.lsx	Public\Shared\Assets\Textures\Icons\Icons_Items_2.dds	1600	1536	63	63
Item_ARM_ChainMail_2	Icons_Items_2.lsx	Public\Shared\Assets\Textures\Icons\Icons_Items_2.dds	1664	1536	63	63
Item_ARM_ChainShirt_3	Icons_Items_2.lsx	Public\Shared\Assets\Textures\Icons\Icons_Items_2.dds	1728	1536	63	63
Item_ARM_ChainShirt_Justiciar	Icons_Items_2.lsx	Public\Shared\Assets\Textures\Icons\Icons_Items_2.dds	1792	1536	63	63
Item_ARM_ChainShirt_Shar_Magic	Icons_Items_2.lsx	Public\Shared\Assets\Textures\Icons\Icons_Items_2.dds	1856	1536	63	63
Item_ARM_Civilian_Body	Icons_Items_2.lsx	Public\Shared\Assets\Textures\Icons\Icons_Items_2.dds	1920	1536	63	63
Item_ARM_Cloak	Icons_Items_2.lsx	Public\Shared\Assets\Textures\Icons\Icons_Items_2.dds	576	193	63	63
Item_ARM_Cloak_Long_B	Icons_Items_2.lsx	Public\Shared\Assets\Textures\Icons\Icons_Items_2.dds	1344	1472	63	63
Item_ARM_Cloak_Long_C	Icons_Items_2.lsx	Public\Shared\Assets\Textures\Icons\Icons_Items_2.dds	1408	1472	63	63
Item_ARM_Cloak_Long_C_1	Icons_Items_2.lsx	Public\Shared\Assets\Textures\Icons\Icons_Items_2.dds	1472	1472	63	63
Item_ARM_Cloak_Long_D	Icons_Items_2.lsx	Public\Shared\Assets\Textures\Icons\Icons_Items_2.dds	1536	1472	63	63
Item_ARM_Cloth	Icons_Items_2.lsx	Public\Shared\Assets\Textures\Icons\Icons_Items_2.dds	1600	1472	63	63
Item_ARM_Cloth_A_1	Icons_Items_2.lsx	Public\Shared\Assets\Textures\Icons\Icons_Items_2.dds	1664	1472	63	63
Item_ARM_Cloth_A_2	Icons_Items_2.lsx	Public\Shared\Assets\Textures\Icons\Icons_Items_2.dds	1728	1472	63	63
Item_ARM_Cloth_B_1	Icons_Items_2.lsx	Public\Shared\Assets\Textures\Icons\Icons_Items_2.dds	512	1792	63	63
Item_ARM_Cloth_B_2	Icons_Items_2.lsx	Public\Shared\Assets\Textures\Icons\Icons_Items_2.dds	576	1792	63	63
Item_ARM_Cult_Absolute_Headwear_A	Icons_Items_2.lsx	Public\Shared\Assets\Textures\Icons\Icons_Items_2.dds	640	1792	63	63
Item_ARM_Cult_Absolute_Headwear_A_Magic	Icons_Items_2.lsx	Public\Shared\Assets\Textures\Icons\Icons_Items_2.dds	640	1728	63	63
Item_ARM_Cult_Absolute_Headwear_B	Icons_Items_2.lsx	Public\Shared\Assets\Textures\Icons\Icons_Items_2.dds	704	1728	63	63
Item_ARM_Gloves_Barbarian_Magic	Icons_Items_2.lsx	Public\Shared\Assets\Textures\Icons\Icons_Items_2.dds	1472	1024	63	63
Item_ARM_Gloves_Barbarian_Magic_B	Icons_Items_2.lsx	Public\Shared\Assets\Textures\Icons\Icons_Items_2.dds	768	1728	63	63
Item_ARM_Gloves_Cloth_A	Icons_Items_2.lsx	Public\Shared\Assets\Textures\Icons\Icons_Items_2.dds	832	1728	63	63
Item_ARM_Gloves_Hide	Icons_Items_2.lsx	Public\Shared\Assets\Textures\Icons\Icons_Items_2.dds	896	1728	63	63
Item_ARM_Gloves_Leather_2	Icons_Items_2.lsx	Public\Shared\Assets\Textures\Icons\Icons_Items_2.dds	512	1664	63	63
Item_ARM_Gloves_Leather_3	Icons_Items_2.lsx	Public\Shared\Assets\Textures\Icons\Icons_Items_2.dds	576	1664	63	63
Item_ARM_Gloves_Leather_B	Icons_Items_2.lsx	Public\Shared\Assets\Textures\Icons\Icons_Items_2.dds	640	1664	63	63
Item_ARM_Gloves_Leather_D	Icons_Items_2.lsx	Public\Shared\Assets\Textures\Icons\Icons_Items_2.dds	704	1664	63	63
Item_ARM_Gloves_Leather_Druid	Icons_Items_2.lsx	Public\Shared\Assets\Textures\Icons\Icons_Items_2.dds	768	1664	63	63
Item_ARM_Gloves_Leather_Druid_B	Icons_Items_2.lsx	Public\Shared\Assets\Textures\Icons\Icons_Items_2.dds	1984	1536	63	63
Item_ARM_Gloves_Leather_Druid_B-Magic	Icons_Items_2.lsx	Public\Shared\Assets\Textures\Icons\Icons_Items_2.dds	832	1664	63	63
Item_ARM_Gloves_Leather_Druid_Magic	Icons_Items_2.lsx	Public\Shared\Assets\Textures\Icons\Icons_Items_2.dds	0	1600	63	63
Item_ARM_Gloves_Leather_E	Icons_Items_2.lsx	Public\Shared\Assets\Textures\Icons\Icons_Items_2.dds	65	1600	63	63
Item_ARM_Gloves_Leather_F	Icons_Items_2.lsx	Public\Shared\Assets\Textures\Icons\Icons_Items_2.dds	129	1600	63	63
Item_ARM_Gloves_Leather_G	Icons_Items_2.lsx	Public\Shared\Assets\Textures\Icons\Icons_Items_2.dds	193	1600	63	63
Item_ARM_Gloves_Leather_H	Icons_Items_2.lsx	Public\Shared\Assets\Textures\Icons\Icons_Items_2.dds	256	1600	63	63
Item_ARM_Gloves_Leather_I	Icons_Items_2.lsx	Public\Shared\Assets\Textures\Icons\Icons_Items_2.dds	1792	1472	63	63
Item_ARM_Gloves_Metal_2	Icons_Items_2.lsx	Public\Shared\Assets\Textures\Icons\Icons_Items_2.dds	1856	1472	63	63
Item_ARM_Gloves_Metal_C	Icons_Items_2.lsx	Public\Shared\Assets\Textures\Icons\Icons_Items_2.dds	1920	1472	63	63
Item_ARM_Gloves_Metal_D	Icons_Items_2.lsx	Public\Shared\Assets\Textures\Icons\Icons_Items_2.dds	1984	1472	63	63
Item_ARM_Gloves_Metal_E	Icons_Items_2.lsx	Public\Shared\Assets\Textures\Icons\Icons_Items_2.dds	0	1536	63	63
Item_ARM_Gloves_Metal_G	Icons_Items_2.lsx	Public\Shared\Assets\Textures\Icons\Icons_Items_2.dds	65	1536	63	63
Item_ARM_Gloves_Metal_H	Icons_Items_2.lsx	Public\Shared\Assets\Textures\Icons\Icons_Items_2.dds	129	1536	63	63
Item_ARM_Gloves_Metal_I	Icons_Items_2.lsx	Public\Shared\Assets\Textures\Icons\Icons_Items_2.dds	193	1536	63	63
Item_ARM_Gloves_Nightsong	Icons_Items_2.lsx	Public\Shared\Assets\Textures\Icons\Icons_Items_2.dds	65	1472	63	63
Item_ARM_Gloves_Scalemail_A	Icons_Items_2.lsx	Public\Shared\Assets\Textures\Icons\Icons_Items_2.dds	129	1472	63	63
Item_ARM_HalfPlate_2	Icons_Items_2.lsx	Public\Shared\Assets\Textures\Icons\Icons_Items_2.dds	193	1472	63	63
Item_ARM_HalfPlate_3	Icons_Items_2.lsx	Public\Shared\Assets\Textures\Icons\Icons_Items_2.dds	256	1472	63	63
Item_ARM_HalfPlate_FlamingFist	Icons_Items_2.lsx	Public\Shared\Assets\Textures\Icons\Icons_Items_2.dds	320	1472	63	63
Item_ARM_HalfPlate_FlamingFist_B	Icons_Items_2.lsx	Public\Shared\Assets\Textures\Icons\Icons_Items_2.dds	384	1472	63	63
Item_ARM_HalfPlate_FlamingFist_Magic	Icons_Items_2.lsx	Public\Shared\Assets\Textures\Icons\Icons_Items_2.dds	448	1472	63	63
Item_ARM_Hat_A	Icons_Items_2.lsx	Public\Shared\Assets\Textures\Icons\Icons_Items_2.dds	704	1792	63	63
Item_ARM_Hat_Butler	Icons_Items_2.lsx	Public\Shared\Assets\Textures\Icons\Icons_Items_2.dds	768	1792	63	63
Item_ARM_Hat_Circushat	Icons_Items_2.lsx	Public\Shared\Assets\Textures\Icons\Icons_Items_2.dds	832	1792	63	63
Item_ARM_Hat_Circushat_Magic	Icons_Items_2.lsx	Public\Shared\Assets\Textures\Icons\Icons_Items_2.dds	896	1792	63	63
Item_ARM_Hat_Wizard_A	Icons_Items_2.lsx	Public\Shared\Assets\Textures\Icons\Icons_Items_2.dds	960	1792	63	63
Item_ARM_Hat_Wizard_B	Icons_Items_2.lsx	Public\Shared\Assets\Textures\Icons\Icons_Items_2.dds	960	1728	63	63
Item_ARM_Hat_Wizard_C	Icons_Items_2.lsx	Public\Shared\Assets\Textures\Icons\Icons_Items_2.dds	1024	1728	63	63
Item_ARM_Hat_Wizard_D	Icons_Items_2.lsx	Public\Shared\Assets\Textures\Icons\Icons_Items_2.dds	1088	1728	63	63
Item_ARM_Hat_Wizard_E	Icons_Items_2.lsx	Public\Shared\Assets\Textures\Icons\Icons_Items_2.dds	896	1664	63	63
Item_ARM_Hat_Wizard_F	Icons_Items_2.lsx	Public\Shared\Assets\Textures\Icons\Icons_Items_2.dds	960	1664	63	63
Item_ARM_Hat_Wizard_G	Icons_Items_2.lsx	Public\Shared\Assets\Textures\Icons\Icons_Items_2.dds	1024	1664	63	63
Item_ARM_Hat_Wizard_H	Icons_Items_2.lsx	Public\Shared\Assets\Textures\Icons\Icons_Items_2.dds	1088	1664	63	63
Item_ARM_Headwear_Circlet_B_Ketheric	Icons_Items_2.lsx	Public\Shared\Assets\Textures\Icons\Icons_Items_2.dds	1152	1664	63	63
Item_ARM_Headwear_Circlet_B_Ketheric_Magic	Icons_Items_2.lsx	Public\Shared\Assets\Textures\Icons\Icons_Items_2.dds	320	1600	63	63
Item_ARM_Headwear_Circlet_Githyanki_A	Icons_Items_2.lsx	Public\Shared\Assets\Textures\Icons\Icons_Items_2.dds	384	1600	63	63
Item_ARM_Headwear_Circlet_Isobele_A	Icons_Items_2.lsx	Public\Shared\Assets\Textures\Icons\Icons_Items_2.dds	448	1600	63	63
Item_ARM_Headwear_Circlet_Ketheric	Icons_Items_2.lsx	Public\Shared\Assets\Textures\Icons\Icons_Items_2.dds	512	1600	63	63
Item_ARM_Headwear_Druid_C	Icons_Items_2.lsx	Public\Shared\Assets\Textures\Icons\Icons_Items_2.dds	576	1600	63	63
Item_ARM_Headwear_Isobel_A	Icons_Items_2.lsx	Public\Shared\Assets\Textures\Icons\Icons_Items_2.dds	640	1600	63	63
Item_ARM_HelmOfTeleportation	Icons_Items_2.lsx	Public\Shared\Assets\Textures\Icons\Icons_Items_2.dds	960	1536	63	63
Item_ARM_Helmet_BG_Watch_Metal_A	Icons_Items_2.lsx	Public\Shared\Assets\Textures\Icons\Icons_Items_2.dds	256	1536	63	63
Item_ARM_Helmet_BG_Watch_Metal_B	Icons_Items_2.lsx	Public\Shared\Assets\Textures\Icons\Icons_Items_2.dds	320	1536	63	63
Item_ARM_Helmet_Barbarian_Magic	Icons_Items_2.lsx	Public\Shared\Assets\Textures\Icons\Icons_Items_2.dds	1600	1024	63	63
Item_ARM_Helmet_Barbarian_Magic_B	Icons_Items_2.lsx	Public\Shared\Assets\Textures\Icons\Icons_Items_2.dds	704	1600	63	63
Item_ARM_Helmet_Leather_2	Icons_Items_2.lsx	Public\Shared\Assets\Textures\Icons\Icons_Items_2.dds	320	1152	63	63
Item_ARM_Helmet_Leather_3	Icons_Items_2.lsx	Public\Shared\Assets\Textures\Icons\Icons_Items_2.dds	384	1536	63	63
Item_ARM_Helmet_Leather_D	Icons_Items_2.lsx	Public\Shared\Assets\Textures\Icons\Icons_Items_2.dds	448	1536	63	63
Item_ARM_Helmet_Leather_Druid	Icons_Items_2.lsx	Public\Shared\Assets\Textures\Icons\Icons_Items_2.dds	1920	512	63	63
Item_ARM_Helmet_Leather_E	Icons_Items_2.lsx	Public\Shared\Assets\Textures\Icons\Icons_Items_2.dds	512	1536	63	63
Item_ARM_Helmet_Leather_G	Icons_Items_2.lsx	Public\Shared\Assets\Textures\Icons\Icons_Items_2.dds	576	1536	63	63
Item_ARM_Helmet_Metal_2	Icons_Items_2.lsx	Public\Shared\Assets\Textures\Icons\Icons_Items_2.dds	640	1536	63	63
Item_ARM_Helmet_Metal_A	Icons_Items_2.lsx	Public\Shared\Assets\Textures\Icons\Icons_Items_2.dds	512	1472	63	63
Item_ARM_Helmet_Metal_A_B	Icons_Items_2.lsx	Public\Shared\Assets\Textures\Icons\Icons_Items_2.dds	576	1472	63	63
Item_ARM_Helmet_Metal_A_B_Magic	Icons_Items_2.lsx	Public\Shared\Assets\Textures\Icons\Icons_Items_2.dds	640	1472	63	63
Item_ARM_Helmet_Metal_A_Magic	Icons_Items_2.lsx	Public\Shared\Assets\Textures\Icons\Icons_Items_2.dds	704	1472	63	63
Item_ARM_Helmet_Metal_B_02	Icons_Items_2.lsx	Public\Shared\Assets\Textures\Icons\Icons_Items_2.dds	1024	1792	63	63
Item_ARM_Helmet_Metal_B_Magic	Icons_Items_2.lsx	Public\Shared\Assets\Textures\Icons\Icons_Items_2.dds	1088	1792	63	63
Item_ARM_Helmet_Metal_D	Icons_Items_2.lsx	Public\Shared\Assets\Textures\Icons\Icons_Items_2.dds	1152	1792	63	63
Item_ARM_Helmet_Metal_D_Magic	Icons_Items_2.lsx	Public\Shared\Assets\Textures\Icons\Icons_Items_2.dds	1152	1728	63	63
Item_ARM_Helmet_Metal_Dark_Justiciar_A	Icons_Items_2.lsx	Public\Shared\Assets\Textures\Icons\Icons_Items_2.dds	1216	1792	63	63
Item_ARM_Helmet_Metal_Dark_Justiciar_A_Magic	Icons_Items_2.lsx	Public\Shared\Assets\Textures\Icons\Icons_Items_2.dds	1280	1792	63	63
Item_ARM_Helmet_Metal_Dark_Justiciar_B	Icons_Items_2.lsx	Public\Shared\Assets\Textures\Icons\Icons_Items_2.dds	1216	1728	63	63
Item_ARM_Helmet_Metal_Dark_Justiciar_B_Magic	Icons_Items_2.lsx	Public\Shared\Assets\Textures\Icons\Icons_Items_2.dds	1280	1728	63	63
Item_ARM_Helmet_Metal_Dark_Justiciar_C	Icons_Items_2.lsx	Public\Shared\Assets\Textures\Icons\Icons_Items_2.dds	1344	1728	63	63
Item_ARM_Helmet_Metal_Dark_Justiciar_C_Magic	Icons_Items_2.lsx	Public\Shared\Assets\Textures\Icons\Icons_Items_2.dds	1408	1728	63	63
Item_ARM_Helmet_Metal_E_B	Icons_Items_2.lsx	Public\Shared\Assets\Textures\Icons\Icons_Items_2.dds	1216	1664	63	63
Item_ARM_Helmet_Metal_E_B_Magic	Icons_Items_2.lsx	Public\Shared\Assets\Textures\Icons\Icons_Items_2.dds	1280	1664	63	63
Item_ARM_Helmet_Metal_F	Icons_Items_2.lsx	Public\Shared\Assets\Textures\Icons\Icons_Items_2.dds	1344	1664	63	63
Item_ARM_Helmet_Metal_F_B	Icons_Items_2.lsx	Public\Shared\Assets\Textures\Icons\Icons_Items_2.dds	768	1600	63	63
Item_ARM_Helmet_Metal_F_B_Magic	Icons_Items_2.lsx	Public\Shared\Assets\Textures\Icons\Icons_Items_2.dds	832	1600	63	63
Item_ARM_Helmet_Metal_F_Magic	Icons_Items_2.lsx	Public\Shared\Assets\Textures\Icons\Icons_Items_2.dds	896	1600	63	63
Item_ARM_Helmet_Metal_FlamingFist_A	Icons_Items_2.lsx	Public\Shared\Assets\Textures\Icons\Icons_Items_2.dds	1408	1664	63	63
Item_ARM_Helmet_Metal_FlamingFist_A_Magic	Icons_Items_2.lsx	Public\Shared\Assets\Textures\Icons\Icons_Items_2.dds	1472	1664	63	63
Item_ARM_Helmet_Metal_FlamingFist_B	Icons_Items_2.lsx	Public\Shared\Assets\Textures\Icons\Icons_Items_2.dds	960	1600	63	63
Item_ARM_Helmet_Metal_FlamingFist_C	Icons_Items_2.lsx	Public\Shared\Assets\Textures\Icons\Icons_Items_2.dds	1024	1600	63	63
Item_ARM_Helmet_Metal_H	Icons_Items_2.lsx	Public\Shared\Assets\Textures\Icons\Icons_Items_2.dds	1088	1600	63	63
Item_ARM_Helmet_Metal_H_Magic	Icons_Items_2.lsx	Public\Shared\Assets\Textures\Icons\Icons_Items_2.dds	704	1536	63	63
Item_ARM_Helmet_Metal_J	Icons_Items_2.lsx	Public\Shared\Assets\Textures\Icons\Icons_Items_2.dds	768	1536	63	63
Item_ARM_Helmet_Metal_J_Magic	Icons_Items_2.lsx	Public\Shared\Assets\Textures\Icons\Icons_Items_2.dds	832	1536	63	63
Item_ARM_Helmet_Nightsong	Icons_Items_2.lsx	Public\Shared\Assets\Textures\Icons\Icons_Items_2.dds	896	1536	63	63
Item_ARM_Hide_2	Icons_Items_2.lsx	Public\Shared\Assets\Textures\Icons\Icons_Items_2.dds	1024	1536	63	63
Item_ARM_Ketheric_Body_B	Icons_Items_2.lsx	Public\Shared\Assets\Textures\Icons\Icons_Items_2.dds	1088	1536	63	63
Item_ARM_Leather_2	Icons_Items_2.lsx	Public\Shared\Assets\Textures\Icons\Icons_Items_2.dds	768	1472	63	63
Item_ARM_Leather_3	Icons_Items_2.lsx	Public\Shared\Assets\Textures\Icons\Icons_Items_2.dds	832	1472	63	63
Item_ARM_Leather_4	Icons_Items_2.lsx	Public\Shared\Assets\Textures\Icons\Icons_Items_2.dds	896	1472	63	63
Item_ARM_Leather_Drow	Icons_Items_2.lsx	Public\Shared\Assets\Textures\Icons\Icons_Items_2.dds	960	1472	63	63
Item_ARM_Leather_Drow_Magic	Icons_Items_2.lsx	Public\Shared\Assets\Textures\Icons\Icons_Items_2.dds	1024	1472	63	63
Item_ARM_Leather_Druid_A	Icons_Items_2.lsx	Public\Shared\Assets\Textures\Icons\Icons_Items_2.dds	0	576	63	63
Item_ARM_Leather_Druid_A_2	Icons_Items_2.lsx	Public\Shared\Assets\Textures\Icons\Icons_Items_2.dds	1088	1472	63	63
Item_ARM_Leather_Rogue	Icons_Items_2.lsx	Public\Shared\Assets\Textures\Icons\Icons_Items_2.dds	1152	1472	63	63
Item_ARM_Nightsong	Icons_Items_2.lsx	Public\Shared\Assets\Textures\Icons\Icons_Items_2.dds	1216	1472	63	63
Item_ARM_Padded_2	Icons_Items_2.lsx	Public\Shared\Assets\Textures\Icons\Icons_Items_2.dds	1344	1792	63	63
Item_ARM_Padded_2_B	Icons_Items_2.lsx	Public\Shared\Assets\Textures\Icons\Icons_Items_2.dds	1408	1792	63	63
Item_ARM_Padded_3	Icons_Items_2.lsx	Public\Shared\Assets\Textures\Icons\Icons_Items_2.dds	1472	1792	63	63
Item_ARM_Padded_4	Icons_Items_2.lsx	Public\Shared\Assets\Textures\Icons\Icons_Items_2.dds	1536	1792	63	63
Item_ARM_Padded_Broken	Icons_Items_2.lsx	Public\Shared\Assets\Textures\Icons\Icons_Items_2.dds	1472	1728	63	63
Item_ARM_Paladin_1	Icons_Items_2.lsx	Public\Shared\Assets\Textures\Icons\Icons_Items_2.dds	1536	1728	63	63
Item_ARM_Plate_2	Icons_Items_2.lsx	Public\Shared\Assets\Textures\Icons\Icons_Items_2.dds	1600	1728	63	63
Item_ARM_Plate_Dwarven	Icons_Items_2.lsx	Public\Shared\Assets\Textures\Icons\Icons_Items_2.dds	1664	1728	63	63
Item_ARM_RingMail_2	Icons_Items_2.lsx	Public\Shared\Assets\Textures\Icons\Icons_Items_2.dds	1536	1664	63	63
Item_ARM_Robe_2	Icons_Items_2.lsx	Public\Shared\Assets\Textures\Icons\Icons_Items_2.dds	1600	1664	63	63
Item_ARM_Robe_B	Icons_Items_2.lsx	Public\Shared\Assets\Textures\Icons\Icons_Items_2.dds	1664	1664	63	63
Item_ARM_Robe_B_2	Icons_Items_2.lsx	Public\Shared\Assets\Textures\Icons\Icons_Items_2.dds	1152	1600	63	63
Item_ARM_Robe_Bard_A	Icons_Items_2.lsx	Public\Shared\Assets\Textures\Icons\Icons_Items_2.dds	1280	1280	63	63
Item_ARM_Robe_CultOfAbsolute	Icons_Items_2.lsx	Public\Shared\Assets\Textures\Icons\Icons_Items_2.dds	1216	1600	63	63
Item_ARM_Robe_CultOfAbsolute_Magic	Icons_Items_2.lsx	Public\Shared\Assets\Textures\Icons\Icons_Items_2.dds	1280	1600	63	63
Item_ARM_Robe_D	Icons_Items_2.lsx	Public\Shared\Assets\Textures\Icons\Icons_Items_2.dds	1344	1600	63	63
Item_ARM_Robe_D_Magic	Icons_Items_2.lsx	Public\Shared\Assets\Textures\Icons\Icons_Items_2.dds	1408	1600	63	63
Item_ARM_Robe_FlamingFist	Icons_Items_2.lsx	Public\Shared\Assets\Textures\Icons\Icons_Items_2.dds	1472	1600	63	63
Item_ARM_Robe_Sorcerer	Icons_Items_2.lsx	Public\Shared\Assets\Textures\Icons\Icons_Items_2.dds	0	896	63	63
Item_ARM_ScaleMail_FlamingFist	Icons_Items_2.lsx	Public\Shared\Assets\Textures\Icons\Icons_Items_2.dds	1152	1536	63	63
Item_ARM_ScaleMail_FlamingFist_Magic	Icons_Items_2.lsx	Public\Shared\Assets\Textures\Icons\Icons_Items_2.dds	1216	1536	63	63
Item_ARM_ScaleMail_Paladin_Ancients	Icons_Items_2.lsx	Public\Shared\Assets\Textures\Icons\Icons_Items_2.dds	1344	1152	63	63
Item_ARM_ScaleMail_Paladin_Devotion	Icons_Items_2.lsx	Public\Shared\Assets\Textures\Icons\Icons_Items_2.dds	1280	1152	63	63
Item_ARM_ScaleMail_Paladin_Devotion_2	Icons_Items_2.lsx	Public\Shared\Assets\Textures\Icons\Icons_Items_2.dds	1280	1536	63	63
Item_ARM_ScaleMail_Paladin_Devotion_Magic	Icons_Items_2.lsx	Public\Shared\Assets\Textures\Icons\Icons_Items_2.dds	1344	1536	63	63
Item_ARM_ScaleMail_Paladin_Vengeance_2	Icons_Items_2.lsx	Public\Shared\Assets\Textures\Icons\Icons_Items_2.dds	1408	1536	63	63
Item_ARM_ScaleMail_Paladin_Vengeance_Magic	Icons_Items_2.lsx	Public\Shared\Assets\Textures\Icons\Icons_Items_2.dds	1472	1536	63	63
Item_ARM_Scalemail_Adamantine_A	Icons_Items_2.lsx	Public\Shared\Assets\Textures\Icons\Icons_Items_2.dds	1536	1600	63	63
Item_ARM_Shar_Crown_A	Icons_Items_2.lsx	Public\Shared\Assets\Textures\Icons\Icons_Items_2.dds	1280	1472	63	63
Item_ARM_Shar_Crown_A_Magic	Icons_Items_2.lsx	Public\Shared\Assets\Textures\Icons\Icons_Items_2.dds	1600	1792	63	63
Item_ARM_Shar_Crown_B_Broken_Magic	Icons_Items_2.lsx	Public\Shared\Assets\Textures\Icons\Icons_Items_2.dds	1152	896	63	63
Item_ARM_Shoes_A	Icons_Items_2.lsx	Public\Shared\Assets\Textures\Icons\Icons_Items_2.dds	1664	1792	63	63
Item_ARM_Shoes_Barbarian	Icons_Items_2.lsx	Public\Shared\Assets\Textures\Icons\Icons_Items_2.dds	1280	1024	63	63
Item_ARM_Shoes_Barbarian_Magic	Icons_Items_2.lsx	Public\Shared\Assets\Textures\Icons\Icons_Items_2.dds	1344	1024	63	63
Item_ARM_Shoes_Barbarian_Magic_B	Icons_Items_2.lsx	Public\Shared\Assets\Textures\Icons\Icons_Items_2.dds	1728	1792	63	63
Item_ARM_Shoes_Bard	Icons_Items_2.lsx	Public\Shared\Assets\Textures\Icons\Icons_Items_2.dds	1600	1280	63	63
Item_ARM_Shoes_C	Icons_Items_2.lsx	Public\Shared\Assets\Textures\Icons\Icons_Items_2.dds	1792	1792	63	63
Item_ARM_Shoes_C_Magic	Icons_Items_2.lsx	Public\Shared\Assets\Textures\Icons\Icons_Items_2.dds	1856	1792	63	63
Item_ARM_Shoes_D	Icons_Items_2.lsx	Public\Shared\Assets\Textures\Icons\Icons_Items_2.dds	1728	1728	63	63
Item_ARM_Shoes_E	Icons_Items_2.lsx	Public\Shared\Assets\Textures\Icons\Icons_Items_2.dds	1792	1728	63	63
Item_ARM_Shoes_E_Magic	Icons_Items_2.lsx	Public\Shared\Assets\Textures\Icons\Icons_Items_2.dds	1856	1728	63	63
Item_ARM_Shoes_F	Icons_Items_2.lsx	Public\Shared\Assets\Textures\Icons\Icons_Items_2.dds	1920	1728	63	63
Item_ARM_Shoes_F_Magic	Icons_Items_2.lsx	Public\Shared\Assets\Textures\Icons\Icons_Items_2.dds	1984	1728	63	63
Item_ARM_Shoes_G	Icons_Items_2.lsx	Public\Shared\Assets\Textures\Icons\Icons_Items_2.dds	1728	1664	63	63
Item_ARM_Shoes_G_Magic	Icons_Items_2.lsx	Public\Shared\Assets\Textures\Icons\Icons_Items_2.dds	1792	1664	63	63
Item_ARM_Shoes_H	Icons_Items_2.lsx	Public\Shared\Assets\Textures\Icons\Icons_Items_2.dds	1856	1664	63	63
Item_ARM_Shoes_H_Magic	Icons_Items_2.lsx	Public\Shared\Assets\Textures\Icons\Icons_Items_2.dds	1920	1664	63	63
Item_ARM_Splint_2	Icons_Items_2.lsx	Public\Shared\Assets\Textures\Icons\Icons_Items_2.dds	1600	1600	63	63
Item_ARM_Splint_Adamantine_A	Icons_Items_2.lsx	Public\Shared\Assets\Textures\Icons\Icons_Items_2.dds	193	832	63	63
Item_ARM_StuddedLeather_2	Icons_Items_2.lsx	Public\Shared\Assets\Textures\Icons\Icons_Items_2.dds	1664	1600	63	63
Item_ARM_StuddedLeather_CultOfAbsolute	Icons_Items_2.lsx	Public\Shared\Assets\Textures\Icons\Icons_Items_2.dds	1728	1600	63	63
Item_ARM_StuddedLeather_CultOfAbsolute_Magic	Icons_Items_2.lsx	Public\Shared\Assets\Textures\Icons\Icons_Items_2.dds	1792	1600	63	63
Item_ARM_StuddedLeather_Drow_2	Icons_Items_2.lsx	Public\Shared\Assets\Textures\Icons\Icons_Items_2.dds	1856	1600	63	63
Item_ARM_StuddedLeather_Drow_Magic	Icons_Items_2.lsx	Public\Shared\Assets\Textures\Icons\Icons_Items_2.dds	1920	1600	63	63
Item_BASE_DEC_Training_Dummy	Icons_Items_2.lsx	Public\Shared\Assets\Textures\Icons\Icons_Items_2.dds	256	1216	63	63
Item_BLD_GEN_Platform_SpiderWeb_A	Icons_Items_2.lsx	Public\Shared\Assets\Textures\Icons\Icons_Items_2.dds	576	960	63	63
Item_BLD_GEN_Village_House_Brick_A_Dynamic	Icons_Items_2.lsx	Public\Shared\Assets\Textures\Icons\Icons_Items_2.dds	1152	1216	63	63
Item_BLD_HAG_Vinecage_A	Icons_Items_2.lsx	Public\Shared\Assets\Textures\Icons\Icons_Items_2.dds	1984	576	63	63
Item_BLD_MF_Nautiloid_Mind_Draining_Device_Plaque_B	Icons_Items_2.lsx	Public\Shared\Assets\Textures\Icons\Icons_Items_2.dds	1344	384	63	63
Item_BLD_MF_Nautiloid_Mind_Draining_Device_Plaque_C	Icons_Items_2.lsx	Public\Shared\Assets\Textures\Icons\Icons_Items_2.dds	1280	384	63	63
Item_BLD_Tavern_Barrel_Wine_A_Dirty_A	Icons_Items_2.lsx	Public\Shared\Assets\Textures\Icons\Icons_Items_2.dds	0	768	63	63
Item_BLD_Village_House_Door_A_Wood_Scenery_B	Icons_Items_2.lsx	Public\Shared\Assets\Textures\Icons\Icons_Items_2.dds	1216	1152	63	63
Item_BOOK_GEN_Books_Pile_A	Icons_Items_2.lsx	Public\Shared\Assets\Textures\Icons\Icons_Items_2.dds	65	768	63	63
Item_BOOK_GEN_Books_Row_Multiple_D	Icons_Items_2.lsx	Public\Shared\Assets\Textures\Icons\Icons_Items_2.dds	129	640	63	63
Item_BOOK_GEN_Books_Stack_A	Icons_Items_2.lsx	Public\Shared\Assets\Textures\Icons\Icons_Items_2.dds	1728	704	63	63
Item_BOOK_GEN_Scroll_Druidrite_A	Icons_Items_2.lsx	Public\Shared\Assets\Textures\Icons\Icons_Items_2.dds	1920	896	63	63
Item_BOOK_GEN_Scroll_Jergal_A	Icons_Items_2.lsx	Public\Shared\Assets\Textures\Icons\Icons_Items_2.dds	1024	1024	63	63
Item_BOOK_GEN_Scroll_Jergal_B	Icons_Items_2.lsx	Public\Shared\Assets\Textures\Icons\Icons_Items_2.dds	1088	1024	63	63
Item_BOOK_GEN_Scroll_Jergal_C	Icons_Items_2.lsx	Public\Shared\Assets\Textures\Icons\Icons_Items_2.dds	1152	1024	63	63
Item_BOOK_GEN_Scroll_Jergal_D	Icons_Items_2.lsx	Public\Shared\Assets\Textures\Icons\Icons_Items_2.dds	960	1024	63	63
Item_BOOK_GEN_Scroll_Jergal_E	Icons_Items_2.lsx	Public\Shared\Assets\Textures\Icons\Icons_Items_2.dds	896	1024	63	63
Item_BOOK_GEN_Scroll_Parchment_C_Open_C	Icons_Items_2.lsx	Public\Shared\Assets\Textures\Icons\Icons_Items_2.dds	129	129	63	63
Item_BOOK_Wizards_Tome_Antidote_Recipe_A	Icons_Items_2.lsx	Public\Shared\Assets\Textures\Icons\Icons_Items_2.dds	1856	896	63	63
Item_BOOK_Wizards_Tome_Generic_A	Icons_Items_2.lsx	Public\Shared\Assets\Textures\Icons\Icons_Items_2.dds	193	129	63	63
Item_BOOK_Wizards_Tome_Generic_B	Icons_Items_2.lsx	Public\Shared\Assets\Textures\Icons\Icons_Items_2.dds	256	129	63	63
Item_BOOK_Wizards_Tome_Generic_C	Icons_Items_2.lsx	Public\Shared\Assets\Textures\Icons\Icons_Items_2.dds	320	129	63	63
Item_BOOK_Wizards_Tome_Generic_D	Icons_Items_2.lsx	Public\Shared\Assets\Textures\Icons\Icons_Items_2.dds	1472	256	63	63
Item_BOOK_Wizards_Tome_Generic_E	Icons_Items_2.lsx	Public\Shared\Assets\Textures\Icons\Icons_Items_2.dds	1728	512	63	63
Item_BOOK_Wizards_Tome_Generic_F	Icons_Items_2.lsx	Public\Shared\Assets\Textures\Icons\Icons_Items_2.dds	1536	256	63	63
Item_BOOK_Wizards_Tome_Generic_G	Icons_Items_2.lsx	Public\Shared\Assets\Textures\Icons\Icons_Items_2.dds	1600	256	63	63
Item_BOOK_Wizards_Tome_Notebook_C	Icons_Items_2.lsx	Public\Shared\Assets\Textures\Icons\Icons_Items_2.dds	960	896	63	63
Item_BOOK_Wizards_Tome_Ornate_A	Icons_Items_2.lsx	Public\Shared\Assets\Textures\Icons\Icons_Items_2.dds	1024	256	63	63
Item_BOOK_Wizards_Tome_Ornate_B	Icons_Items_2.lsx	Public\Shared\Assets\Textures\Icons\Icons_Items_2.dds	1088	256	63	63
Item_BOOK_Wizards_Tome_Ornate_C	Icons_Items_2.lsx	Public\Shared\Assets\Textures\Icons\Icons_Items_2.dds	1152	256	63	63
Item_BOOK_Wizards_Tome_Ornate_D	Icons_Items_2.lsx	Public\Shared\Assets\Textures\Icons\Icons_Items_2.dds	1216	256	63	63
Item_BOOK_Wizards_Tome_Ornate_E	Icons_Items_2.lsx	Public\Shared\Assets\Textures\Icons\Icons_Items_2.dds	1280	256	63	63
Item_BOOK_Wizards_Tome_Ornate_F	Icons_Items_2.lsx	Public\Shared\Assets\Textures\Icons\Icons_Items_2.dds	1344	256	63	63
Item_BOOK_Wizards_Tome_Ornate_G	Icons_Items_2.lsx	Public\Shared\Assets\Textures\Icons\Icons_Items_2.dds	1408	256	63	63
Item_BOOK_Wizards_Tome_Ornate_H	Icons_Items_2.lsx	Public\Shared\Assets\Textures\Icons\Icons_Items_2.dds	1664	256	63	63
Item_BOOK_Wizards_Tome_Shadow_Tenets_A	Icons_Items_2.lsx	Public\Shared\Assets\Textures\Icons\Icons_Items_2.dds	1792	896	63	63
Item_BOOK_Wizards_Tome_Simple_A	Icons_Items_2.lsx	Public\Shared\Assets\Textures\Icons\Icons_Items_2.dds	1728	256	63	63
Item_BOOK_Wizards_Tome_Simple_B	Icons_Items_2.lsx	Public\Shared\Assets\Textures\Icons\Icons_Items_2.dds	1792	256	63	63
Item_BOOK_Wizards_Tome_Simple_C	Icons_Items_2.lsx	Public\Shared\Assets\Textures\Icons\Icons_Items_2.dds	1856	256	63	63
Item_BOOK_Wizards_Tome_Simple_D	Icons_Items_2.lsx	Public\Shared\Assets\Textures\Icons\Icons_Items_2.dds	1920	256	63	63
Item_BOOK_Wizards_Tome_Simple_E	Icons_Items_2.lsx	Public\Shared\Assets\Textures\Icons\Icons_Items_2.dds	1984	256	63	63
Item_BOOK_Wizards_Tome_Simple_F	Icons_Items_2.lsx	Public\Shared\Assets\Textures\Icons\Icons_Items_2.dds	0	320	63	63
Item_CHA_SeluneChosenAmulet	Icons_Items_2.lsx	Public\Shared\Assets\Textures\Icons\Icons_Items_2.dds	0	0	63	63
Item_CONS_Drink_Wine_I	Icons_Items_2.lsx	Public\Shared\Assets\Textures\Icons\Icons_Items_2.dds	65	0	63	63
Item_CONS_FOOD_Fish_Rotten_A	Icons_Items_2.lsx	Public\Shared\Assets\Textures\Icons\Icons_Items_2.dds	1280	768	63	63
Item_CONS_FOOD_Fish_Rotten_B	Icons_Items_2.lsx	Public\Shared\Assets\Textures\Icons\Icons_Items_2.dds	1408	768	63	63
Item_CONS_FOOD_Fish_Rotten_C	Icons_Items_2.lsx	Public\Shared\Assets\Textures\Icons\Icons_Items_2.dds	1152	768	63	63
Item_CONS_FOOD_Fish_Rotten_D	Icons_Items_2.lsx	Public\Shared\Assets\Textures\Icons\Icons_Items_2.dds	1344	768	63	63
Item_CONS_FOOD_Fruit_Apple_A copy	Icons_Items_2.lsx	Public\Shared\Assets\Textures\Icons\Icons_Items_2.dds	129	0	63	63
Item_CONS_FOOD_Fruit_Apple_Eaten_A	Icons_Items_2.lsx	Public\Shared\Assets\Textures\Icons\Icons_Items_2.dds	384	384	63	63
Item_CONS_FOOD_Fruit_Banana_A_Rotten	Icons_Items_2.lsx	Public\Shared\Assets\Textures\Icons\Icons_Items_2.dds	1088	768	63	63
Item_CONS_FOOD_Fruit_Lemon_A_Rotten	Icons_Items_2.lsx	Public\Shared\Assets\Textures\Icons\Icons_Items_2.dds	1536	768	63	63
Item_CONS_FOOD_Vegetable_Carrot_A_Rotten	Icons_Items_2.lsx	Public\Shared\Assets\Textures\Icons\Icons_Items_2.dds	1472	768	63	63
Item_CONS_FOOD_Vegetable_Tomato_A_Rotten	Icons_Items_2.lsx	Public\Shared\Assets\Textures\Icons\Icons_Items_2.dds	1216	768	63	63
Item_CONS_Fungi_Mushroom_Agaric_A_Rotten	Icons_Items_2.lsx	Public\Shared\Assets\Textures\Icons\Icons_Items_2.dds	960	768	63	63
Item_CONS_Fungi_Mushroom_Agaric_B_Rotten	Icons_Items_2.lsx	Public\Shared\Assets\Textures\Icons\Icons_Items_2.dds	1024	768	63	63
Item_CONS_GEN_Food_Bowl_Soup_Mushroom_A	Icons_Items_2.lsx	Public\Shared\Assets\Textures\Icons\Icons_Items_2.dds	193	0	63	63
Item_CONS_GEN_Food_Bowl_Soup_Onion_A	Icons_Items_2.lsx	Public\Shared\Assets\Textures\Icons\Icons_Items_2.dds	256	0	63	63
Item_CONS_GEN_Food_Bowl_Soup_Onion_Rich_A	Icons_Items_2.lsx	Public\Shared\Assets\Textures\Icons\Icons_Items_2.dds	320	0	63	63
Item_CONS_GEN_Food_Bowl_Soup_Peas_A	Icons_Items_2.lsx	Public\Shared\Assets\Textures\Icons\Icons_Items_2.dds	384	0	63	63
Item_CONS_GEN_Food_Bowl_Soup_Shrimp_Rich_A	Icons_Items_2.lsx	Public\Shared\Assets\Textures\Icons\Icons_Items_2.dds	448	0	63	63
Item_CONS_GEN_Food_Bowl_Soup_Vegetable_A	Icons_Items_2.lsx	Public\Shared\Assets\Textures\Icons\Icons_Items_2.dds	512	0	63	63
Item_CONS_GEN_Food_Bowl_Soup_Vegetable_Rich_A	Icons_Items_2.lsx	Public\Shared\Assets\Textures\Icons\Icons_Items_2.dds	576	0	63	63
Item_CONS_GEN_Food_Cheese_Blue_Piece_A_Rotten	Icons_Items_2.lsx	Public\Shared\Assets\Textures\Icons\Icons_Items_2.dds	896	768	63	63
Item_CONS_GEN_Food_Cheese_Blue_Piece_B_Rotten	Icons_Items_2.lsx	Public\Shared\Assets\Textures\Icons\Icons_Items_2.dds	832	768	63	63
Item_CONS_GEN_Food_Cheese_Blue_Wheel_A_Rotten	Icons_Items_2.lsx	Public\Shared\Assets\Textures\Icons\Icons_Items_2.dds	768	768	63	63
Item_CONS_GEN_Food_Cheese_Cheddar_Piece_A_Rotten	Icons_Items_2.lsx	Public\Shared\Assets\Textures\Icons\Icons_Items_2.dds	704	768	63	63
Item_CONS_GEN_Food_Cheese_Cheddar_Piece_B_Rotten	Icons_Items_2.lsx	Public\Shared\Assets\Textures\Icons\Icons_Items_2.dds	640	768	63	63
Item_CONS_GEN_Food_Cheese_Cheddar_Wheel_A_Rotten	Icons_Items_2.lsx	Public\Shared\Assets\Textures\Icons\Icons_Items_2.dds	576	768	63	63
Item_CONS_GEN_Food_Cheese_Goat_Piece_A	Icons_Items_2.lsx	Public\Shared\Assets\Textures\Icons\Icons_Items_2.dds	640	0	63	63
Item_CONS_GEN_Food_Cheese_Goat_Piece_A_Rotten	Icons_Items_2.lsx	Public\Shared\Assets\Textures\Icons\Icons_Items_2.dds	512	768	63	63
Item_CONS_GEN_Food_Cheese_Goat_Piece_B_Rotten	Icons_Items_2.lsx	Public\Shared\Assets\Textures\Icons\Icons_Items_2.dds	448	768	63	63
Item_CONS_GEN_Food_Cheese_Goat_Wheel_A_Rotten	Icons_Items_2.lsx	Public\Shared\Assets\Textures\Icons\Icons_Items_2.dds	384	768	63	63
Item_CONS_GEN_Food_FriedRats_A	Icons_Items_2.lsx	Public\Shared\Assets\Textures\Icons\Icons_Items_2.dds	704	0	63	63
Item_CONS_GEN_Food_Meat_Chicken_B	Icons_Items_2.lsx	Public\Shared\Assets\Textures\Icons\Icons_Items_2.dds	768	0	63	63
Item_CONS_GEN_Food_Porridge_A_Fruits_Rich	Icons_Items_2.lsx	Public\Shared\Assets\Textures\Icons\Icons_Items_2.dds	832	0	63	63
Item_CONS_GEN_Food_Ration_A	Icons_Items_2.lsx	Public\Shared\Assets\Textures\Icons\Icons_Items_2.dds	1984	448	63	63
Item_CONS_GEN_Food_Steaks_Cooked_A	Icons_Items_2.lsx	Public\Shared\Assets\Textures\Icons\Icons_Items_2.dds	193	512	63	63
Item_CONS_GEN_Food_Steaks_Raw_A	Icons_Items_2.lsx	Public\Shared\Assets\Textures\Icons\Icons_Items_2.dds	129	512	63	63
Item_CONS_Poison_Drow	Icons_Items_2.lsx	Public\Shared\Assets\Textures\Icons\Icons_Items_2.dds	65	320	63	63
Item_CONS_Poison_Essence_Of_Ether	Icons_Items_2.lsx	Public\Shared\Assets\Textures\Icons\Icons_Items_2.dds	129	320	63	63
Item_CONS_Poison_Malice	Icons_Items_2.lsx	Public\Shared\Assets\Textures\Icons\Icons_Items_2.dds	193	320	63	63
Item_CONS_Poison_Purple_Worm	Icons_Items_2.lsx	Public\Shared\Assets\Textures\Icons\Icons_Items_2.dds	256	320	63	63
Item_CONS_Poison_Serpent_Venom	Icons_Items_2.lsx	Public\Shared\Assets\Textures\Icons\Icons_Items_2.dds	320	320	63	63
Item_CONS_Potion_AnimalSpeaking_A	Icons_Items_2.lsx	Public\Shared\Assets\Textures\Icons\Icons_Items_2.dds	384	1344	63	63
Item_CONS_Potion_Barkskin_A	Icons_Items_2.lsx	Public\Shared\Assets\Textures\Icons\Icons_Items_2.dds	320	1344	63	63
Item_CONS_Potion_FireBreath_A	Icons_Items_2.lsx	Public\Shared\Assets\Textures\Icons\Icons_Items_2.dds	1920	1280	63	63
Item_CONS_Potion_Gaseous_Form_A	Icons_Items_2.lsx	Public\Shared\Assets\Textures\Icons\Icons_Items_2.dds	256	1344	63	63
Item_CONS_Potion_Heated_A	Icons_Items_2.lsx	Public\Shared\Assets\Textures\Icons\Icons_Items_2.dds	1792	320	63	63
Item_CONS_Potion_HolyWater_A	Icons_Items_2.lsx	Public\Shared\Assets\Textures\Icons\Icons_Items_2.dds	129	1344	63	63
Item_CONS_Potion_Poison_A	Icons_Items_2.lsx	Public\Shared\Assets\Textures\Icons\Icons_Items_2.dds	256	384	63	63
Item_CONS_Potion_Rare_B	Icons_Items_2.lsx	Public\Shared\Assets\Textures\Icons\Icons_Items_2.dds	1792	1280	63	63
Item_CONS_Potion_Speed_B	Icons_Items_2.lsx	Public\Shared\Assets\Textures\Icons\Icons_Items_2.dds	1856	1280	63	63
Item_CONT_Egg_Spider_A	Icons_Items_2.lsx	Public\Shared\Assets\Textures\Icons\Icons_Items_2.dds	896	0	63	63
Item_CONT_Egg_Spider_A_CombatThrowable	Icons_Items_2.lsx	Public\Shared\Assets\Textures\Icons\Icons_Items_2.dds	0	512	63	63
Item_CONT_Egg_Spider_A_Destruct	Icons_Items_2.lsx	Public\Shared\Assets\Textures\Icons\Icons_Items_2.dds	960	0	63	63
Item_CONT_Egg_Spider_B	Icons_Items_2.lsx	Public\Shared\Assets\Textures\Icons\Icons_Items_2.dds	320	384	63	63
Item_CONT_Egg_Spider_B copy	Icons_Items_2.lsx	Public\Shared\Assets\Textures\Icons\Icons_Items_2.dds	1024	0	63	63
Item_CONT_Egg_Spider_Phase_A	Icons_Items_2.lsx	Public\Shared\Assets\Textures\Icons\Icons_Items_2.dds	1088	0	63	63
Item_CONT_Egg_Spider_Phase_A_Destruct	Icons_Items_2.lsx	Public\Shared\Assets\Textures\Icons\Icons_Items_2.dds	1152	0	63	63
Item_CONT_Emerald_Enclave_Barrel_A	Icons_Items_2.lsx	Public\Shared\Assets\Textures\Icons\Icons_Items_2.dds	1216	0	63	63
Item_CONT_Emerald_Enclave_Crate_Wood_A	Icons_Items_2.lsx	Public\Shared\Assets\Textures\Icons\Icons_Items_2.dds	1280	0	63	63
Item_CONT_GEN_Ash_Pile_A	Icons_Items_2.lsx	Public\Shared\Assets\Textures\Icons\Icons_Items_2.dds	896	896	63	63
Item_CONT_GEN_Basket_Wicker_A	Icons_Items_2.lsx	Public\Shared\Assets\Textures\Icons\Icons_Items_2.dds	576	1216	63	63
Item_CONT_GEN_Burlap_Sack_B	Icons_Items_2.lsx	Public\Shared\Assets\Textures\Icons\Icons_Items_2.dds	1280	576	63	63
Item_CONT_GEN_Burlap_Sack_C	Icons_Items_2.lsx	Public\Shared\Assets\Textures\Icons\Icons_Items_2.dds	1216	576	63	63
Item_CONT_GEN_Burlap_Sack_Combine_A	Icons_Items_2.lsx	Public\Shared\Assets\Textures\Icons\Icons_Items_2.dds	1728	1152	63	63
Item_CONT_GEN_Burlap_Sack_D	Icons_Items_2.lsx	Public\Shared\Assets\Textures\Icons\Icons_Items_2.dds	1152	576	63	63
Item_CONT_GEN_Burlap_Sack_E	Icons_Items_2.lsx	Public\Shared\Assets\Textures\Icons\Icons_Items_2.dds	1024	576	63	63
Item_CONT_GEN_Burlap_Sack_K	Icons_Items_2.lsx	Public\Shared\Assets\Textures\Icons\Icons_Items_2.dds	1088	576	63	63
Item_CONT_GEN_Burlap_Sack_Pile_B	Icons_Items_2.lsx	Public\Shared\Assets\Textures\Icons\Icons_Items_2.dds	512	1216	63	63
Item_CONT_GEN_Chest_Common_B	Icons_Items_2.lsx	Public\Shared\Assets\Textures\Icons\Icons_Items_2.dds	1344	0	63	63
Item_CONT_GEN_Chest_Heavy_A	Icons_Items_2.lsx	Public\Shared\Assets\Textures\Icons\Icons_Items_2.dds	1408	0	63	63
Item_CONT_GEN_Chest_Jewel_A	Icons_Items_2.lsx	Public\Shared\Assets\Textures\Icons\Icons_Items_2.dds	1472	0	63	63
Item_CONT_GEN_Chest_Jewel_B	Icons_Items_2.lsx	Public\Shared\Assets\Textures\Icons\Icons_Items_2.dds	1536	0	63	63
Item_CONT_GEN_Chest_Jewel_C	Icons_Items_2.lsx	Public\Shared\Assets\Textures\Icons\Icons_Items_2.dds	1600	0	63	63
Item_CONT_GEN_Chest_Jewel_D	Icons_Items_2.lsx	Public\Shared\Assets\Textures\Icons\Icons_Items_2.dds	1664	0	63	63
Item_CONT_GEN_Chest_Rich_A	Icons_Items_2.lsx	Public\Shared\Assets\Textures\Icons\Icons_Items_2.dds	1728	0	63	63
Item_CONT_GEN_Chest_Rich_C	Icons_Items_2.lsx	Public\Shared\Assets\Textures\Icons\Icons_Items_2.dds	1792	0	63	63
Item_CONT_GEN_Chest_Wicker_A	Icons_Items_2.lsx	Public\Shared\Assets\Textures\Icons\Icons_Items_2.dds	1856	0	63	63
Item_CONT_GEN_Chest_Wood_A	Icons_Items_2.lsx	Public\Shared\Assets\Textures\Icons\Icons_Items_2.dds	1920	0	63	63
Item_CONT_GEN_Exploded_Corpse_Medium_A	Icons_Items_2.lsx	Public\Shared\Assets\Textures\Icons\Icons_Items_2.dds	1216	1216	63	63
Item_CONT_GEN_Rock_Pile_Grave_A	Icons_Items_2.lsx	Public\Shared\Assets\Textures\Icons\Icons_Items_2.dds	1920	1024	63	63
Item_CONT_GEN_Vase_Ceramic_Big_A_Shar	Icons_Items_2.lsx	Public\Shared\Assets\Textures\Icons\Icons_Items_2.dds	1600	960	63	63
Item_CONT_GEN_Vase_Ceramic_Big_C_Shar	Icons_Items_2.lsx	Public\Shared\Assets\Textures\Icons\Icons_Items_2.dds	1536	960	63	63
Item_CONT_HAG_ThornyBush	Icons_Items_2.lsx	Public\Shared\Assets\Textures\Icons\Icons_Items_2.dds	1536	512	63	63
Item_CONT_HUM_Vase_Large_A_Shar	Icons_Items_2.lsx	Public\Shared\Assets\Textures\Icons\Icons_Items_2.dds	1472	960	63	63
Item_CONT_HUM_Vase_Large_B_Shar	Icons_Items_2.lsx	Public\Shared\Assets\Textures\Icons\Icons_Items_2.dds	1408	960	63	63
Item_CONT_HUM_Vase_Large_C_Glazed	Icons_Items_2.lsx	Public\Shared\Assets\Textures\Icons\Icons_Items_2.dds	1536	640	63	63
Item_CONT_HUM_Vase_Large_C_Shar	Icons_Items_2.lsx	Public\Shared\Assets\Textures\Icons\Icons_Items_2.dds	1344	960	63	63
Item_CONT_HUM_Vase_Medium_A_Shar	Icons_Items_2.lsx	Public\Shared\Assets\Textures\Icons\Icons_Items_2.dds	1280	960	63	63
Item_CONT_HUM_Vase_Medium_B_Shar	Icons_Items_2.lsx	Public\Shared\Assets\Textures\Icons\Icons_Items_2.dds	1216	960	63	63
Item_CONT_HUM_Vase_Medium_C_Shar	Icons_Items_2.lsx	Public\Shared\Assets\Textures\Icons\Icons_Items_2.dds	1152	960	63	63
Item_CONT_HUM_Vase_Small_A_Shar	Icons_Items_2.lsx	Public\Shared\Assets\Textures\Icons\Icons_Items_2.dds	1088	960	63	63
Item_CONT_HUM_Vase_Small_B_Shar	Icons_Items_2.lsx	Public\Shared\Assets\Textures\Icons\Icons_Items_2.dds	1024	960	63	63
Item_CONT_HUM_Vase_Small_C_Shar	Icons_Items_2.lsx	Public\Shared\Assets\Textures\Icons\Icons_Items_2.dds	960	960	63	63
Item_CONT_KeyRing	Icons_Items_2.lsx	Public\Shared\Assets\Textures\Icons\Icons_Items_2.dds	1088	1280	63	63
Item_CONT_TreasurePile_A_Full	Icons_Items_2.lsx	Public\Shared\Assets\Textures\Icons\Icons_Items_2.dds	448	1216	63	63
Item_CONT_Underdark_Gnomes_Basket_C	Icons_Items_2.lsx	Public\Shared\Assets\Textures\Icons\Icons_Items_2.dds	640	960	63	63
Item_CONT_Underdark_Gnomes_Sack_A	Icons_Items_2.lsx	Public\Shared\Assets\Textures\Icons\Icons_Items_2.dds	704	960	63	63
Item_CONT_Zhentarim_Crate_Wood_A	Icons_Items_2.lsx	Public\Shared\Assets\Textures\Icons\Icons_Items_2.dds	832	1216	63	63
Item_CONT_Zhentarim_Crate_Wood_B	Icons_Items_2.lsx	Public\Shared\Assets\Textures\Icons\Icons_Items_2.dds	1088	1216	63	63
Item_CONT_Zhentarim_Crate_Wood_C	Icons_Items_2.lsx	Public\Shared\Assets\Textures\Icons\Icons_Items_2.dds	1024	1216	63	63
Item_CRA_ShellKid_Stone	Icons_Items_2.lsx	Public\Shared\Assets\Textures\Icons\Icons_Items_2.dds	1984	0	63	63
Item_DEC_Alchemy_Miscellaneous_HerbHanger_A	Icons_Items_2.lsx	Public\Shared\Assets\Textures\Icons\Icons_Items_2.dds	1472	384	63	63
Item_DEC_CEM_Tomb_A_Lid_A	Icons_Items_2.lsx	Public\Shared\Assets\Textures\Icons\Icons_Items_2.dds	1600	576	63	63
Item_DEC_CEM_Tomb_A_Lid_A_Statue_Man_A	Icons_Items_2.lsx	Public\Shared\Assets\Textures\Icons\Icons_Items_2.dds	1536	576	63	63
Item_DEC_CEM_Tomb_A_Lid_A_Statue_Woman_A	Icons_Items_2.lsx	Public\Shared\Assets\Textures\Icons\Icons_Items_2.dds	1472	576	63	63
Item_DEC_CEM_Tomb_A_Lid_B_Statue_Knight_A	Icons_Items_2.lsx	Public\Shared\Assets\Textures\Icons\Icons_Items_2.dds	1408	576	63	63
Item_DEC_Druids_Tablet_Stone_Row_Multiple_A	Icons_Items_2.lsx	Public\Shared\Assets\Textures\Icons\Icons_Items_2.dds	384	896	63	63
Item_DEC_Druids_Tablet_Stone_Row_Single_A	Icons_Items_2.lsx	Public\Shared\Assets\Textures\Icons\Icons_Items_2.dds	448	896	63	63
Item_DEC_Dungeon_Skeleton_BonePile	Icons_Items_2.lsx	Public\Shared\Assets\Textures\Icons\Icons_Items_2.dds	256	640	63	63
Item_DEC_Dungeon_Skeleton_BonePile_Bloody	Icons_Items_2.lsx	Public\Shared\Assets\Textures\Icons\Icons_Items_2.dds	193	640	63	63
Item_DEC_Dungeon_Skeleton_Laying_B	Icons_Items_2.lsx	Public\Shared\Assets\Textures\Icons\Icons_Items_2.dds	1664	704	63	63
Item_DEC_FARM_Hay_Stack_C_Interactive	Icons_Items_2.lsx	Public\Shared\Assets\Textures\Icons\Icons_Items_2.dds	0	640	63	63
Item_DEC_GEN_Corpse_Body_Part_Arm_A	Icons_Items_2.lsx	Public\Shared\Assets\Textures\Icons\Icons_Items_2.dds	384	193	63	63
Item_DEC_GEN_Corpse_Body_Part_Arm_B	Icons_Items_2.lsx	Public\Shared\Assets\Textures\Icons\Icons_Items_2.dds	448	193	63	63
Item_DEC_GEN_Corpse_Body_Part_Foot_A	Icons_Items_2.lsx	Public\Shared\Assets\Textures\Icons\Icons_Items_2.dds	512	193	63	63
Item_DEC_GEN_Corpse_Body_Part_Guts_A	Icons_Items_2.lsx	Public\Shared\Assets\Textures\Icons\Icons_Items_2.dds	256	193	63	63
Item_DEC_GEN_Corpse_Body_Part_Hand_A	Icons_Items_2.lsx	Public\Shared\Assets\Textures\Icons\Icons_Items_2.dds	320	193	63	63
Item_DEC_GEN_Corpse_Body_Part_HeadFemale_A	Icons_Items_2.lsx	Public\Shared\Assets\Textures\Icons\Icons_Items_2.dds	65	193	63	63
Item_DEC_GEN_Corpse_Body_Part_HeadMale_A	Icons_Items_2.lsx	Public\Shared\Assets\Textures\Icons\Icons_Items_2.dds	129	193	63	63
Item_DEC_GEN_Corpse_Body_Part_Leg_A	Icons_Items_2.lsx	Public\Shared\Assets\Textures\Icons\Icons_Items_2.dds	193	193	63	63
Item_DEC_GEN_Corpse_Body_Part_Leg_B	Icons_Items_2.lsx	Public\Shared\Assets\Textures\Icons\Icons_Items_2.dds	0	193	63	63
Item_DEC_GEN_Corpse_Body_Part_Torso_A	Icons_Items_2.lsx	Public\Shared\Assets\Textures\Icons\Icons_Items_2.dds	1280	129	63	63
Item_DEC_GEN_Corpse_Body_Part_Two_Legs_A	Icons_Items_2.lsx	Public\Shared\Assets\Textures\Icons\Icons_Items_2.dds	1088	384	63	63
Item_DEC_GEN_Corpse_Body_Part_Waist_A	Icons_Items_2.lsx	Public\Shared\Assets\Textures\Icons\Icons_Items_2.dds	1344	129	63	63
Item_DEC_GEN_DjinnLamp_A	Icons_Items_2.lsx	Public\Shared\Assets\Textures\Icons\Icons_Items_2.dds	1920	129	63	63
Item_DEC_GEN_Dressing_Panel_Wood_A	Icons_Items_2.lsx	Public\Shared\Assets\Textures\Icons\Icons_Items_2.dds	384	1088	63	63
Item_DEC_GEN_Dressing_Panel_Wood_Poor_A	Icons_Items_2.lsx	Public\Shared\Assets\Textures\Icons\Icons_Items_2.dds	320	1088	63	63
Item_DEC_GEN_Dressing_Panel_Wood_Rich_A	Icons_Items_2.lsx	Public\Shared\Assets\Textures\Icons\Icons_Items_2.dds	448	1088	63	63
Item_DEC_GEN_Incense_A	Icons_Items_2.lsx	Public\Shared\Assets\Textures\Icons\Icons_Items_2.dds	448	704	63	63
Item_DEC_GEN_Incense_B	Icons_Items_2.lsx	Public\Shared\Assets\Textures\Icons\Icons_Items_2.dds	384	704	63	63
Item_DEC_GEN_Incense_Bowl_B	Icons_Items_2.lsx	Public\Shared\Assets\Textures\Icons\Icons_Items_2.dds	193	704	63	63
Item_DEC_GEN_Incense_C	Icons_Items_2.lsx	Public\Shared\Assets\Textures\Icons\Icons_Items_2.dds	320	704	63	63
Item_DEC_GEN_Incense_D	Icons_Items_2.lsx	Public\Shared\Assets\Textures\Icons\Icons_Items_2.dds	256	704	63	63
Item_DEC_GEN_Incense_Pile_A	Icons_Items_2.lsx	Public\Shared\Assets\Textures\Icons\Icons_Items_2.dds	129	704	63	63
Item_DEC_GEN_Incense_Pile_B	Icons_Items_2.lsx	Public\Shared\Assets\Textures\Icons\Icons_Items_2.dds	512	704	63	63
Item_DEC_GEN_Incense_Stick_A	Icons_Items_2.lsx	Public\Shared\Assets\Textures\Icons\Icons_Items_2.dds	640	704	63	63
Item_DEC_GEN_Incense_Stick_C	Icons_Items_2.lsx	Public\Shared\Assets\Textures\Icons\Icons_Items_2.dds	576	704	63	63
Item_DEC_GEN_Kitchen_Plate_A	Icons_Items_2.lsx	Public\Shared\Assets\Textures\Icons\Icons_Items_2.dds	1536	384	63	63
Item_DEC_GEN_Market_Stall_A	Icons_Items_2.lsx	Public\Shared\Assets\Textures\Icons\Icons_Items_2.dds	640	1088	63	63
Item_DEC_GEN_Nest_Harpy_A	Icons_Items_2.lsx	Public\Shared\Assets\Textures\Icons\Icons_Items_2.dds	512	960	63	63
Item_DEC_GEN_Statue_Guard_A	Icons_Items_2.lsx	Public\Shared\Assets\Textures\Icons\Icons_Items_2.dds	1856	1152	63	63
Item_DEC_GEN_Statue_Shar_Normal_A	Icons_Items_2.lsx	Public\Shared\Assets\Textures\Icons\Icons_Items_2.dds	768	1216	63	63
Item_DEC_GEN_Statue_Wizard_A	Icons_Items_2.lsx	Public\Shared\Assets\Textures\Icons\Icons_Items_2.dds	1152	1152	63	63
Item_DEC_Goblins_Camp_Cage_B_Door	Icons_Items_2.lsx	Public\Shared\Assets\Textures\Icons\Icons_Items_2.dds	1600	1152	63	63
Item_DEC_Goblins_Camp_CookingPot_A	Icons_Items_2.lsx	Public\Shared\Assets\Textures\Icons\Icons_Items_2.dds	1600	512	63	63
Item_DEC_Goblins_Camp_CookingPot_A_Poisoned	Icons_Items_2.lsx	Public\Shared\Assets\Textures\Icons\Icons_Items_2.dds	1664	512	63	63
Item_DEC_Goblins_Camp_CookingPot_Ladle	Icons_Items_2.lsx	Public\Shared\Assets\Textures\Icons\Icons_Items_2.dds	1856	576	63	63
Item_DEC_Ketheric_Armor_Mask_Scrap_A	Icons_Items_2.lsx	Public\Shared\Assets\Textures\Icons\Icons_Items_2.dds	1664	832	63	63
Item_DEC_Ketheric_Armor_Mask_Scrap_A_Magic	Icons_Items_2.lsx	Public\Shared\Assets\Textures\Icons\Icons_Items_2.dds	1216	896	63	63
Item_DEC_MF_Brain_Jar_A	Icons_Items_2.lsx	Public\Shared\Assets\Textures\Icons\Icons_Items_2.dds	1280	640	63	63
Item_DEC_MF_Brain_Jar_B	Icons_Items_2.lsx	Public\Shared\Assets\Textures\Icons\Icons_Items_2.dds	1408	640	63	63
Item_DEC_MF_Brain_Jar_D	Icons_Items_2.lsx	Public\Shared\Assets\Textures\Icons\Icons_Items_2.dds	1344	640	63	63
Item_DEC_MF_Brain_Jar_Memory_A	Icons_Items_2.lsx	Public\Shared\Assets\Textures\Icons\Icons_Items_2.dds	1536	1280	63	63
Item_DEC_MF_Machine_BrinePool_A	Icons_Items_2.lsx	Public\Shared\Assets\Textures\Icons\Icons_Items_2.dds	1344	704	63	63
Item_DEC_MF_Machine_BrinePool_B	Icons_Items_2.lsx	Public\Shared\Assets\Textures\Icons\Icons_Items_2.dds	1408	704	63	63
Item_DEN_FaithwardenStaff	Icons_Items_2.lsx	Public\Shared\Assets\Textures\Icons\Icons_Items_2.dds	640	576	63	63
Item_DOOR_Double_Prison_Grating_Iron_A	Icons_Items_2.lsx	Public\Shared\Assets\Textures\Icons\Icons_Items_2.dds	320	1216	63	63
Item_DOOR_GEN_Metal_Single_A	Icons_Items_2.lsx	Public\Shared\Assets\Textures\Icons\Icons_Items_2.dds	1664	1152	63	63
Item_EQ_HAG_Phylactery	Icons_Items_2.lsx	Public\Shared\Assets\Textures\Icons\Icons_Items_2.dds	704	1216	63	63
Item_EQ_HAG_Pylactery	Icons_Items_2.lsx	Public\Shared\Assets\Textures\Icons\Icons_Items_2.dds	384	320	63	63
Item_FOR_Spear_TrueSoul	Icons_Items_2.lsx	Public\Shared\Assets\Textures\Icons\Icons_Items_2.dds	448	320	63	63
Item_FOR_Spear_TrueSoul_Head	Icons_Items_2.lsx	Public\Shared\Assets\Textures\Icons\Icons_Items_2.dds	512	320	63	63
Item_FOR_Spear_TrueSoul_Shaft	Icons_Items_2.lsx	Public\Shared\Assets\Textures\Icons\Icons_Items_2.dds	576	320	63	63
Item_FUR_Dungeon_Abbey_Altar_Stone_Shar_Gem_Holder_A	Icons_Items_2.lsx	Public\Shared\Assets\Textures\Icons\Icons_Items_2.dds	0	1472	63	63
Item_FUR_Dungeon_SharTemple_Mirror_A	Icons_Items_2.lsx	Public\Shared\Assets\Textures\Icons\Icons_Items_2.dds	1984	1408	63	63
Item_FUR_Dungeon_Torture_Rack_A	Icons_Items_2.lsx	Public\Shared\Assets\Textures\Icons\Icons_Items_2.dds	1920	1408	63	63
Item_FUR_GEN_Bedroom_Bed_Wood_Bunk_C	Icons_Items_2.lsx	Public\Shared\Assets\Textures\Icons\Icons_Items_2.dds	1920	1152	63	63
Item_FUR_GEN_Bench_Wood_Poor_A	Icons_Items_2.lsx	Public\Shared\Assets\Textures\Icons\Icons_Items_2.dds	1472	1152	63	63
Item_FUR_GEN_Bookcase_Wood_Poor_A	Icons_Items_2.lsx	Public\Shared\Assets\Textures\Icons\Icons_Items_2.dds	832	1024	63	63
Item_FUR_GEN_Brewer_Tavern_Bar_A	Icons_Items_2.lsx	Public\Shared\Assets\Textures\Icons\Icons_Items_2.dds	1856	1408	63	63
Item_FUR_GEN_Desk_Common_B	Icons_Items_2.lsx	Public\Shared\Assets\Textures\Icons\Icons_Items_2.dds	384	1216	63	63
Item_FUR_GEN_House_Chair_Rich_A	Icons_Items_2.lsx	Public\Shared\Assets\Textures\Icons\Icons_Items_2.dds	1792	1408	63	63
Item_FUR_GEN_Mirror_Wood_Round_A	Icons_Items_2.lsx	Public\Shared\Assets\Textures\Icons\Icons_Items_2.dds	0	1088	63	63
Item_FUR_GEN_Mirror_Wood_Round_A_Painted	Icons_Items_2.lsx	Public\Shared\Assets\Textures\Icons\Icons_Items_2.dds	65	1088	63	63
Item_FUR_GEN_Mirror_Wood_Squared_A	Icons_Items_2.lsx	Public\Shared\Assets\Textures\Icons\Icons_Items_2.dds	1984	1024	63	63
Item_FUR_GEN_Mirror_Wood_Squared_A_Painted	Icons_Items_2.lsx	Public\Shared\Assets\Textures\Icons\Icons_Items_2.dds	129	1088	63	63
Item_FUR_GEN_Mirror_Wood_Standing_A	Icons_Items_2.lsx	Public\Shared\Assets\Textures\Icons\Icons_Items_2.dds	193	1088	63	63
Item_FUR_GEN_Mirror_Wood_Standing_A_Painted	Icons_Items_2.lsx	Public\Shared\Assets\Textures\Icons\Icons_Items_2.dds	256	1088	63	63
Item_FUR_GEN_Painting_Landscape_K	Icons_Items_2.lsx	Public\Shared\Assets\Textures\Icons\Icons_Items_2.dds	1728	1408	63	63
Item_FUR_GEN_Painting_Landscape_L	Icons_Items_2.lsx	Public\Shared\Assets\Textures\Icons\Icons_Items_2.dds	1664	1408	63	63
Item_FUR_GEN_Piano_A_Generic_A	Icons_Items_2.lsx	Public\Shared\Assets\Textures\Icons\Icons_Items_2.dds	1600	1408	63	63
Item_FUR_GEN_Printing_Press_A	Icons_Items_2.lsx	Public\Shared\Assets\Textures\Icons\Icons_Items_2.dds	1536	1408	63	63
Item_FUR_GEN_Stool_Wood_Poor_A	Icons_Items_2.lsx	Public\Shared\Assets\Textures\Icons\Icons_Items_2.dds	1536	1152	63	63
Item_FUR_GEN_Tavern_Barrel_Beer_Small_A_Interactable	Icons_Items_2.lsx	Public\Shared\Assets\Textures\Icons\Icons_Items_2.dds	1344	1216	63	63
Item_FUR_GEN_Tavern_Barrel_Beer_Small_A_Interactable_Poisoned	Icons_Items_2.lsx	Public\Shared\Assets\Textures\Icons\Icons_Items_2.dds	1280	1216	63	63
Item_FUR_GEN_Tavern_Bottle_Rack_A	Icons_Items_2.lsx	Public\Shared\Assets\Textures\Icons\Icons_Items_2.dds	704	1088	63	63
Item_FUR_GEN_Wardrobe_Wood_Poor_A	Icons_Items_2.lsx	Public\Shared\Assets\Textures\Icons\Icons_Items_2.dds	0	704	63	63
Item_FUR_Hospital_Bed_A	Icons_Items_2.lsx	Public\Shared\Assets\Textures\Icons\Icons_Items_2.dds	1472	1408	63	63
Item_FUR_Hospital_Surgical_Bed_A	Icons_Items_2.lsx	Public\Shared\Assets\Textures\Icons\Icons_Items_2.dds	1408	1408	63	63
Item_FUR_MF_Platform_Crate_A	Icons_Items_2.lsx	Public\Shared\Assets\Textures\Icons\Icons_Items_2.dds	1280	1408	63	63
Item_FUR_MF_Resting_Device_A	Icons_Items_2.lsx	Public\Shared\Assets\Textures\Icons\Icons_Items_2.dds	1216	1408	63	63
Item_FUR_Mausoleum_Bone_Chair_A	Icons_Items_2.lsx	Public\Shared\Assets\Textures\Icons\Icons_Items_2.dds	1344	1408	63	63
Item_FUR_Smith_Workbench_A_Table_D	Icons_Items_2.lsx	Public\Shared\Assets\Textures\Icons\Icons_Items_2.dds	512	896	63	63
Item_GEN_Chest_Wood_Painted_A	Icons_Items_2.lsx	Public\Shared\Assets\Textures\Icons\Icons_Items_2.dds	0	65	63	63
Item_GRN_BlackSporesPouch_A	Icons_Items_2.lsx	Public\Shared\Assets\Textures\Icons\Icons_Items_2.dds	832	896	63	63
Item_GRN_GreenSporesPouch_A	Icons_Items_2.lsx	Public\Shared\Assets\Textures\Icons\Icons_Items_2.dds	768	896	63	63
Item_GRN_HolyWaterFlask_A	Icons_Items_2.lsx	Public\Shared\Assets\Textures\Icons\Icons_Items_2.dds	1408	384	63	63
Item_HAG_HagLair_WPN_HagStaff	Icons_Items_2.lsx	Public\Shared\Assets\Textures\Icons\Icons_Items_2.dds	640	320	63	63
Item_LAB_GEN_Bottle_Rack_C	Icons_Items_2.lsx	Public\Shared\Assets\Textures\Icons\Icons_Items_2.dds	1792	704	63	63
Item_LOOT_AbsoluteRing	Icons_Items_2.lsx	Public\Shared\Assets\Textures\Icons\Icons_Items_2.dds	1088	896	63	63
Item_LOOT_Alchemy_Bear_Claw_A	Icons_Items_2.lsx	Public\Shared\Assets\Textures\Icons\Icons_Items_2.dds	1152	704	63	63
Item_LOOT_Alchemy_Crystal_A	Icons_Items_2.lsx	Public\Shared\Assets\Textures\Icons\Icons_Items_2.dds	65	129	63	63
Item_LOOT_Alchemy_Crystal_C	Icons_Items_2.lsx	Public\Shared\Assets\Textures\Icons\Icons_Items_2.dds	0	129	63	63
Item_LOOT_Alchemy_Crystal_ChasmCreeper_A	Icons_Items_2.lsx	Public\Shared\Assets\Textures\Icons\Icons_Items_2.dds	1920	65	63	63
Item_LOOT_Alchemy_Crystal_G	Icons_Items_2.lsx	Public\Shared\Assets\Textures\Icons\Icons_Items_2.dds	1984	65	63	63
Item_LOOT_Alchemy_Crystal_H	Icons_Items_2.lsx	Public\Shared\Assets\Textures\Icons\Icons_Items_2.dds	1792	65	63	63
Item_LOOT_Alchemy_Crystal_I	Icons_Items_2.lsx	Public\Shared\Assets\Textures\Icons\Icons_Items_2.dds	1728	65	63	63
Item_LOOT_Alchemy_Crystal_J	Icons_Items_2.lsx	Public\Shared\Assets\Textures\Icons\Icons_Items_2.dds	1664	65	63	63
Item_LOOT_Alchemy_Crystal_K	Icons_Items_2.lsx	Public\Shared\Assets\Textures\Icons\Icons_Items_2.dds	1600	65	63	63
Item_LOOT_Alchemy_Crystal_Laculite_A	Icons_Items_2.lsx	Public\Shared\Assets\Textures\Icons\Icons_Items_2.dds	1536	65	63	63
Item_LOOT_Alchemy_Crystal_LolthsCandle_A	Icons_Items_2.lsx	Public\Shared\Assets\Textures\Icons\Icons_Items_2.dds	1472	65	63	63
Item_LOOT_Alchemy_Crystal_PurpleFluorite	Icons_Items_2.lsx	Public\Shared\Assets\Textures\Icons\Icons_Items_2.dds	1408	65	63	63
Item_LOOT_Alchemy_Crystal_PurpleFluoriteShard	Icons_Items_2.lsx	Public\Shared\Assets\Textures\Icons\Icons_Items_2.dds	1344	65	63	63
Item_LOOT_Alchemy_Crystal_SylvanStone_A	Icons_Items_2.lsx	Public\Shared\Assets\Textures\Icons\Icons_Items_2.dds	1280	65	63	63
Item_LOOT_Alchemy_Crystal_Viridian_A	Icons_Items_2.lsx	Public\Shared\Assets\Textures\Icons\Icons_Items_2.dds	1216	65	63	63
Item_LOOT_Alchemy_Harpy_Feather_A	Icons_Items_2.lsx	Public\Shared\Assets\Textures\Icons\Icons_Items_2.dds	896	704	63	63
Item_LOOT_Alchemy_Hyena_Ear_A	Icons_Items_2.lsx	Public\Shared\Assets\Textures\Icons\Icons_Items_2.dds	1088	704	63	63
Item_LOOT_Alchemy_Machine_Flask_A	Icons_Items_2.lsx	Public\Shared\Assets\Textures\Icons\Icons_Items_2.dds	1984	129	63	63
Item_LOOT_Alchemy_Memory_Crystal_A	Icons_Items_2.lsx	Public\Shared\Assets\Textures\Icons\Icons_Items_2.dds	193	896	63	63
Item_LOOT_Alchemy_Mephit_Heart_A	Icons_Items_2.lsx	Public\Shared\Assets\Textures\Icons\Icons_Items_2.dds	1216	704	63	63
Item_LOOT_Alchemy_Miscellaneous_CrystalBall	Icons_Items_2.lsx	Public\Shared\Assets\Textures\Icons\Icons_Items_2.dds	1856	129	63	63
Item_LOOT_Alchemy_Mushroom_Air_A	Icons_Items_2.lsx	Public\Shared\Assets\Textures\Icons\Icons_Items_2.dds	448	448	63	63
Item_LOOT_Alchemy_Mushroom_Bibberbang_Spore_A	Icons_Items_2.lsx	Public\Shared\Assets\Textures\Icons\Icons_Items_2.dds	384	448	63	63
Item_LOOT_Alchemy_Mushroom_Brown_A	Icons_Items_2.lsx	Public\Shared\Assets\Textures\Icons\Icons_Items_2.dds	320	448	63	63
Item_LOOT_Alchemy_Mushroom_Earth_A	Icons_Items_2.lsx	Public\Shared\Assets\Textures\Icons\Icons_Items_2.dds	896	448	63	63
Item_LOOT_Alchemy_Mushroom_Feywild_A	Icons_Items_2.lsx	Public\Shared\Assets\Textures\Icons\Icons_Items_2.dds	832	448	63	63
Item_LOOT_Alchemy_Mushroom_Fire_A	Icons_Items_2.lsx	Public\Shared\Assets\Textures\Icons\Icons_Items_2.dds	960	448	63	63
Item_LOOT_Alchemy_Mushroom_Negative_A	Icons_Items_2.lsx	Public\Shared\Assets\Textures\Icons\Icons_Items_2.dds	768	448	63	63
Item_LOOT_Alchemy_Mushroom_Positive_A	Icons_Items_2.lsx	Public\Shared\Assets\Textures\Icons\Icons_Items_2.dds	704	448	63	63
Item_LOOT_Alchemy_Mushroom_Shadow_A	Icons_Items_2.lsx	Public\Shared\Assets\Textures\Icons\Icons_Items_2.dds	640	448	63	63
Item_LOOT_Alchemy_Mushroom_Timmask_Spore_A	Icons_Items_2.lsx	Public\Shared\Assets\Textures\Icons\Icons_Items_2.dds	576	448	63	63
Item_LOOT_Alchemy_Mushroom_Water_A	Icons_Items_2.lsx	Public\Shared\Assets\Textures\Icons\Icons_Items_2.dds	512	448	63	63
Item_LOOT_Alchemy_Myconid_Grenade_Air	Icons_Items_2.lsx	Public\Shared\Assets\Textures\Icons\Icons_Items_2.dds	1792	448	63	63
Item_LOOT_Alchemy_Myconid_Grenade_Bibberbang	Icons_Items_2.lsx	Public\Shared\Assets\Textures\Icons\Icons_Items_2.dds	1728	448	63	63
Item_LOOT_Alchemy_Myconid_Grenade_Earth	Icons_Items_2.lsx	Public\Shared\Assets\Textures\Icons\Icons_Items_2.dds	1664	448	63	63
Item_LOOT_Alchemy_Myconid_Grenade_Feywild	Icons_Items_2.lsx	Public\Shared\Assets\Textures\Icons\Icons_Items_2.dds	1600	448	63	63
Item_LOOT_Alchemy_Myconid_Grenade_Fire	Icons_Items_2.lsx	Public\Shared\Assets\Textures\Icons\Icons_Items_2.dds	1536	448	63	63
Item_LOOT_Alchemy_Myconid_Grenade_Negative	Icons_Items_2.lsx	Public\Shared\Assets\Textures\Icons\Icons_Items_2.dds	1472	448	63	63
Item_LOOT_Alchemy_Myconid_Grenade_Positive	Icons_Items_2.lsx	Public\Shared\Assets\Textures\Icons\Icons_Items_2.dds	1408	448	63	63
Item_LOOT_Alchemy_Myconid_Grenade_Shadow	Icons_Items_2.lsx	Public\Shared\Assets\Textures\Icons\Icons_Items_2.dds	1344	448	63	63
Item_LOOT_Alchemy_Myconid_Grenade_Timmask	Icons_Items_2.lsx	Public\Shared\Assets\Textures\Icons\Icons_Items_2.dds	1216	448	63	63
Item_LOOT_Alchemy_Myconid_Grenade_Water	Icons_Items_2.lsx	Public\Shared\Assets\Textures\Icons\Icons_Items_2.dds	1280	448	63	63
Item_LOOT_Alchemy_Owlbear_Beak_A	Icons_Items_2.lsx	Public\Shared\Assets\Textures\Icons\Icons_Items_2.dds	768	704	63	63
Item_LOOT_Alchemy_Snake_Fang_A	Icons_Items_2.lsx	Public\Shared\Assets\Textures\Icons\Icons_Items_2.dds	704	704	63	63
Item_LOOT_Alchemy_Spider_Leg_A	Icons_Items_2.lsx	Public\Shared\Assets\Textures\Icons\Icons_Items_2.dds	832	704	63	63
Item_LOOT_Alchemy_Spider_SilkGland_A	Icons_Items_2.lsx	Public\Shared\Assets\Textures\Icons\Icons_Items_2.dds	960	704	63	63
Item_LOOT_Alchemy_Worg_Fang_A	Icons_Items_2.lsx	Public\Shared\Assets\Textures\Icons\Icons_Items_2.dds	1024	704	63	63
Item_LOOT_BODYPART_Heart	Icons_Items_2.lsx	Public\Shared\Assets\Textures\Icons\Icons_Items_2.dds	704	320	63	63
Item_LOOT_Bathroom_Bucket_Coals_A	Icons_Items_2.lsx	Public\Shared\Assets\Textures\Icons\Icons_Items_2.dds	1600	129	63	63
Item_LOOT_Bathroom_Bucket_Sponges_A	Icons_Items_2.lsx	Public\Shared\Assets\Textures\Icons\Icons_Items_2.dds	1664	129	63	63
Item_LOOT_Bathroom_Bucket_Wood_A	Icons_Items_2.lsx	Public\Shared\Assets\Textures\Icons\Icons_Items_2.dds	1728	129	63	63
Item_LOOT_Bathroom_Copper_Plate_A	Icons_Items_2.lsx	Public\Shared\Assets\Textures\Icons\Icons_Items_2.dds	1792	129	63	63
Item_LOOT_Bathroom_Soap_A	Icons_Items_2.lsx	Public\Shared\Assets\Textures\Icons\Icons_Items_2.dds	1216	129	63	63
Item_LOOT_Bathroom_Sponge_A	Icons_Items_2.lsx	Public\Shared\Assets\Textures\Icons\Icons_Items_2.dds	1408	129	63	63
Item_LOOT_Bathroom_Towel_A	Icons_Items_2.lsx	Public\Shared\Assets\Textures\Icons\Icons_Items_2.dds	1472	129	63	63
Item_LOOT_Bathroom_Vase_A	Icons_Items_2.lsx	Public\Shared\Assets\Textures\Icons\Icons_Items_2.dds	1536	129	63	63
Item_LOOT_Camp_Pack	Icons_Items_2.lsx	Public\Shared\Assets\Textures\Icons\Icons_Items_2.dds	1664	640	63	63
Item_LOOT_Camp_Pack_Greater	Icons_Items_2.lsx	Public\Shared\Assets\Textures\Icons\Icons_Items_2.dds	1920	704	63	63
Item_LOOT_Druid_Autopsy_Set_Long_Liquid	Icons_Items_2.lsx	Public\Shared\Assets\Textures\Icons\Icons_Items_2.dds	1600	384	63	63
Item_LOOT_Druid_Autopsy_Set_Long_Tentacles	Icons_Items_2.lsx	Public\Shared\Assets\Textures\Icons\Icons_Items_2.dds	1664	384	63	63
Item_LOOT_Druid_Autopsy_Set_Small_Eye	Icons_Items_2.lsx	Public\Shared\Assets\Textures\Icons\Icons_Items_2.dds	1728	384	63	63
Item_LOOT_Druid_Autopsy_Set_Small_Flowers	Icons_Items_2.lsx	Public\Shared\Assets\Textures\Icons\Icons_Items_2.dds	1792	384	63	63
Item_LOOT_Druid_Autopsy_Set_Tadpole	Icons_Items_2.lsx	Public\Shared\Assets\Textures\Icons\Icons_Items_2.dds	256	448	63	63
Item_LOOT_Dungeon_SharTemple_Gem_A	Icons_Items_2.lsx	Public\Shared\Assets\Textures\Icons\Icons_Items_2.dds	129	1024	63	63
Item_LOOT_Dungeon_Skeleton_Animal_RamBone_A	Icons_Items_2.lsx	Public\Shared\Assets\Textures\Icons\Icons_Items_2.dds	1856	960	63	63
Item_LOOT_Dungeon_Skeleton_Animal_RamBone_B	Icons_Items_2.lsx	Public\Shared\Assets\Textures\Icons\Icons_Items_2.dds	1792	960	63	63
Item_LOOT_EQ_Amulet_Necklace_TalismanOfJergal	Icons_Items_2.lsx	Public\Shared\Assets\Textures\Icons\Icons_Items_2.dds	768	320	63	63
Item_LOOT_Eye_ScryingEyeSummon	Icons_Items_2.lsx	Public\Shared\Assets\Textures\Icons\Icons_Items_2.dds	384	512	63	63
Item_LOOT_GEN_AdamantineScrap_A	Icons_Items_2.lsx	Public\Shared\Assets\Textures\Icons\Icons_Items_2.dds	1728	768	63	63
Item_LOOT_GEN_AdamantineScrap_A_Piece	Icons_Items_2.lsx	Public\Shared\Assets\Textures\Icons\Icons_Items_2.dds	1792	768	63	63
Item_LOOT_GEN_Amulet_Necklace_C_Bronze_A_1	Icons_Items_2.lsx	Public\Shared\Assets\Textures\Icons\Icons_Items_2.dds	129	256	63	63
Item_LOOT_GEN_Amulet_Necklace_C_Gold_A_1	Icons_Items_2.lsx	Public\Shared\Assets\Textures\Icons\Icons_Items_2.dds	65	256	63	63
Item_LOOT_GEN_Amulet_Necklace_C_Silver_A_1	Icons_Items_2.lsx	Public\Shared\Assets\Textures\Icons\Icons_Items_2.dds	0	256	63	63
Item_LOOT_GEN_Amulet_Necklace_D_Bronze_A	Icons_Items_2.lsx	Public\Shared\Assets\Textures\Icons\Icons_Items_2.dds	1280	320	63	63
Item_LOOT_GEN_Amulet_Necklace_D_Bronze_A_1	Icons_Items_2.lsx	Public\Shared\Assets\Textures\Icons\Icons_Items_2.dds	1344	320	63	63
Item_LOOT_GEN_Amulet_Necklace_D_Gold_A	Icons_Items_2.lsx	Public\Shared\Assets\Textures\Icons\Icons_Items_2.dds	1216	384	63	63
Item_LOOT_GEN_Amulet_Necklace_D_Gold_A_1	Icons_Items_2.lsx	Public\Shared\Assets\Textures\Icons\Icons_Items_2.dds	1152	384	63	63
Item_LOOT_GEN_Amulet_Necklace_D_Silver_A	Icons_Items_2.lsx	Public\Shared\Assets\Textures\Icons\Icons_Items_2.dds	1408	320	63	63
Item_LOOT_GEN_Amulet_Necklace_D_Silver_A_1	Icons_Items_2.lsx	Public\Shared\Assets\Textures\Icons\Icons_Items_2.dds	1472	320	63	63
Item_LOOT_GEN_Amulet_Necklace_E_Pearl_A_1	Icons_Items_2.lsx	Public\Shared\Assets\Textures\Icons\Icons_Items_2.dds	1984	193	63	63
Item_LOOT_GEN_Amulet_Necklace_F_Bronze_A_1	Icons_Items_2.lsx	Public\Shared\Assets\Textures\Icons\Icons_Items_2.dds	256	256	63	63
Item_LOOT_GEN_Amulet_Necklace_F_Gold_A_1	Icons_Items_2.lsx	Public\Shared\Assets\Textures\Icons\Icons_Items_2.dds	320	256	63	63
Item_LOOT_GEN_Amulet_Necklace_F_Silver_A_1	Icons_Items_2.lsx	Public\Shared\Assets\Textures\Icons\Icons_Items_2.dds	193	256	63	63
Item_LOOT_GEN_Amulet_Selune_A	Icons_Items_2.lsx	Public\Shared\Assets\Textures\Icons\Icons_Items_2.dds	193	1024	63	63
Item_LOOT_GEN_Arcane_Orb_A	Icons_Items_2.lsx	Public\Shared\Assets\Textures\Icons\Icons_Items_2.dds	1152	448	63	63
Item_LOOT_GEN_Brain_A	Icons_Items_2.lsx	Public\Shared\Assets\Textures\Icons\Icons_Items_2.dds	1856	384	63	63
Item_LOOT_GEN_Chalice_A_Bronze_A	Icons_Items_2.lsx	Public\Shared\Assets\Textures\Icons\Icons_Items_2.dds	1920	384	63	63
Item_LOOT_GEN_Chalice_A_Gold_A	Icons_Items_2.lsx	Public\Shared\Assets\Textures\Icons\Icons_Items_2.dds	1984	384	63	63
Item_LOOT_GEN_Chalice_A_Silver_A	Icons_Items_2.lsx	Public\Shared\Assets\Textures\Icons\Icons_Items_2.dds	0	448	63	63
Item_LOOT_GEN_Chalice_B_Bronze_A	Icons_Items_2.lsx	Public\Shared\Assets\Textures\Icons\Icons_Items_2.dds	65	448	63	63
Item_LOOT_GEN_Chalice_B_Gold_A	Icons_Items_2.lsx	Public\Shared\Assets\Textures\Icons\Icons_Items_2.dds	129	448	63	63
Item_LOOT_GEN_Chalice_B_Silver_A	Icons_Items_2.lsx	Public\Shared\Assets\Textures\Icons\Icons_Items_2.dds	193	448	63	63
Item_LOOT_GEN_Dining_Glass_Silver_Rich_A	Icons_Items_2.lsx	Public\Shared\Assets\Textures\Icons\Icons_Items_2.dds	448	384	63	63
Item_LOOT_GEN_Dining_Glass_Silver_Rich_B	Icons_Items_2.lsx	Public\Shared\Assets\Textures\Icons\Icons_Items_2.dds	512	384	63	63
Item_LOOT_GEN_Dining_Glass_Silver_Rich_C	Icons_Items_2.lsx	Public\Shared\Assets\Textures\Icons\Icons_Items_2.dds	576	384	63	63
Item_LOOT_GEN_Dining_Glass_Silver_Rich_D	Icons_Items_2.lsx	Public\Shared\Assets\Textures\Icons\Icons_Items_2.dds	640	384	63	63
Item_LOOT_GEN_Dining_Glass_Silver_Rich_E	Icons_Items_2.lsx	Public\Shared\Assets\Textures\Icons\Icons_Items_2.dds	704	384	63	63
Item_LOOT_GEN_Dining_Glass_Silver_Rich_F	Icons_Items_2.lsx	Public\Shared\Assets\Textures\Icons\Icons_Items_2.dds	768	384	63	63
Item_LOOT_GEN_Dining_Glass_Silver_Rich_G	Icons_Items_2.lsx	Public\Shared\Assets\Textures\Icons\Icons_Items_2.dds	832	384	63	63
Item_LOOT_GEN_Dining_Glass_Silver_Rich_H	Icons_Items_2.lsx	Public\Shared\Assets\Textures\Icons\Icons_Items_2.dds	896	384	63	63
Item_LOOT_GEN_Dining_Plate_Elevated_Silver_Rich_A	Icons_Items_2.lsx	Public\Shared\Assets\Textures\Icons\Icons_Items_2.dds	65	512	63	63
Item_LOOT_GEN_Dining_Plate_Elevated_Silver_Rich_B	Icons_Items_2.lsx	Public\Shared\Assets\Textures\Icons\Icons_Items_2.dds	1856	448	63	63
Item_LOOT_GEN_Dining_Plate_Elevated_Silver_Rich_C	Icons_Items_2.lsx	Public\Shared\Assets\Textures\Icons\Icons_Items_2.dds	256	512	63	63
Item_LOOT_GEN_Dining_Plate_Silver_Rich_A	Icons_Items_2.lsx	Public\Shared\Assets\Textures\Icons\Icons_Items_2.dds	768	256	63	63
Item_LOOT_GEN_Dining_Plate_Silver_Rich_B	Icons_Items_2.lsx	Public\Shared\Assets\Textures\Icons\Icons_Items_2.dds	832	256	63	63
Item_LOOT_GEN_Dining_Plate_Silver_Rich_C	Icons_Items_2.lsx	Public\Shared\Assets\Textures\Icons\Icons_Items_2.dds	896	256	63	63
Item_LOOT_GEN_Dining_Plate_Silver_Rich_D	Icons_Items_2.lsx	Public\Shared\Assets\Textures\Icons\Icons_Items_2.dds	960	256	63	63
Item_LOOT_GEN_Dining_Plate_Silver_Rich_E	Icons_Items_2.lsx	Public\Shared\Assets\Textures\Icons\Icons_Items_2.dds	640	256	63	63
Item_LOOT_GEN_Dining_Plate_Silver_Rich_F	Icons_Items_2.lsx	Public\Shared\Assets\Textures\Icons\Icons_Items_2.dds	704	256	63	63
Item_LOOT_GEN_Dining_Plate_Silver_Rich_G	Icons_Items_2.lsx	Public\Shared\Assets\Textures\Icons\Icons_Items_2.dds	512	256	63	63
Item_LOOT_GEN_Dining_Plate_Silver_Rich_H	Icons_Items_2.lsx	Public\Shared\Assets\Textures\Icons\Icons_Items_2.dds	576	256	63	63
Item_LOOT_GEN_Dining_Plate_Silver_Rich_I	Icons_Items_2.lsx	Public\Shared\Assets\Textures\Icons\Icons_Items_2.dds	384	256	63	63
Item_LOOT_GEN_Dining_Plate_Silver_Rich_J	Icons_Items_2.lsx	Public\Shared\Assets\Textures\Icons\Icons_Items_2.dds	448	256	63	63
Item_LOOT_GEN_Dining_Ustensil_Knife_Silver_Rich_A	Icons_Items_2.lsx	Public\Shared\Assets\Textures\Icons\Icons_Items_2.dds	65	65	63	63
Item_LOOT_GEN_Dining_Ustensil_Spoon_Silver_Rich_A	Icons_Items_2.lsx	Public\Shared\Assets\Textures\Icons\Icons_Items_2.dds	129	65	63	63
Item_LOOT_GEN_Eye_A	Icons_Items_2.lsx	Public\Shared\Assets\Textures\Icons\Icons_Items_2.dds	1152	129	63	63
Item_LOOT_GEN_Githyanki_Map_A_Posed_A	Icons_Items_2.lsx	Public\Shared\Assets\Textures\Icons\Icons_Items_2.dds	193	65	63	63
Item_LOOT_GEN_Goblet_Rich_Large_A	Icons_Items_2.lsx	Public\Shared\Assets\Textures\Icons\Icons_Items_2.dds	1856	1024	63	63
Item_LOOT_GEN_Goblet_Rich_Large_B	Icons_Items_2.lsx	Public\Shared\Assets\Textures\Icons\Icons_Items_2.dds	1728	1024	63	63
Item_LOOT_GEN_Goblet_Rich_Large_C	Icons_Items_2.lsx	Public\Shared\Assets\Textures\Icons\Icons_Items_2.dds	1792	1024	63	63
Item_LOOT_GEN_HandMirror_A_Metal_A	Icons_Items_2.lsx	Public\Shared\Assets\Textures\Icons\Icons_Items_2.dds	320	512	63	63
Item_LOOT_GEN_Idol_Pedastal_A	Icons_Items_2.lsx	Public\Shared\Assets\Textures\Icons\Icons_Items_2.dds	960	129	63	63
Item_LOOT_GEN_Idol_Shar_Onyx_A	Icons_Items_2.lsx	Public\Shared\Assets\Textures\Icons\Icons_Items_2.dds	1280	896	63	63
Item_LOOT_GEN_Idol_Silvanus_A	Icons_Items_2.lsx	Public\Shared\Assets\Textures\Icons\Icons_Items_2.dds	1024	129	63	63
Item_LOOT_GEN_Idol_Silvanus_B	Icons_Items_2.lsx	Public\Shared\Assets\Textures\Icons\Icons_Items_2.dds	1088	129	63	63
Item_LOOT_GEN_Junk_A_FishSkeleton_A	Icons_Items_2.lsx	Public\Shared\Assets\Textures\Icons\Icons_Items_2.dds	1920	960	63	63
Item_LOOT_GEN_LOOT_GEN_Dining_Ustensil_Fork_Silver_Rich_A	Icons_Items_2.lsx	Public\Shared\Assets\Textures\Icons\Icons_Items_2.dds	256	65	63	63
Item_LOOT_GEN_Lever_Floor_Metal_A_Broken_Base_A	Icons_Items_2.lsx	Public\Shared\Assets\Textures\Icons\Icons_Items_2.dds	896	1216	63	63
Item_LOOT_GEN_Lever_Floor_Metal_A_Broken_Handle_A	Icons_Items_2.lsx	Public\Shared\Assets\Textures\Icons\Icons_Items_2.dds	960	1216	63	63
Item_LOOT_GEN_MagicAmulet_Necklace_D_Bronze_A	Icons_Items_2.lsx	Public\Shared\Assets\Textures\Icons\Icons_Items_2.dds	832	320	63	63
Item_LOOT_GEN_MagicAmulet_Necklace_D_Gold_A	Icons_Items_2.lsx	Public\Shared\Assets\Textures\Icons\Icons_Items_2.dds	896	320	63	63
Item_LOOT_GEN_MagicAmulet_Necklace_D_Silver_A	Icons_Items_2.lsx	Public\Shared\Assets\Textures\Icons\Icons_Items_2.dds	960	320	63	63
Item_LOOT_GEN_Metalbar_Adamantine_A	Icons_Items_2.lsx	Public\Shared\Assets\Textures\Icons\Icons_Items_2.dds	129	768	63	63
Item_LOOT_GEN_Metalbar_Mithral_A	Icons_Items_2.lsx	Public\Shared\Assets\Textures\Icons\Icons_Items_2.dds	193	768	63	63
Item_LOOT_GEN_Ore_Mithral_A	Icons_Items_2.lsx	Public\Shared\Assets\Textures\Icons\Icons_Items_2.dds	320	768	63	63
Item_LOOT_GEN_Pipe_A	Icons_Items_2.lsx	Public\Shared\Assets\Textures\Icons\Icons_Items_2.dds	768	960	63	63
Item_LOOT_GEN_Throwable_Grenade_Confusion_A	Icons_Items_2.lsx	Public\Shared\Assets\Textures\Icons\Icons_Items_2.dds	1984	960	63	63
Item_LOOT_GEN_Throwable_Grenade_HideousLaughter_A	Icons_Items_2.lsx	Public\Shared\Assets\Textures\Icons\Icons_Items_2.dds	0	1024	63	63
Item_LOOT_GOB_Spear_Tip_A	Icons_Items_2.lsx	Public\Shared\Assets\Textures\Icons\Icons_Items_2.dds	65	1024	63	63
Item_LOOT_HAG_Skeleton_Ribs_A	Icons_Items_2.lsx	Public\Shared\Assets\Textures\Icons\Icons_Items_2.dds	193	960	63	63
Item_LOOT_Heads_TieflingStrong_Karlach	Icons_Items_2.lsx	Public\Shared\Assets\Textures\Icons\Icons_Items_2.dds	1408	1216	63	63
Item_LOOT_Ketheric_Infernal_Plate_A	Icons_Items_2.lsx	Public\Shared\Assets\Textures\Icons\Icons_Items_2.dds	1024	896	63	63
Item_LOOT_MF_Acid_Spewing_Maw_A	Icons_Items_2.lsx	Public\Shared\Assets\Textures\Icons\Icons_Items_2.dds	1152	65	63	63
Item_LOOT_MF_Alchemy_Device_A	Icons_Items_2.lsx	Public\Shared\Assets\Textures\Icons\Icons_Items_2.dds	320	65	63	63
Item_LOOT_MF_Alchemy_Device_C	Icons_Items_2.lsx	Public\Shared\Assets\Textures\Icons\Icons_Items_2.dds	384	65	63	63
Item_LOOT_MF_Alchemy_Device_D	Icons_Items_2.lsx	Public\Shared\Assets\Textures\Icons\Icons_Items_2.dds	448	65	63	63
Item_LOOT_MF_Alchemy_Device_E	Icons_Items_2.lsx	Public\Shared\Assets\Textures\Icons\Icons_Items_2.dds	512	65	63	63
Item_LOOT_MF_Alchemy_Device_F	Icons_Items_2.lsx	Public\Shared\Assets\Textures\Icons\Icons_Items_2.dds	640	65	63	63
Item_LOOT_MF_Alchemy_Device_F copy	Icons_Items_2.lsx	Public\Shared\Assets\Textures\Icons\Icons_Items_2.dds	576	65	63	63
Item_LOOT_MF_Rune_Tablet_A	Icons_Items_2.lsx	Public\Shared\Assets\Textures\Icons\Icons_Items_2.dds	704	65	63	63
Item_LOOT_MF_Rune_Tablet_B	Icons_Items_2.lsx	Public\Shared\Assets\Textures\Icons\Icons_Items_2.dds	1792	193	63	63
Item_LOOT_Mushroom_Bonecap_A	Icons_Items_2.lsx	Public\Shared\Assets\Textures\Icons\Icons_Items_2.dds	704	129	63	63
Item_LOOT_Mushroom_Bonecap_B	Icons_Items_2.lsx	Public\Shared\Assets\Textures\Icons\Icons_Items_2.dds	768	129	63	63
Item_LOOT_Mushroom_Bullywugtrumpet_A	Icons_Items_2.lsx	Public\Shared\Assets\Textures\Icons\Icons_Items_2.dds	832	129	63	63
Item_LOOT_Mushroom_Bullywugtrumpet_B	Icons_Items_2.lsx	Public\Shared\Assets\Textures\Icons\Icons_Items_2.dds	896	129	63	63
Item_LOOT_Mushroom_Dragonegg_A	Icons_Items_2.lsx	Public\Shared\Assets\Textures\Icons\Icons_Items_2.dds	640	129	63	63
Item_LOOT_Mushroom_Dragonegg_B	Icons_Items_2.lsx	Public\Shared\Assets\Textures\Icons\Icons_Items_2.dds	448	129	63	63
Item_LOOT_Mushroom_Swarmingtoadstool_A	Icons_Items_2.lsx	Public\Shared\Assets\Textures\Icons\Icons_Items_2.dds	512	129	63	63
Item_LOOT_SCROLL_ArcaneEye	Icons_Items_2.lsx	Public\Shared\Assets\Textures\Icons\Icons_Items_2.dds	1024	1408	63	63
Item_LOOT_SCROLL_ArcaneLock	Icons_Items_2.lsx	Public\Shared\Assets\Textures\Icons\Icons_Items_2.dds	1088	1408	63	63
Item_LOOT_SCROLL_Barkskin	Icons_Items_2.lsx	Public\Shared\Assets\Textures\Icons\Icons_Items_2.dds	129	576	63	63
Item_LOOT_SCROLL_Blink	Icons_Items_2.lsx	Public\Shared\Assets\Textures\Icons\Icons_Items_2.dds	1152	1408	63	63
Item_LOOT_SCROLL_ChainLightning	Icons_Items_2.lsx	Public\Shared\Assets\Textures\Icons\Icons_Items_2.dds	640	1408	63	63
Item_LOOT_SCROLL_CircleOfDeath	Icons_Items_2.lsx	Public\Shared\Assets\Textures\Icons\Icons_Items_2.dds	704	1408	63	63
Item_LOOT_SCROLL_CloudKill	Icons_Items_2.lsx	Public\Shared\Assets\Textures\Icons\Icons_Items_2.dds	768	1408	63	63
Item_LOOT_SCROLL_CloudOfDaggers	Icons_Items_2.lsx	Public\Shared\Assets\Textures\Icons\Icons_Items_2.dds	640	1344	63	63
Item_LOOT_SCROLL_ConeOfCold	Icons_Items_2.lsx	Public\Shared\Assets\Textures\Icons\Icons_Items_2.dds	832	1408	63	63
Item_LOOT_SCROLL_ConjureElemental	Icons_Items_2.lsx	Public\Shared\Assets\Textures\Icons\Icons_Items_2.dds	896	1408	63	63
Item_LOOT_SCROLL_ConjureMinorElemental	Icons_Items_2.lsx	Public\Shared\Assets\Textures\Icons\Icons_Items_2.dds	960	1408	63	63
Item_LOOT_SCROLL_Counterspell	Icons_Items_2.lsx	Public\Shared\Assets\Textures\Icons\Icons_Items_2.dds	320	1408	63	63
Item_LOOT_SCROLL_CrownOfMadness	Icons_Items_2.lsx	Public\Shared\Assets\Textures\Icons\Icons_Items_2.dds	1152	1344	63	63
Item_LOOT_SCROLL_Darkness	Icons_Items_2.lsx	Public\Shared\Assets\Textures\Icons\Icons_Items_2.dds	1024	1344	63	63
Item_LOOT_SCROLL_Darkvision	Icons_Items_2.lsx	Public\Shared\Assets\Textures\Icons\Icons_Items_2.dds	960	1344	63	63
Item_LOOT_SCROLL_Disintegrate	Icons_Items_2.lsx	Public\Shared\Assets\Textures\Icons\Icons_Items_2.dds	384	1408	63	63
Item_LOOT_SCROLL_DominatePerson	Icons_Items_2.lsx	Public\Shared\Assets\Textures\Icons\Icons_Items_2.dds	448	1408	63	63
Item_LOOT_SCROLL_Enlarge	Icons_Items_2.lsx	Public\Shared\Assets\Textures\Icons\Icons_Items_2.dds	512	1408	63	63
Item_LOOT_SCROLL_Entangled	Icons_Items_2.lsx	Public\Shared\Assets\Textures\Icons\Icons_Items_2.dds	896	576	63	63
Item_LOOT_SCROLL_ExpeditiousRetreat	Icons_Items_2.lsx	Public\Shared\Assets\Textures\Icons\Icons_Items_2.dds	1088	1344	63	63
Item_LOOT_SCROLL_Eyebite	Icons_Items_2.lsx	Public\Shared\Assets\Textures\Icons\Icons_Items_2.dds	576	1408	63	63
Item_LOOT_SCROLL_Fear	Icons_Items_2.lsx	Public\Shared\Assets\Textures\Icons\Icons_Items_2.dds	576	1344	63	63
Item_LOOT_SCROLL_FindFamiliar	Icons_Items_2.lsx	Public\Shared\Assets\Textures\Icons\Icons_Items_2.dds	0	1408	63	63
Item_LOOT_SCROLL_FlameBlade	Icons_Items_2.lsx	Public\Shared\Assets\Textures\Icons\Icons_Items_2.dds	512	576	63	63
Item_LOOT_SCROLL_FlamingSphere	Icons_Items_2.lsx	Public\Shared\Assets\Textures\Icons\Icons_Items_2.dds	448	576	63	63
Item_LOOT_SCROLL_FleshToStone	Icons_Items_2.lsx	Public\Shared\Assets\Textures\Icons\Icons_Items_2.dds	65	1408	63	63
Item_LOOT_SCROLL_Fly	Icons_Items_2.lsx	Public\Shared\Assets\Textures\Icons\Icons_Items_2.dds	512	1344	63	63
Item_LOOT_SCROLL_FreezingSphere	Icons_Items_2.lsx	Public\Shared\Assets\Textures\Icons\Icons_Items_2.dds	129	1408	63	63
Item_LOOT_SCROLL_GlobeOfInvulnerability	Icons_Items_2.lsx	Public\Shared\Assets\Textures\Icons\Icons_Items_2.dds	193	1408	63	63
Item_LOOT_SCROLL_Goodberry	Icons_Items_2.lsx	Public\Shared\Assets\Textures\Icons\Icons_Items_2.dds	320	576	63	63
Item_LOOT_SCROLL_HeatMetal	Icons_Items_2.lsx	Public\Shared\Assets\Textures\Icons\Icons_Items_2.dds	256	576	63	63
Item_LOOT_SCROLL_HoldMonster	Icons_Items_2.lsx	Public\Shared\Assets\Textures\Icons\Icons_Items_2.dds	256	1408	63	63
Item_LOOT_SCROLL_IceKnife	Icons_Items_2.lsx	Public\Shared\Assets\Textures\Icons\Icons_Items_2.dds	1664	1344	63	63
Item_LOOT_SCROLL_IceStorm	Icons_Items_2.lsx	Public\Shared\Assets\Textures\Icons\Icons_Items_2.dds	1728	1344	63	63
Item_LOOT_SCROLL_IrresistibleDance	Icons_Items_2.lsx	Public\Shared\Assets\Textures\Icons\Icons_Items_2.dds	1792	1344	63	63
Item_LOOT_SCROLL_JergasScrollOfTheDead	Icons_Items_2.lsx	Public\Shared\Assets\Textures\Icons\Icons_Items_2.dds	1920	448	63	63
Item_LOOT_SCROLL_LongJump	Icons_Items_2.lsx	Public\Shared\Assets\Textures\Icons\Icons_Items_2.dds	448	1344	63	63
Item_LOOT_SCROLL_Longstrider	Icons_Items_2.lsx	Public\Shared\Assets\Textures\Icons\Icons_Items_2.dds	896	1344	63	63
Item_LOOT_SCROLL_MagicWeapon	Icons_Items_2.lsx	Public\Shared\Assets\Textures\Icons\Icons_Items_2.dds	1856	1344	63	63
Item_LOOT_SCROLL_Moonbeam	Icons_Items_2.lsx	Public\Shared\Assets\Textures\Icons\Icons_Items_2.dds	384	576	63	63
Item_LOOT_SCROLL_PhantasmalForce	Icons_Items_2.lsx	Public\Shared\Assets\Textures\Icons\Icons_Items_2.dds	832	1344	63	63
Item_LOOT_SCROLL_PlanarBinding	Icons_Items_2.lsx	Public\Shared\Assets\Textures\Icons\Icons_Items_2.dds	1920	1344	63	63
Item_LOOT_SCROLL_ProtectionFromPoison	Icons_Items_2.lsx	Public\Shared\Assets\Textures\Icons\Icons_Items_2.dds	576	576	63	63
Item_LOOT_SCROLL_RemoveCurse	Icons_Items_2.lsx	Public\Shared\Assets\Textures\Icons\Icons_Items_2.dds	1280	1344	63	63
Item_LOOT_SCROLL_ResilientSphere	Icons_Items_2.lsx	Public\Shared\Assets\Textures\Icons\Icons_Items_2.dds	1984	1344	63	63
Item_LOOT_SCROLL_ScorchingRay	Icons_Items_2.lsx	Public\Shared\Assets\Textures\Icons\Icons_Items_2.dds	768	1344	63	63
Item_LOOT_SCROLL_Seeming	Icons_Items_2.lsx	Public\Shared\Assets\Textures\Icons\Icons_Items_2.dds	1344	1344	63	63
Item_LOOT_SCROLL_Shatter	Icons_Items_2.lsx	Public\Shared\Assets\Textures\Icons\Icons_Items_2.dds	1024	640	63	63
Item_LOOT_SCROLL_ShieldOfFaith	Icons_Items_2.lsx	Public\Shared\Assets\Textures\Icons\Icons_Items_2.dds	1152	512	63	63
Item_LOOT_SCROLL_SpikeGrowth	Icons_Items_2.lsx	Public\Shared\Assets\Textures\Icons\Icons_Items_2.dds	193	576	63	63
Item_LOOT_SCROLL_SummonQuasit	Icons_Items_2.lsx	Public\Shared\Assets\Textures\Icons\Icons_Items_2.dds	1856	65	63	63
Item_LOOT_SCROLL_Sunbeam	Icons_Items_2.lsx	Public\Shared\Assets\Textures\Icons\Icons_Items_2.dds	1408	1344	63	63
Item_LOOT_SCROLL_TashasHideousLaughter	Icons_Items_2.lsx	Public\Shared\Assets\Textures\Icons\Icons_Items_2.dds	256	896	63	63
Item_LOOT_SCROLL_Telekinesis	Icons_Items_2.lsx	Public\Shared\Assets\Textures\Icons\Icons_Items_2.dds	1472	1344	63	63
Item_LOOT_SCROLL_VampiricTouch	Icons_Items_2.lsx	Public\Shared\Assets\Textures\Icons\Icons_Items_2.dds	704	1344	63	63
Item_LOOT_SCROLL_WallOfFire	Icons_Items_2.lsx	Public\Shared\Assets\Textures\Icons\Icons_Items_2.dds	1536	1344	63	63
Item_LOOT_SCROLL_WallOfIce	Icons_Items_2.lsx	Public\Shared\Assets\Textures\Icons\Icons_Items_2.dds	1600	1344	63	63
Item_LOOT_SCROLL_WallOfStone	Icons_Items_2.lsx	Public\Shared\Assets\Textures\Icons\Icons_Items_2.dds	1408	1152	63	63
Item_LOOT_Smith_Bellows_A	Icons_Items_2.lsx	Public\Shared\Assets\Textures\Icons\Icons_Items_2.dds	768	65	63	63
Item_LOOT_Smith_Tongs_A	Icons_Items_2.lsx	Public\Shared\Assets\Textures\Icons\Icons_Items_2.dds	832	65	63	63
Item_LOOT_Toy_Ball_Small	Icons_Items_2.lsx	Public\Shared\Assets\Textures\Icons\Icons_Items_2.dds	1344	576	63	63
Item_LOOT_Underdark_Automaton_Parts_A	Icons_Items_2.lsx	Public\Shared\Assets\Textures\Icons\Icons_Items_2.dds	896	65	63	63
Item_LOOT_Underdark_Automaton_Parts_B	Icons_Items_2.lsx	Public\Shared\Assets\Textures\Icons\Icons_Items_2.dds	960	65	63	63
Item_LOOT_Underdark_Automaton_Parts_C	Icons_Items_2.lsx	Public\Shared\Assets\Textures\Icons\Icons_Items_2.dds	1024	65	63	63
Item_LOOT_Underdark_Fang_A	Icons_Items_2.lsx	Public\Shared\Assets\Textures\Icons\Icons_Items_2.dds	1216	193	63	63
Item_LOOT_Underdark_Hook_Horror_Claw_A	Icons_Items_2.lsx	Public\Shared\Assets\Textures\Icons\Icons_Items_2.dds	1280	193	63	63
Item_LOOT_Underdark_MushroomPieces_A	Icons_Items_2.lsx	Public\Shared\Assets\Textures\Icons\Icons_Items_2.dds	1344	193	63	63
Item_LOOT_Underdark_MushroomPieces_B	Icons_Items_2.lsx	Public\Shared\Assets\Textures\Icons\Icons_Items_2.dds	1408	193	63	63
Item_LOOT_Underdark_MushroomPieces_C	Icons_Items_2.lsx	Public\Shared\Assets\Textures\Icons\Icons_Items_2.dds	1472	193	63	63
Item_LOOT_Underdark_MushroomPieces_D	Icons_Items_2.lsx	Public\Shared\Assets\Textures\Icons\Icons_Items_2.dds	1536	193	63	63
Item_LOOT_Underdark_Mushroom_Bonecap	Icons_Items_2.lsx	Public\Shared\Assets\Textures\Icons\Icons_Items_2.dds	1856	320	63	63
Item_LOOT_Underdark_Mushroom_Bullywugtrumpet	Icons_Items_2.lsx	Public\Shared\Assets\Textures\Icons\Icons_Items_2.dds	1920	320	63	63
Item_LOOT_Underdark_Mushroom_Dragonegg	Icons_Items_2.lsx	Public\Shared\Assets\Textures\Icons\Icons_Items_2.dds	1984	320	63	63
Item_LOOT_Underdark_Mushroom_Myconidsporesac	Icons_Items_2.lsx	Public\Shared\Assets\Textures\Icons\Icons_Items_2.dds	0	384	63	63
Item_LOOT_Underdark_Mushroom_Nightlight_Piece	Icons_Items_2.lsx	Public\Shared\Assets\Textures\Icons\Icons_Items_2.dds	576	129	63	63
Item_LOOT_Underdark_Mushroom_Roguemorsel	Icons_Items_2.lsx	Public\Shared\Assets\Textures\Icons\Icons_Items_2.dds	65	384	63	63
Item_LOOT_Underdark_Mushroom_Sentinel_A	Icons_Items_2.lsx	Public\Shared\Assets\Textures\Icons\Icons_Items_2.dds	384	129	63	63
Item_LOOT_Underdark_Mushroom_Silvantruffle	Icons_Items_2.lsx	Public\Shared\Assets\Textures\Icons\Icons_Items_2.dds	129	384	63	63
Item_LOOT_Underdark_Mushroom_Swarmingtoadstool	Icons_Items_2.lsx	Public\Shared\Assets\Textures\Icons\Icons_Items_2.dds	193	384	63	63
Item_LOOT_Underdark_Spectator_Eye_A	Icons_Items_2.lsx	Public\Shared\Assets\Textures\Icons\Icons_Items_2.dds	1600	193	63	63
Item_LOW_UNI_General_ThreadClue	Icons_Items_2.lsx	Public\Shared\Assets\Textures\Icons\Icons_Items_2.dds	512	512	63	63
Item_LTS_Camp_Campfire_A	Icons_Items_2.lsx	Public\Shared\Assets\Textures\Icons\Icons_Items_2.dds	0	1216	63	63
Item_LTS_DUN_Bowls_B	Icons_Items_2.lsx	Public\Shared\Assets\Textures\Icons\Icons_Items_2.dds	65	1216	63	63
Item_LTS_DUN_Candlestick_A	Icons_Items_2.lsx	Public\Shared\Assets\Textures\Icons\Icons_Items_2.dds	193	1216	63	63
Item_LTS_DUN_Hanging_Bowls_A	Icons_Items_2.lsx	Public\Shared\Assets\Textures\Icons\Icons_Items_2.dds	1984	1152	63	63
Item_LTS_DUN_Wall_Bowls_A	Icons_Items_2.lsx	Public\Shared\Assets\Textures\Icons\Icons_Items_2.dds	129	1216	63	63
Item_LTS_GEN_Gem_Glowing_Family_A	Icons_Items_2.lsx	Public\Shared\Assets\Textures\Icons\Icons_Items_2.dds	1536	704	63	63
Item_LTS_GEN_Gem_Glowing_Family_A_Purple	Icons_Items_2.lsx	Public\Shared\Assets\Textures\Icons\Icons_Items_2.dds	1600	704	63	63
Item_LTS_Goblins_Camp_Torch_A	Icons_Items_2.lsx	Public\Shared\Assets\Textures\Icons\Icons_Items_2.dds	65	640	63	63
Item_LTS_HAG_Bubbly_Fireflies_C	Icons_Items_2.lsx	Public\Shared\Assets\Textures\Icons\Icons_Items_2.dds	832	576	63	63
Item_LTS_Underdark_Bubbly_Fireflies_B	Icons_Items_2.lsx	Public\Shared\Assets\Textures\Icons\Icons_Items_2.dds	640	1024	63	63
Item_MAG_Bard_HealingBardicInspiration_Hat	Icons_Items_2.lsx	Public\Shared\Assets\Textures\Icons\Icons_Items_2.dds	1216	1280	63	63
Item_MAG_Bard_RefreshBardicInspirationSlot_Gloves	Icons_Items_2.lsx	Public\Shared\Assets\Textures\Icons\Icons_Items_2.dds	1152	1280	63	63
Item_MAG_Bard_RefreshBardicInspirationSlot_Shoes	Icons_Items_2.lsx	Public\Shared\Assets\Textures\Icons\Icons_Items_2.dds	1728	1280	63	63
Item_MAG_Bard_TempHP_Armor	Icons_Items_2.lsx	Public\Shared\Assets\Textures\Icons\Icons_Items_2.dds	1664	1280	63	63
Item_MAG_ChargedLightning_AbilityCheckBoost_Gloves	Icons_Items_2.lsx	Public\Shared\Assets\Textures\Icons\Icons_Items_2.dds	1856	1088	63	63
Item_MAG_ChargedLightning_BonusAC_Robe	Icons_Items_2.lsx	Public\Shared\Assets\Textures\Icons\Icons_Items_2.dds	1920	1088	63	63
Item_MAG_ChargedLightning_Dash_Boots	Icons_Items_2.lsx	Public\Shared\Assets\Textures\Icons\Icons_Items_2.dds	1792	1088	63	63
Item_MAG_ChargedLightning_ElectricSurface_Boots	Icons_Items_2.lsx	Public\Shared\Assets\Textures\Icons\Icons_Items_2.dds	1728	1088	63	63
Item_MAG_ChargedLightning_Electrocute_Armor	Icons_Items_2.lsx	Public\Shared\Assets\Textures\Icons\Icons_Items_2.dds	1280	1088	63	63
Item_MAG_ChargedLightning_EnsnaringShock_Ring	Icons_Items_2.lsx	Public\Shared\Assets\Textures\Icons\Icons_Items_2.dds	1216	1088	63	63
Item_MAG_ChargedLightning_LightningBlast_Amulet	Icons_Items_2.lsx	Public\Shared\Assets\Textures\Icons\Icons_Items_2.dds	1152	1088	63	63
Item_MAG_ChargedLightning_Longbow	Icons_Items_2.lsx	Public\Shared\Assets\Textures\Icons\Icons_Items_2.dds	1088	1088	63	63
Item_MAG_ChargedLightning_Quarterstaff	Icons_Items_2.lsx	Public\Shared\Assets\Textures\Icons\Icons_Items_2.dds	1344	1088	63	63
Item_MAG_ChargedLightning_Resistance_Ring	Icons_Items_2.lsx	Public\Shared\Assets\Textures\Icons\Icons_Items_2.dds	1024	1088	63	63
Item_MAG_ChargedLightning_StaticDischarge_Amulet	Icons_Items_2.lsx	Public\Shared\Assets\Textures\Icons\Icons_Items_2.dds	960	1088	63	63
Item_MAG_ChargedLightning_StaticDischarge_Shield	Icons_Items_2.lsx	Public\Shared\Assets\Textures\Icons\Icons_Items_2.dds	896	1088	63	63
Item_MAG_ChargedLightning_TempHP_Circlet	Icons_Items_2.lsx	Public\Shared\Assets\Textures\Icons\Icons_Items_2.dds	832	1088	63	63
Item_MAG_ChargedLightning_Trident	Icons_Items_2.lsx	Public\Shared\Assets\Textures\Icons\Icons_Items_2.dds	768	1088	63	63
Item_MAG_Cold_IncreaseColdDamageOnCast_Staff	Icons_Items_2.lsx	Public\Shared\Assets\Textures\Icons\Icons_Items_2.dds	1984	832	63	63
Item_MAG_LowHP_BonusAction_Helmet	Icons_Items_2.lsx	Public\Shared\Assets\Textures\Icons\Icons_Items_2.dds	1088	1152	63	63
Item_MAG_LowHP_CounterOnDamage_ChainShirt	Icons_Items_2.lsx	Public\Shared\Assets\Textures\Icons\Icons_Items_2.dds	1024	1152	63	63
Item_MAG_LowHP_IgnoreAttackOfOpportunity_Amulet	Icons_Items_2.lsx	Public\Shared\Assets\Textures\Icons\Icons_Items_2.dds	960	1152	63	63
Item_MAG_LowHP_IncreaseDamage_Greataxe	Icons_Items_2.lsx	Public\Shared\Assets\Textures\Icons\Icons_Items_2.dds	896	1152	63	63
Item_MAG_LowHP_IncreaseSpeed_Boots	Icons_Items_2.lsx	Public\Shared\Assets\Textures\Icons\Icons_Items_2.dds	832	1152	63	63
Item_MAG_LowHP_IncreasedSpellDamage_Amulet	Icons_Items_2.lsx	Public\Shared\Assets\Textures\Icons\Icons_Items_2.dds	768	1152	63	63
Item_MAG_LowHP_ResistanceFire_Gloves	Icons_Items_2.lsx	Public\Shared\Assets\Textures\Icons\Icons_Items_2.dds	704	1152	63	63
Item_MAG_LowHP_TemporaryHP_Shield	Icons_Items_2.lsx	Public\Shared\Assets\Textures\Icons\Icons_Items_2.dds	640	1152	63	63
Item_MAG_Mobility_ExplosionOnJump_Maul	Icons_Items_2.lsx	Public\Shared\Assets\Textures\Icons\Icons_Items_2.dds	256	1152	63	63
Item_MAG_Mobility_JumpOnDash_Gloves	Icons_Items_2.lsx	Public\Shared\Assets\Textures\Icons\Icons_Items_2.dds	193	1152	63	63
Item_MAG_Mobility_LowHP_Momentum_Ring	Icons_Items_2.lsx	Public\Shared\Assets\Textures\Icons\Icons_Items_2.dds	1408	1088	63	63
Item_MAG_Mobility_MomentumOnAttack_Scimitar	Icons_Items_2.lsx	Public\Shared\Assets\Textures\Icons\Icons_Items_2.dds	65	1152	63	63
Item_MAG_Mobility_MomentumOnCombatStart_Helmet	Icons_Items_2.lsx	Public\Shared\Assets\Textures\Icons\Icons_Items_2.dds	129	1152	63	63
Item_MAG_Mobility_MomentumOnDash_Boots	Icons_Items_2.lsx	Public\Shared\Assets\Textures\Icons\Icons_Items_2.dds	0	1152	63	63
Item_MAG_Mobility_SprintForMomentum_ChainShirt	Icons_Items_2.lsx	Public\Shared\Assets\Textures\Icons\Icons_Items_2.dds	1984	1088	63	63
Item_MAG_Rage_TempHPOnExit_Amulet	Icons_Items_2.lsx	Public\Shared\Assets\Textures\Icons\Icons_Items_2.dds	1536	1088	63	63
Item_MAG_Violence_LowHP_Violence_Clothes	Icons_Items_2.lsx	Public\Shared\Assets\Textures\Icons\Icons_Items_2.dds	1664	1088	63	63
Item_MAG_Violence_ViolenceOnDamaged_Helmet	Icons_Items_2.lsx	Public\Shared\Assets\Textures\Icons\Icons_Items_2.dds	1472	1088	63	63
Item_MAG_Violence_ViolenceOnDash_Boots	Icons_Items_2.lsx	Public\Shared\Assets\Textures\Icons\Icons_Items_2.dds	1600	1088	63	63
Item_MerregonMask	Icons_Items_2.lsx	Public\Shared\Assets\Textures\Icons\Icons_Items_2.dds	1856	704	63	63
Item_PUZ_Cave_Speleothem_Stalactite_A	Icons_Items_2.lsx	Public\Shared\Assets\Textures\Icons\Icons_Items_2.dds	193	1920	63	63
Item_PUZ_CursedLand_Shooting_Flower_A_Black_A	Icons_Items_2.lsx	Public\Shared\Assets\Textures\Icons\Icons_Items_2.dds	256	1920	63	63
Item_PUZ_CursedLand_Shooting_Flower_A_Green_A	Icons_Items_2.lsx	Public\Shared\Assets\Textures\Icons\Icons_Items_2.dds	320	1920	63	63
Item_PUZ_CursedLand_Shooting_Flower_A_Purple_A	Icons_Items_2.lsx	Public\Shared\Assets\Textures\Icons\Icons_Items_2.dds	384	1920	63	63
Item_PUZ_CursedLand_Shooting_Flower_A_Red_A	Icons_Items_2.lsx	Public\Shared\Assets\Textures\Icons\Icons_Items_2.dds	448	1920	63	63
Item_PUZ_CursedLand_Shooting_Flower_A_Yellow_A	Icons_Items_2.lsx	Public\Shared\Assets\Textures\Icons\Icons_Items_2.dds	512	1920	63	63
Item_PUZ_Drider_Moon_Lantern_A_Broken_A	Icons_Items_2.lsx	Public\Shared\Assets\Textures\Icons\Icons_Items_2.dds	704	896	63	63
Item_PUZ_Druids_Rune_Stone_A_Socket_Bear_A	Icons_Items_2.lsx	Public\Shared\Assets\Textures\Icons\Icons_Items_2.dds	1344	512	63	63
Item_PUZ_Druids_Rune_Stone_A_Socket_Eagle_A	Icons_Items_2.lsx	Public\Shared\Assets\Textures\Icons\Icons_Items_2.dds	1280	512	63	63
Item_PUZ_Druids_Rune_Stone_A_Socket_Elk_A	Icons_Items_2.lsx	Public\Shared\Assets\Textures\Icons\Icons_Items_2.dds	1216	512	63	63
Item_PUZ_Druids_Rune_Stone_A_Socket_Empty_A	Icons_Items_2.lsx	Public\Shared\Assets\Textures\Icons\Icons_Items_2.dds	1408	512	63	63
Item_PUZ_Druids_Rune_Stone_A_Socket_Wolf_A	Icons_Items_2.lsx	Public\Shared\Assets\Textures\Icons\Icons_Items_2.dds	1472	512	63	63
Item_PUZ_GEN_Button_A	Icons_Items_2.lsx	Public\Shared\Assets\Textures\Icons\Icons_Items_2.dds	640	1216	63	63
Item_PUZ_GEN_DestructibleWall_Stone_A	Icons_Items_2.lsx	Public\Shared\Assets\Textures\Icons\Icons_Items_2.dds	1792	1152	63	63
Item_PUZ_GEN_Key_Flower_A	Icons_Items_2.lsx	Public\Shared\Assets\Textures\Icons\Icons_Items_2.dds	1408	1280	63	63
Item_PUZ_GEN_Key_Flower_B	Icons_Items_2.lsx	Public\Shared\Assets\Textures\Icons\Icons_Items_2.dds	1344	1280	63	63
Item_PUZ_GEN_Key_MasonGuild_A_Silver_A	Icons_Items_2.lsx	Public\Shared\Assets\Textures\Icons\Icons_Items_2.dds	65	704	63	63
Item_PUZ_GEN_Lanceboard_Board_A	Icons_Items_2.lsx	Public\Shared\Assets\Textures\Icons\Icons_Items_2.dds	704	1856	63	63
Item_PUZ_GEN_Lanceboard_Piece_Bishop_Black_A	Icons_Items_2.lsx	Public\Shared\Assets\Textures\Icons\Icons_Items_2.dds	768	1856	63	63
Item_PUZ_GEN_Lanceboard_Piece_Bishop_White_A	Icons_Items_2.lsx	Public\Shared\Assets\Textures\Icons\Icons_Items_2.dds	832	1856	63	63
Item_PUZ_GEN_Lanceboard_Piece_King_Black_A	Icons_Items_2.lsx	Public\Shared\Assets\Textures\Icons\Icons_Items_2.dds	896	1856	63	63
Item_PUZ_GEN_Lanceboard_Piece_King_White_A	Icons_Items_2.lsx	Public\Shared\Assets\Textures\Icons\Icons_Items_2.dds	960	1856	63	63
Item_PUZ_GEN_Lanceboard_Piece_Knight_Black_A	Icons_Items_2.lsx	Public\Shared\Assets\Textures\Icons\Icons_Items_2.dds	1024	1856	63	63
Item_PUZ_GEN_Lanceboard_Piece_Knight_White_A	Icons_Items_2.lsx	Public\Shared\Assets\Textures\Icons\Icons_Items_2.dds	1088	1856	63	63
Item_PUZ_GEN_Lanceboard_Piece_Pawn_Black_A	Icons_Items_2.lsx	Public\Shared\Assets\Textures\Icons\Icons_Items_2.dds	1152	1856	63	63
Item_PUZ_GEN_Lanceboard_Piece_Pawn_White_A	Icons_Items_2.lsx	Public\Shared\Assets\Textures\Icons\Icons_Items_2.dds	1216	1856	63	63
Item_PUZ_GEN_Lanceboard_Piece_Queen_Black_A	Icons_Items_2.lsx	Public\Shared\Assets\Textures\Icons\Icons_Items_2.dds	1280	1856	63	63
Item_PUZ_GEN_Lanceboard_Piece_Queen_White_A	Icons_Items_2.lsx	Public\Shared\Assets\Textures\Icons\Icons_Items_2.dds	1344	1856	63	63
Item_PUZ_GEN_Lanceboard_Piece_Rook_Black_A	Icons_Items_2.lsx	Public\Shared\Assets\Textures\Icons\Icons_Items_2.dds	1408	1856	63	63
Item_PUZ_GEN_Lanceboard_Piece_Rook_White_A	Icons_Items_2.lsx	Public\Shared\Assets\Textures\Icons\Icons_Items_2.dds	1920	1792	63	63
Item_PUZ_GEN_Pressure_Plate_Granite_A	Icons_Items_2.lsx	Public\Shared\Assets\Textures\Icons\Icons_Items_2.dds	1984	1792	63	63
Item_PUZ_GEN_Proximity_Explosive_A_Copper	Icons_Items_2.lsx	Public\Shared\Assets\Textures\Icons\Icons_Items_2.dds	1600	896	63	63
Item_PUZ_GEN_Proximity_Explosive_A_Rusty	Icons_Items_2.lsx	Public\Shared\Assets\Textures\Icons\Icons_Items_2.dds	1536	896	63	63
Item_PUZ_GEN_Trap_Gargoyle_Statue_Turret_Head_A	Icons_Items_2.lsx	Public\Shared\Assets\Textures\Icons\Icons_Items_2.dds	0	1856	63	63
Item_PUZ_GEN_Trap_Gargoyle_Statue_Turret_Head_B	Icons_Items_2.lsx	Public\Shared\Assets\Textures\Icons\Icons_Items_2.dds	65	1856	63	63
Item_PUZ_GEN_Trap_Gargoyle_Statue_Turret_Head_C	Icons_Items_2.lsx	Public\Shared\Assets\Textures\Icons\Icons_Items_2.dds	576	1920	63	63
Item_PUZ_GEN_Trap_Gaspit_Cave_A	Icons_Items_2.lsx	Public\Shared\Assets\Textures\Icons\Icons_Items_2.dds	640	1920	63	63
Item_PUZ_GEN_Trap_Gaspit_Temple_A	Icons_Items_2.lsx	Public\Shared\Assets\Textures\Icons\Icons_Items_2.dds	704	1920	63	63
Item_PUZ_GEN_Trap_Hole_A	Icons_Items_2.lsx	Public\Shared\Assets\Textures\Icons\Icons_Items_2.dds	768	1920	63	63
Item_PUZ_GEN_Trap_Hole_B	Icons_Items_2.lsx	Public\Shared\Assets\Textures\Icons\Icons_Items_2.dds	832	1920	63	63
Item_PUZ_GEN_Trap_Spikes_Metal_A	Icons_Items_2.lsx	Public\Shared\Assets\Textures\Icons\Icons_Items_2.dds	1472	1856	63	63
Item_PUZ_GEN_Tripwire_A	Icons_Items_2.lsx	Public\Shared\Assets\Textures\Icons\Icons_Items_2.dds	1536	1856	63	63
Item_PUZ_GEN_WineBarrel_A	Icons_Items_2.lsx	Public\Shared\Assets\Textures\Icons\Icons_Items_2.dds	1728	640	63	63
Item_PUZ_GTY_Turret_A	Icons_Items_2.lsx	Public\Shared\Assets\Textures\Icons\Icons_Items_2.dds	1600	1856	63	63
Item_PUZ_GTY_Ubiquity_Key_A	Icons_Items_2.lsx	Public\Shared\Assets\Textures\Icons\Icons_Items_2.dds	1664	1856	63	63
Item_PUZ_HAG_Magic_Mushroom_A	Icons_Items_2.lsx	Public\Shared\Assets\Textures\Icons\Icons_Items_2.dds	1728	1856	63	63
Item_PUZ_HoH_Rune_Console_A	Icons_Items_2.lsx	Public\Shared\Assets\Textures\Icons\Icons_Items_2.dds	1792	1856	63	63
Item_PUZ_Lathander_Barrier_Generator_A	Icons_Items_2.lsx	Public\Shared\Assets\Textures\Icons\Icons_Items_2.dds	1856	1856	63	63
Item_PUZ_Lathander_Energy_Source_A	Icons_Items_2.lsx	Public\Shared\Assets\Textures\Icons\Icons_Items_2.dds	1920	1856	63	63
Item_PUZ_Lathander_Shockwave_Trap_A	Icons_Items_2.lsx	Public\Shared\Assets\Textures\Icons\Icons_Items_2.dds	1984	1856	63	63
Item_PUZ_Lathander_Solar_Machine_A	Icons_Items_2.lsx	Public\Shared\Assets\Textures\Icons\Icons_Items_2.dds	0	1920	63	63
Item_PUZ_Printshop_Printing_Plate_Article_A	Icons_Items_2.lsx	Public\Shared\Assets\Textures\Icons\Icons_Items_2.dds	65	1920	63	63
Item_PUZ_TeleporterHole_Tiny_D	Icons_Items_2.lsx	Public\Shared\Assets\Textures\Icons\Icons_Items_2.dds	129	1920	63	63
Item_PUZ_TeleporterHole_Vent	Icons_Items_2.lsx	Public\Shared\Assets\Textures\Icons\Icons_Items_2.dds	129	1856	63	63
Item_PUZ_Temple_Shar_Moon_Base_A	Icons_Items_2.lsx	Public\Shared\Assets\Textures\Icons\Icons_Items_2.dds	193	1856	63	63
Item_PUZ_Temple_Shar_Moon_Dark_Moon_A	Icons_Items_2.lsx	Public\Shared\Assets\Textures\Icons\Icons_Items_2.dds	256	1856	63	63
Item_PUZ_Temple_Shar_Moon_Full_Moon_A	Icons_Items_2.lsx	Public\Shared\Assets\Textures\Icons\Icons_Items_2.dds	320	1856	63	63
Item_PUZ_Temple_Shar_Moon_Half_Moon_A	Icons_Items_2.lsx	Public\Shared\Assets\Textures\Icons\Icons_Items_2.dds	384	1856	63	63
Item_PUZ_Trap_Gortash_FlamethrowerTile	Icons_Items_2.lsx	Public\Shared\Assets\Textures\Icons\Icons_Items_2.dds	448	1856	63	63
Item_PUZ_Trap_Gortash_FocusedIncinerator	Icons_Items_2.lsx	Public\Shared\Assets\Textures\Icons\Icons_Items_2.dds	512	1856	63	63
Item_PUZ_Trap_Gortash_GrenadeInstantiator	Icons_Items_2.lsx	Public\Shared\Assets\Textures\Icons\Icons_Items_2.dds	576	1856	63	63
Item_PUZ_Trap_Gortash_GrenadeInstantiator_Grenade	Icons_Items_2.lsx	Public\Shared\Assets\Textures\Icons\Icons_Items_2.dds	640	1856	63	63
Item_PUZ_Underdark_Mushroom_Exploding_B	Icons_Items_2.lsx	Public\Shared\Assets\Textures\Icons\Icons_Items_2.dds	1472	704	63	63
Item_PUZ_Underdark_Ore_Boulder_Mithral_Vein_A	Icons_Items_2.lsx	Public\Shared\Assets\Textures\Icons\Icons_Items_2.dds	256	768	63	63
Item_QUEST_Rope_Destructable	Icons_Items_2.lsx	Public\Shared\Assets\Textures\Icons\Icons_Items_2.dds	1920	193	63	63
Item_QUEST_SHA_VampiricDagger	Icons_Items_2.lsx	Public\Shared\Assets\Textures\Icons\Icons_Items_2.dds	1024	320	63	63
Item_QUEST_UND_CallarduranTrinket	Icons_Items_2.lsx	Public\Shared\Assets\Textures\Icons\Icons_Items_2.dds	1920	640	63	63
Item_QUEST_UND_SovereignKey	Icons_Items_2.lsx	Public\Shared\Assets\Textures\Icons\Icons_Items_2.dds	576	896	63	63
Item_Quest_CMB_BoulderThrowable	Icons_Items_2.lsx	Public\Shared\Assets\Textures\Icons\Icons_Items_2.dds	1856	193	63	63
Item_Quest_CMB_StalkBulb	Icons_Items_2.lsx	Public\Shared\Assets\Textures\Icons\Icons_Items_2.dds	704	1024	63	63
Item_Quest_DEN_BattleHorn	Icons_Items_2.lsx	Public\Shared\Assets\Textures\Icons\Icons_Items_2.dds	1728	193	63	63
Item_Quest_FOR_SussurBark	Icons_Items_2.lsx	Public\Shared\Assets\Textures\Icons\Icons_Items_2.dds	1792	512	63	63
Item_Quest_HAG_HagHair	Icons_Items_2.lsx	Public\Shared\Assets\Textures\Icons\Icons_Items_2.dds	448	512	63	63
Item_TOOL_GEN_Branch_Stake_A	Icons_Items_2.lsx	Public\Shared\Assets\Textures\Icons\Icons_Items_2.dds	448	960	63	63
Item_TOOL_GEN_Branch_Stake_A_Branch_L	Icons_Items_2.lsx	Public\Shared\Assets\Textures\Icons\Icons_Items_2.dds	384	960	63	63
Item_TOOL_GEN_Branch_Stake_A_Branch_R	Icons_Items_2.lsx	Public\Shared\Assets\Textures\Icons\Icons_Items_2.dds	320	960	63	63
Item_TOOL_GEN_Music_Guitar_Lute_B	Icons_Items_2.lsx	Public\Shared\Assets\Textures\Icons\Icons_Items_2.dds	1984	1984	63	63
Item_TOOL_GEN_Music_Horn_B	Icons_Items_2.lsx	Public\Shared\Assets\Textures\Icons\Icons_Items_2.dds	1920	1984	63	63
Item_TOOL_GEN_RoadSign_Wood_A	Icons_Items_2.lsx	Public\Shared\Assets\Textures\Icons\Icons_Items_2.dds	512	1088	63	63
Item_TOOL_GEN_RoadSign_Wood_D	Icons_Items_2.lsx	Public\Shared\Assets\Textures\Icons\Icons_Items_2.dds	576	1088	63	63
Item_TOOL_GTY_Control_Panel_Gem_A	Icons_Items_2.lsx	Public\Shared\Assets\Textures\Icons\Icons_Items_2.dds	320	1024	63	63
Item_TOOL_GTY_Microscope_A	Icons_Items_2.lsx	Public\Shared\Assets\Textures\Icons\Icons_Items_2.dds	1856	1984	63	63
Item_TOOL_Hospital_Surgery_Kit_B	Icons_Items_2.lsx	Public\Shared\Assets\Textures\Icons\Icons_Items_2.dds	256	960	63	63
Item_TOOL_Hospital_Surgery_Scalpel_A	Icons_Items_2.lsx	Public\Shared\Assets\Textures\Icons\Icons_Items_2.dds	1792	1984	63	63
Item_TOOL_MF_Resonance_Crystal_A	Icons_Items_2.lsx	Public\Shared\Assets\Textures\Icons\Icons_Items_2.dds	1728	1984	63	63
Item_TOOL_Masonry_Chisel_Kit_A	Icons_Items_2.lsx	Public\Shared\Assets\Textures\Icons\Icons_Items_2.dds	896	960	63	63
Item_TOOL_Masonry_Hammer_A	Icons_Items_2.lsx	Public\Shared\Assets\Textures\Icons\Icons_Items_2.dds	1280	704	63	63
Item_TOOL_Smith_Anvil_B	Icons_Items_2.lsx	Public\Shared\Assets\Textures\Icons\Icons_Items_2.dds	768	1024	63	63
Item_UND_BLD_Worm_Wall_Hole_A_Interactable	Icons_Items_2.lsx	Public\Shared\Assets\Textures\Icons\Icons_Items_2.dds	1472	1280	63	63
Item_UND_Bibberbang	Icons_Items_2.lsx	Public\Shared\Assets\Textures\Icons\Icons_Items_2.dds	1664	1984	63	63
Item_UND_DEC_GEN_Statue_Selune_Flipped_A_Eyes	Icons_Items_2.lsx	Public\Shared\Assets\Textures\Icons\Icons_Items_2.dds	1600	1984	63	63
Item_UNI_ARM_Gloves_OgrePower	Icons_Items_2.lsx	Public\Shared\Assets\Textures\Icons\Icons_Items_2.dds	1536	1984	63	63
Item_UNI_BLD_AdamantineForge	Icons_Items_2.lsx	Public\Shared\Assets\Textures\Icons\Icons_Items_2.dds	1664	768	63	63
Item_UNI_BLD_AdamantineForge_Breastplate	Icons_Items_2.lsx	Public\Shared\Assets\Textures\Icons\Icons_Items_2.dds	1024	832	63	63
Item_UNI_BLD_AdamantineForge_Crucible	Icons_Items_2.lsx	Public\Shared\Assets\Textures\Icons\Icons_Items_2.dds	1856	768	63	63
Item_UNI_BLD_AdamantineForge_Longsword	Icons_Items_2.lsx	Public\Shared\Assets\Textures\Icons\Icons_Items_2.dds	832	832	63	63
Item_UNI_BLD_AdamantineForge_Mace	Icons_Items_2.lsx	Public\Shared\Assets\Textures\Icons\Icons_Items_2.dds	896	832	63	63
Item_UNI_BLD_AdamantineForge_Morningstar	Icons_Items_2.lsx	Public\Shared\Assets\Textures\Icons\Icons_Items_2.dds	960	832	63	63
Item_UNI_BLD_AdamantineForge_Pike	Icons_Items_2.lsx	Public\Shared\Assets\Textures\Icons\Icons_Items_2.dds	1280	832	63	63
Item_UNI_BLD_AdamantineForge_Scimitar	Icons_Items_2.lsx	Public\Shared\Assets\Textures\Icons\Icons_Items_2.dds	1152	832	63	63
Item_UNI_BLD_AdamantineForge_Shield	Icons_Items_2.lsx	Public\Shared\Assets\Textures\Icons\Icons_Items_2.dds	1088	832	63	63
Item_UNI_BLD_AdamantineForge_Splint	Icons_Items_2.lsx	Public\Shared\Assets\Textures\Icons\Icons_Items_2.dds	1216	832	63	63
Item_UNI_CONS_Goodberry	Icons_Items_2.lsx	Public\Shared\Assets\Textures\Icons\Icons_Items_2.dds	65	576	63	63
Item_UNI_ClericPetCollar	Icons_Items_2.lsx	Public\Shared\Assets\Textures\Icons\Icons_Items_2.dds	768	576	63	63
Item_UNI_CursedTree	Icons_Items_2.lsx	Public\Shared\Assets\Textures\Icons\Icons_Items_2.dds	1472	1984	63	63
Item_UNI_DEN_PoisonousThorn_A	Icons_Items_2.lsx	Public\Shared\Assets\Textures\Icons\Icons_Items_2.dds	1088	448	63	63
Item_UNI_DarkUrge_Bhaal_Cloak	Icons_Items_2.lsx	Public\Shared\Assets\Textures\Icons\Icons_Items_2.dds	1408	1984	63	63
Item_UNI_DarkUrge_Bhaal_Dagger_1	Icons_Items_2.lsx	Public\Shared\Assets\Textures\Icons\Icons_Items_2.dds	1344	1984	63	63
Item_UNI_DarkUrge_Bhaal_Dagger_2	Icons_Items_2.lsx	Public\Shared\Assets\Textures\Icons\Icons_Items_2.dds	1280	1984	63	63
Item_UNI_DevilsFee_Horns_A	Icons_Items_2.lsx	Public\Shared\Assets\Textures\Icons\Icons_Items_2.dds	1152	1984	63	63
Item_UNI_DevilsFee_MonsterSkull	Icons_Items_2.lsx	Public\Shared\Assets\Textures\Icons\Icons_Items_2.dds	1088	1984	63	63
Item_UNI_Devils_Needle_Levistus_A	Icons_Items_2.lsx	Public\Shared\Assets\Textures\Icons\Icons_Items_2.dds	1216	1984	63	63
Item_UNI_FOR_Bottomless_HermitBook1	Icons_Items_2.lsx	Public\Shared\Assets\Textures\Icons\Icons_Items_2.dds	129	960	63	63
Item_UNI_FOR_Bottomless_HermitBook2	Icons_Items_2.lsx	Public\Shared\Assets\Textures\Icons\Icons_Items_2.dds	65	960	63	63
Item_UNI_FOR_Bottomless_HermitBook3	Icons_Items_2.lsx	Public\Shared\Assets\Textures\Icons\Icons_Items_2.dds	0	960	63	63
Item_UNI_FOR_Bottomless_HermitBook4	Icons_Items_2.lsx	Public\Shared\Assets\Textures\Icons\Icons_Items_2.dds	1984	896	63	63
Item_UNI_FOR_MasterworkPlans	Icons_Items_2.lsx	Public\Shared\Assets\Textures\Icons\Icons_Items_2.dds	1728	896	63	63
Item_UNI_FOR_OgresForHire_HeadbandOfIntellect	Icons_Items_2.lsx	Public\Shared\Assets\Textures\Icons\Icons_Items_2.dds	1216	1344	63	63
Item_UNI_FOR_SpiderQueen_Robe	Icons_Items_2.lsx	Public\Shared\Assets\Textures\Icons\Icons_Items_2.dds	1088	512	63	63
Item_UNI_FOR_WebStaff	Icons_Items_2.lsx	Public\Shared\Assets\Textures\Icons\Icons_Items_2.dds	1088	320	63	63
Item_UNI_HagVoodooDoll	Icons_Items_2.lsx	Public\Shared\Assets\Textures\Icons\Icons_Items_2.dds	1024	1984	63	63
Item_UNI_Horn_Ogres	Icons_Items_2.lsx	Public\Shared\Assets\Textures\Icons\Icons_Items_2.dds	1536	320	63	63
Item_UNI_LOOT_AdamantineForge_BreastplateMold	Icons_Items_2.lsx	Public\Shared\Assets\Textures\Icons\Icons_Items_2.dds	512	832	63	63
Item_UNI_LOOT_AdamantineForge_LongswordMold	Icons_Items_2.lsx	Public\Shared\Assets\Textures\Icons\Icons_Items_2.dds	768	832	63	63
Item_UNI_LOOT_AdamantineForge_MaceMold	Icons_Items_2.lsx	Public\Shared\Assets\Textures\Icons\Icons_Items_2.dds	384	832	63	63
Item_UNI_LOOT_AdamantineForge_MorningstarMold	Icons_Items_2.lsx	Public\Shared\Assets\Textures\Icons\Icons_Items_2.dds	448	832	63	63
Item_UNI_LOOT_AdamantineForge_PikeMold	Icons_Items_2.lsx	Public\Shared\Assets\Textures\Icons\Icons_Items_2.dds	704	832	63	63
Item_UNI_LOOT_AdamantineForge_ScalemailMold	Icons_Items_2.lsx	Public\Shared\Assets\Textures\Icons\Icons_Items_2.dds	65	896	63	63
Item_UNI_LOOT_AdamantineForge_ScimitarMold	Icons_Items_2.lsx	Public\Shared\Assets\Textures\Icons\Icons_Items_2.dds	576	832	63	63
Item_UNI_LOOT_AdamantineForge_ShieldMold	Icons_Items_2.lsx	Public\Shared\Assets\Textures\Icons\Icons_Items_2.dds	1344	832	63	63
Item_UNI_LOOT_AdamantineForge_SplintMold	Icons_Items_2.lsx	Public\Shared\Assets\Textures\Icons\Icons_Items_2.dds	640	832	63	63
Item_UNI_LOW_BlushingMermaid_NeedleOfLevistusIce	Icons_Items_2.lsx	Public\Shared\Assets\Textures\Icons\Icons_Items_2.dds	960	1984	63	63
Item_UNI_LOW_SzarrRing	Icons_Items_2.lsx	Public\Shared\Assets\Textures\Icons\Icons_Items_2.dds	896	1984	63	63
Item_UNI_LOW_TorchOfRevocation	Icons_Items_2.lsx	Public\Shared\Assets\Textures\Icons\Icons_Items_2.dds	832	1984	63	63
Item_UNI_MOO_SendingStone_Stone_A	Icons_Items_2.lsx	Public\Shared\Assets\Textures\Icons\Icons_Items_2.dds	768	1984	63	63
Item_UNI_Magicstaff_A_Part_Crystal_A	Icons_Items_2.lsx	Public\Shared\Assets\Textures\Icons\Icons_Items_2.dds	1792	832	63	63
Item_UNI_Magicstaff_A_Part_Helve_A	Icons_Items_2.lsx	Public\Shared\Assets\Textures\Icons\Icons_Items_2.dds	1856	832	63	63
Item_UNI_Magicstaff_A_Part_Top_A	Icons_Items_2.lsx	Public\Shared\Assets\Textures\Icons\Icons_Items_2.dds	1920	832	63	63
Item_UNI_PLA_DoubtingArtist_OskarFevras_Portrait_A	Icons_Items_2.lsx	Public\Shared\Assets\Textures\Icons\Icons_Items_2.dds	704	1984	63	63
Item_UNI_PLA_WPN_SwordOfJustice	Icons_Items_2.lsx	Public\Shared\Assets\Textures\Icons\Icons_Items_2.dds	1152	320	63	63
Item_UNI_PUZ_GEN_Trap_Mine_C	Icons_Items_2.lsx	Public\Shared\Assets\Textures\Icons\Icons_Items_2.dds	896	1920	63	63
Item_UNI_SCL_PixieBell	Icons_Items_2.lsx	Public\Shared\Assets\Textures\Icons\Icons_Items_2.dds	640	1984	63	63
Item_UNI_SHA_InnerForceRing	Icons_Items_2.lsx	Public\Shared\Assets\Textures\Icons\Icons_Items_2.dds	576	1984	63	63
Item_UNI_SHA_SpiderMeatHunk	Icons_Items_2.lsx	Public\Shared\Assets\Textures\Icons\Icons_Items_2.dds	512	1984	63	63
Item_UNI_TOOL_Wand_Fireballs	Icons_Items_2.lsx	Public\Shared\Assets\Textures\Icons\Icons_Items_2.dds	960	384	63	63
Item_UNI_TOOL_Wand_Fireballs_Crooked	Icons_Items_2.lsx	Public\Shared\Assets\Textures\Icons\Icons_Items_2.dds	1024	384	63	63
Item_UNI_TWN_Bone_Of_Contention	Icons_Items_2.lsx	Public\Shared\Assets\Textures\Icons\Icons_Items_2.dds	1728	960	63	63
Item_UNI_TWN_Hospital_Bloodbank_Transfusion_Bottle_B	Icons_Items_2.lsx	Public\Shared\Assets\Textures\Icons\Icons_Items_2.dds	448	1984	63	63
Item_UNI_UND_KC_AdamantineGolem_Helmet	Icons_Items_2.lsx	Public\Shared\Assets\Textures\Icons\Icons_Items_2.dds	1664	896	63	63
Item_UNI_UND_KC_BrokenCane	Icons_Items_2.lsx	Public\Shared\Assets\Textures\Icons\Icons_Items_2.dds	1408	896	63	63
Item_UNI_UND_KC_RingOfAbsolute	Icons_Items_2.lsx	Public\Shared\Assets\Textures\Icons\Icons_Items_2.dds	384	1984	63	63
Item_UNI_UND_LTS_DEC_ArcaneLamp_A	Icons_Items_2.lsx	Public\Shared\Assets\Textures\Icons\Icons_Items_2.dds	320	1984	63	63
Item_UNI_UND_MonkAmulet	Icons_Items_2.lsx	Public\Shared\Assets\Textures\Icons\Icons_Items_2.dds	832	960	63	63
Item_UNI_UND_MyconidAmulet_Evil	Icons_Items_2.lsx	Public\Shared\Assets\Textures\Icons\Icons_Items_2.dds	1600	832	63	63
Item_UNI_UND_MyconidAmulet_Good	Icons_Items_2.lsx	Public\Shared\Assets\Textures\Icons\Icons_Items_2.dds	1536	832	63	63
Item_UNI_UND_MyconidRevenge_NereHead	Icons_Items_2.lsx	Public\Shared\Assets\Textures\Icons\Icons_Items_2.dds	1728	832	63	63
Item_UNI_UND_MyconidRevenge_NereHead_Shroomed	Icons_Items_2.lsx	Public\Shared\Assets\Textures\Icons\Icons_Items_2.dds	129	896	63	63
Item_UNI_UND_NarrativeLoot_BlingdenstoneWine	Icons_Items_2.lsx	Public\Shared\Assets\Textures\Icons\Icons_Items_2.dds	1472	896	63	63
Item_UNI_UND_NarrativeLoot_BlingdenstoneWine_2	Icons_Items_2.lsx	Public\Shared\Assets\Textures\Icons\Icons_Items_2.dds	256	1984	63	63
Item_UNI_UND_NarrativeLoot_GnomeKeepsakeGem	Icons_Items_2.lsx	Public\Shared\Assets\Textures\Icons\Icons_Items_2.dds	1344	896	63	63
Item_UNI_UND_RockDebris_B	Icons_Items_2.lsx	Public\Shared\Assets\Textures\Icons\Icons_Items_2.dds	640	896	63	63
Item_UNI_UND_Runepowder_Barrel	Icons_Items_2.lsx	Public\Shared\Assets\Textures\Icons\Icons_Items_2.dds	1408	832	63	63
Item_UNI_UND_Runepowder_Vial	Icons_Items_2.lsx	Public\Shared\Assets\Textures\Icons\Icons_Items_2.dds	1472	832	63	63
Item_UNI_UND_SocietyOfBrilliance_TimmaskSpore	Icons_Items_2.lsx	Public\Shared\Assets\Textures\Icons\Icons_Items_2.dds	1600	320	63	63
Item_UNI_UND_WitheredSussurPetals	Icons_Items_2.lsx	Public\Shared\Assets\Textures\Icons\Icons_Items_2.dds	1664	320	63	63
Item_UNI_WPN_HUM_Scimitar_FlameBlade	Icons_Items_2.lsx	Public\Shared\Assets\Textures\Icons\Icons_Items_2.dds	1856	512	63	63
Item_UNI_WYR_Circus_ClownHammer	Icons_Items_2.lsx	Public\Shared\Assets\Textures\Icons\Icons_Items_2.dds	193	1984	63	63
Item_UNI_WYR_ExplosiveToy_Broken	Icons_Items_2.lsx	Public\Shared\Assets\Textures\Icons\Icons_Items_2.dds	129	1984	63	63
Item_UNI_WYR_PaintingPuzzle_NonSolutionPainting1	Icons_Items_2.lsx	Public\Shared\Assets\Textures\Icons\Icons_Items_2.dds	1472	1920	63	63
Item_UNI_WYR_PaintingPuzzle_NonSolutionPainting2	Icons_Items_2.lsx	Public\Shared\Assets\Textures\Icons\Icons_Items_2.dds	1408	1920	63	63
Item_UNI_WYR_PaintingPuzzle_NonSolutionPainting3	Icons_Items_2.lsx	Public\Shared\Assets\Textures\Icons\Icons_Items_2.dds	1344	1920	63	63
Item_UNI_WYR_PaintingPuzzle_NonSolutionPainting4	Icons_Items_2.lsx	Public\Shared\Assets\Textures\Icons\Icons_Items_2.dds	1280	1920	63	63
Item_UNI_WYR_PaintingPuzzle_NonSolutionPainting5	Icons_Items_2.lsx	Public\Shared\Assets\Textures\Icons\Icons_Items_2.dds	1216	1920	63	63
Item_UNI_WYR_PaintingPuzzle_NonSolutionPainting6	Icons_Items_2.lsx	Public\Shared\Assets\Textures\Icons\Icons_Items_2.dds	1152	1920	63	63
Item_UNI_WYR_PaintingPuzzle_SolutionPainting1	Icons_Items_2.lsx	Public\Shared\Assets\Textures\Icons\Icons_Items_2.dds	1088	1920	63	63
Item_UNI_WYR_PaintingPuzzle_SolutionPainting2	Icons_Items_2.lsx	Public\Shared\Assets\Textures\Icons\Icons_Items_2.dds	1024	1920	63	63
Item_UNI_WYR_PaintingPuzzle_SolutionPainting3	Icons_Items_2.lsx	Public\Shared\Assets\Textures\Icons\Icons_Items_2.dds	960	1920	63	63
Item_WPN_AUTOMN_Glaive_A_0	Icons_Items_2.lsx	Public\Shared\Assets\Textures\Icons\Icons_Items_2.dds	960	640	63	63
Item_WPN_BUG_Morningstar_Adamantine_A	Icons_Items_2.lsx	Public\Shared\Assets\Textures\Icons\Icons_Items_2.dds	0	832	63	63
Item_WPN_DROW_Dagger_Dolor_A	Icons_Items_2.lsx	Public\Shared\Assets\Textures\Icons\Icons_Items_2.dds	65	1984	63	63
Item_WPN_DRYAD_Staff_A	Icons_Items_2.lsx	Public\Shared\Assets\Textures\Icons\Icons_Items_2.dds	1984	1920	63	63
Item_WPN_DUE_Whipping_Cane_A_0	Icons_Items_2.lsx	Public\Shared\Assets\Textures\Icons\Icons_Items_2.dds	1984	704	63	63
Item_WPN_Drow_Shield_A_0_Absolute	Icons_Items_2.lsx	Public\Shared\Assets\Textures\Icons\Icons_Items_2.dds	0	1984	63	63
Item_WPN_Duergar_Sword_KingsKnife	Icons_Items_2.lsx	Public\Shared\Assets\Textures\Icons\Icons_Items_2.dds	320	896	63	63
Item_WPN_GOB_WolfPens_BloodFang	Icons_Items_2.lsx	Public\Shared\Assets\Textures\Icons\Icons_Items_2.dds	1664	193	63	63
Item_WPN_GTY_Greatsword_A	Icons_Items_2.lsx	Public\Shared\Assets\Textures\Icons\Icons_Items_2.dds	1024	448	63	63
Item_WPN_GTY_Greatsword_A_LowHP_IncreasedDamagePsychic	Icons_Items_2.lsx	Public\Shared\Assets\Textures\Icons\Icons_Items_2.dds	576	1152	63	63
Item_WPN_GTY_HeavyCrossbow_A	Icons_Items_2.lsx	Public\Shared\Assets\Textures\Icons\Icons_Items_2.dds	1216	640	63	63
Item_WPN_GTY_HeavyCrossbow_A_LowHP_IncreasedDamagePsychic	Icons_Items_2.lsx	Public\Shared\Assets\Textures\Icons\Icons_Items_2.dds	512	1152	63	63
Item_WPN_GTY_Longsword_A	Icons_Items_2.lsx	Public\Shared\Assets\Textures\Icons\Icons_Items_2.dds	1152	640	63	63
Item_WPN_GTY_Longsword_A_LowHP_IncreasedDamagePsychic	Icons_Items_2.lsx	Public\Shared\Assets\Textures\Icons\Icons_Items_2.dds	384	1152	63	63
Item_WPN_GTY_Shortsword_A	Icons_Items_2.lsx	Public\Shared\Assets\Textures\Icons\Icons_Items_2.dds	1088	640	63	63
Item_WPN_GTY_Shortsword_A_LowHP_IncreasedDamagePsychic	Icons_Items_2.lsx	Public\Shared\Assets\Textures\Icons\Icons_Items_2.dds	448	1152	63	63
Item_WPN_HUM_Battleaxe_A_0_Rusty_A	Icons_Items_2.lsx	Public\Shared\Assets\Textures\Icons\Icons_Items_2.dds	1024	1280	63	63
Item_WPN_HUM_BoneSaw_A	Icons_Items_2.lsx	Public\Shared\Assets\Textures\Icons\Icons_Items_2.dds	384	1024	63	63
Item_WPN_HUM_Club_A_1	Icons_Items_2.lsx	Public\Shared\Assets\Textures\Icons\Icons_Items_2.dds	704	576	63	63
Item_WPN_HUM_Dagger_A_0_Rusty_A	Icons_Items_2.lsx	Public\Shared\Assets\Textures\Icons\Icons_Items_2.dds	960	1280	63	63
Item_WPN_HUM_Flail_A_0_Rusty_A	Icons_Items_2.lsx	Public\Shared\Assets\Textures\Icons\Icons_Items_2.dds	896	1280	63	63
Item_WPN_HUM_Glaive_A_0_Rusty_A	Icons_Items_2.lsx	Public\Shared\Assets\Textures\Icons\Icons_Items_2.dds	832	1280	63	63
Item_WPN_HUM_Greataxe_A_0_Rusty_A	Icons_Items_2.lsx	Public\Shared\Assets\Textures\Icons\Icons_Items_2.dds	768	1280	63	63
Item_WPN_HUM_Greataxe_A_2	Icons_Items_2.lsx	Public\Shared\Assets\Textures\Icons\Icons_Items_2.dds	896	640	63	63
Item_WPN_HUM_Greatsword_A_0_Rusty_A	Icons_Items_2.lsx	Public\Shared\Assets\Textures\Icons\Icons_Items_2.dds	704	1280	63	63
Item_WPN_HUM_Halberd_A_0_Rusty_A	Icons_Items_2.lsx	Public\Shared\Assets\Textures\Icons\Icons_Items_2.dds	640	1280	63	63
Item_WPN_HUM_HandCrossbow_A_0_Rusty_A	Icons_Items_2.lsx	Public\Shared\Assets\Textures\Icons\Icons_Items_2.dds	576	1280	63	63
Item_WPN_HUM_Handaxe_A_0_Rusty_A	Icons_Items_2.lsx	Public\Shared\Assets\Textures\Icons\Icons_Items_2.dds	512	1280	63	63
Item_WPN_HUM_HeavyCrossbow_A_0_Rusty_A	Icons_Items_2.lsx	Public\Shared\Assets\Textures\Icons\Icons_Items_2.dds	448	1280	63	63
Item_WPN_HUM_Katana_A	Icons_Items_2.lsx	Public\Shared\Assets\Textures\Icons\Icons_Items_2.dds	960	576	63	63
Item_WPN_HUM_Leech_A	Icons_Items_2.lsx	Public\Shared\Assets\Textures\Icons\Icons_Items_2.dds	256	1024	63	63
Item_WPN_HUM_Legendary_Rapier_A	Icons_Items_2.lsx	Public\Shared\Assets\Textures\Icons\Icons_Items_2.dds	1920	1920	63	63
Item_WPN_HUM_LightCrossbow_A_0_Rusty_A	Icons_Items_2.lsx	Public\Shared\Assets\Textures\Icons\Icons_Items_2.dds	384	1280	63	63
Item_WPN_HUM_LightCrossbow_A_Makeshift	Icons_Items_2.lsx	Public\Shared\Assets\Textures\Icons\Icons_Items_2.dds	1664	576	63	63
Item_WPN_HUM_LightHammer_A_0_Rusty_A	Icons_Items_2.lsx	Public\Shared\Assets\Textures\Icons\Icons_Items_2.dds	320	1280	63	63
Item_WPN_HUM_Longsword_A_0_Rusty_A	Icons_Items_2.lsx	Public\Shared\Assets\Textures\Icons\Icons_Items_2.dds	1472	1216	63	63
Item_WPN_HUM_Longsword_Adamantine_A	Icons_Items_2.lsx	Public\Shared\Assets\Textures\Icons\Icons_Items_2.dds	1920	768	63	63
Item_WPN_HUM_Longsword_Deathknight	Icons_Items_2.lsx	Public\Shared\Assets\Textures\Icons\Icons_Items_2.dds	1856	1920	63	63
Item_WPN_HUM_Longsword_GuardianOfFaith_Evil	Icons_Items_2.lsx	Public\Shared\Assets\Textures\Icons\Icons_Items_2.dds	1792	1920	63	63
Item_WPN_HUM_Mace_A_0_Rusty_A	Icons_Items_2.lsx	Public\Shared\Assets\Textures\Icons\Icons_Items_2.dds	256	1280	63	63
Item_WPN_HUM_Mace_Adamantine_A	Icons_Items_2.lsx	Public\Shared\Assets\Textures\Icons\Icons_Items_2.dds	129	832	63	63
Item_WPN_HUM_Maul_A_0_Rusty_A	Icons_Items_2.lsx	Public\Shared\Assets\Textures\Icons\Icons_Items_2.dds	193	1280	63	63
Item_WPN_HUM_Morningstar_A_0_Rusty_A	Icons_Items_2.lsx	Public\Shared\Assets\Textures\Icons\Icons_Items_2.dds	129	1280	63	63
Item_WPN_HUM_Pike_A_0_Rusty_A	Icons_Items_2.lsx	Public\Shared\Assets\Textures\Icons\Icons_Items_2.dds	65	1280	63	63
Item_WPN_HUM_Pike_Adamantine_A	Icons_Items_2.lsx	Public\Shared\Assets\Textures\Icons\Icons_Items_2.dds	65	832	63	63
Item_WPN_HUM_Rapier_A_0_Rusty_A	Icons_Items_2.lsx	Public\Shared\Assets\Textures\Icons\Icons_Items_2.dds	0	1280	63	63
Item_WPN_HUM_Scimitar_A_0_Rusty_A	Icons_Items_2.lsx	Public\Shared\Assets\Textures\Icons\Icons_Items_2.dds	1984	1216	63	63
Item_WPN_HUM_Scimitar_Adamantine_A	Icons_Items_2.lsx	Public\Shared\Assets\Textures\Icons\Icons_Items_2.dds	320	832	63	63
Item_WPN_HUM_Shield_Adamantine_A	Icons_Items_2.lsx	Public\Shared\Assets\Textures\Icons\Icons_Items_2.dds	1984	768	63	63
Item_WPN_HUM_Shield_D_0_Rusty_A	Icons_Items_2.lsx	Public\Shared\Assets\Textures\Icons\Icons_Items_2.dds	1920	1216	63	63
Item_WPN_HUM_Shield_DeathKnight	Icons_Items_2.lsx	Public\Shared\Assets\Textures\Icons\Icons_Items_2.dds	1728	1920	63	63
Item_WPN_HUM_Shield_DeathKnight_MAG	Icons_Items_2.lsx	Public\Shared\Assets\Textures\Icons\Icons_Items_2.dds	1664	1920	63	63
Item_WPN_HUM_Shield_FlamingFist	Icons_Items_2.lsx	Public\Shared\Assets\Textures\Icons\Icons_Items_2.dds	1792	576	63	63
Item_WPN_HUM_Shortbow_A_Makeshift	Icons_Items_2.lsx	Public\Shared\Assets\Textures\Icons\Icons_Items_2.dds	1728	576	63	63
Item_WPN_HUM_Shortsword_A_0_Rusty_A	Icons_Items_2.lsx	Public\Shared\Assets\Textures\Icons\Icons_Items_2.dds	1856	1216	63	63
Item_WPN_HUM_Sickle_A_0_Rusty_A	Icons_Items_2.lsx	Public\Shared\Assets\Textures\Icons\Icons_Items_2.dds	1792	1216	63	63
Item_WPN_HUM_Spear_A_0_Rusty_A	Icons_Items_2.lsx	Public\Shared\Assets\Textures\Icons\Icons_Items_2.dds	1728	1216	63	63
Item_WPN_HUM_StaffOfCrones_A	Icons_Items_2.lsx	Public\Shared\Assets\Textures\Icons\Icons_Items_2.dds	1600	768	63	63
Item_WPN_HUM_Staff_Carrion_A	Icons_Items_2.lsx	Public\Shared\Assets\Textures\Icons\Icons_Items_2.dds	1600	1920	63	63
Item_WPN_HUM_Syringe_A	Icons_Items_2.lsx	Public\Shared\Assets\Textures\Icons\Icons_Items_2.dds	448	1024	63	63
Item_WPN_HUM_Torch_Lantern_A	Icons_Items_2.lsx	Public\Shared\Assets\Textures\Icons\Icons_Items_2.dds	1600	640	63	63
Item_WPN_HUM_Toy_Sword_A	Icons_Items_2.lsx	Public\Shared\Assets\Textures\Icons\Icons_Items_2.dds	1728	320	63	63
Item_WPN_HUM_Trepan_A	Icons_Items_2.lsx	Public\Shared\Assets\Textures\Icons\Icons_Items_2.dds	1664	960	63	63
Item_WPN_HUM_Trident_A_0_Rusty_A	Icons_Items_2.lsx	Public\Shared\Assets\Textures\Icons\Icons_Items_2.dds	1664	1216	63	63
Item_WPN_HUM_WarHammer_A_0_Rusty_A	Icons_Items_2.lsx	Public\Shared\Assets\Textures\Icons\Icons_Items_2.dds	1600	1216	63	63
Item_WPN_HUM_Warpick_A_0_Rusty_A	Icons_Items_2.lsx	Public\Shared\Assets\Textures\Icons\Icons_Items_2.dds	1536	1216	63	63
Item_WPN_Kuotoa_Javelin_A_0	Icons_Items_2.lsx	Public\Shared\Assets\Textures\Icons\Icons_Items_2.dds	512	1024	63	63
Item_WPN_Kuotoa_Javelin_A_1	Icons_Items_2.lsx	Public\Shared\Assets\Textures\Icons\Icons_Items_2.dds	1920	576	63	63
Item_WPN_Kuotoa_Shield_A_0	Icons_Items_2.lsx	Public\Shared\Assets\Textures\Icons\Icons_Items_2.dds	576	1024	63	63
Item_WPN_Kuotoa_Shield_A_1	Icons_Items_2.lsx	Public\Shared\Assets\Textures\Icons\Icons_Items_2.dds	1984	640	63	63
Item_WPN_Merregon_Halberd_A	Icons_Items_2.lsx	Public\Shared\Assets\Textures\Icons\Icons_Items_2.dds	1664	1024	63	63
Item_WPN_Wood_Woad_Club	Icons_Items_2.lsx	Public\Shared\Assets\Textures\Icons\Icons_Items_2.dds	1856	640	63	63
Item_WPN_Wood_Woad_Shield	Icons_Items_2.lsx	Public\Shared\Assets\Textures\Icons\Icons_Items_2.dds	1792	640	63	63
Item_WYR_Posthouse_Pigeon_Feather_A	Icons_Items_2.lsx	Public\Shared\Assets\Textures\Icons\Icons_Items_2.dds	1536	1920	63	63
Item_Wand_SummonHusbandStaff	Icons_Items_2.lsx	Public\Shared\Assets\Textures\Icons\Icons_Items_2.dds	1216	320	63	63
Items_CONS_Drink_Wine_Pitcher_A	Icons_Items_2.lsx	Public\Shared\Assets\Textures\Icons\Icons_Items_2.dds	1088	65	63	63
PUZ_Druids_Rune_Stone_A_Tablet_Bear_A	Icons_Items_2.lsx	Public\Shared\Assets\Textures\Icons\Icons_Items_2.dds	704	193	63	63
PUZ_Druids_Rune_Stone_A_Tablet_Eagle_A	Icons_Items_2.lsx	Public\Shared\Assets\Textures\Icons\Icons_Items_2.dds	768	193	63	63
PUZ_Druids_Rune_Stone_A_Tablet_Elk_A	Icons_Items_2.lsx	Public\Shared\Assets\Textures\Icons\Icons_Items_2.dds	832	193	63	63
PUZ_Druids_Rune_Stone_A_Tablet_Wolf_A	Icons_Items_2.lsx	Public\Shared\Assets\Textures\Icons\Icons_Items_2.dds	896	193	63	63
PUZ_Druids_Rune_Stone_A_Tablet_Wolf_Broken_A	Icons_Items_2.lsx	Public\Shared\Assets\Textures\Icons\Icons_Items_2.dds	960	193	63	63
UND_SussurTreeFlower	Icons_Items_2.lsx	Public\Shared\Assets\Textures\Icons\Icons_Items_2.dds	1024	193	63	63
UND_SussurTreeFlower_B	Icons_Items_2.lsx	Public\Shared\Assets\Textures\Icons\Icons_Items_2.dds	1088	193	63	63
UND_SussurTreeFlower_C	Icons_Items_2.lsx	Public\Shared\Assets\Textures\Icons\Icons_Items_2.dds	1152	193	63	63
Item_ALCH_Extract_Belladonna	Icons_Items_3.lsx	Public\Shared\Assets\Textures\Icons\Icons_Items_3.dds	192	832	63	63
Item_ALCH_Extract_BlackOleander	Icons_Items_3.lsx	Public\Shared\Assets\Textures\Icons\Icons_Items_3.dds	128	832	63	63
Item_ALCH_Extract_Bonecap	Icons_Items_3.lsx	Public\Shared\Assets\Textures\Icons\Icons_Items_3.dds	64	832	63	63
Item_ALCH_Extract_DivineBoneShard_A	Icons_Items_3.lsx	Public\Shared\Assets\Textures\Icons\Icons_Items_3.dds	0	832	63	63
Item_ALCH_Extract_EagleFeather_2	Icons_Items_3.lsx	Public\Shared\Assets\Textures\Icons\Icons_Items_3.dds	960	768	63	63
Item_ALCH_Extract_GremishkaTail_2	Icons_Items_3.lsx	Public\Shared\Assets\Textures\Icons\Icons_Items_3.dds	896	768	63	63
Item_ALCH_Extract_HookHorrorClaw_2	Icons_Items_3.lsx	Public\Shared\Assets\Textures\Icons\Icons_Items_3.dds	832	768	63	63
Item_ALCH_Extract_IceMephitEar_2	Icons_Items_3.lsx	Public\Shared\Assets\Textures\Icons\Icons_Items_3.dds	768	768	63	63
Item_ALCH_Extract_KiRinHair	Icons_Items_3.lsx	Public\Shared\Assets\Textures\Icons\Icons_Items_3.dds	704	768	63	63
Item_ALCH_Extract_LolthsCandle	Icons_Items_3.lsx	Public\Shared\Assets\Textures\Icons\Icons_Items_3.dds	640	768	63	63
Item_ALCH_Extract_MyconidSpore_Haste	Icons_Items_3.lsx	Public\Shared\Assets\Textures\Icons\Icons_Items_3.dds	576	768	63	63
Item_ALCH_Extract_MyconidSpore_Poison	Icons_Items_3.lsx	Public\Shared\Assets\Textures\Icons\Icons_Items_3.dds	512	768	63	63
Item_ALCH_Extract_Nightlight	Icons_Items_3.lsx	Public\Shared\Assets\Textures\Icons\Icons_Items_3.dds	448	768	63	63
Item_ALCH_Extract_NothicEye	Icons_Items_3.lsx	Public\Shared\Assets\Textures\Icons\Icons_Items_3.dds	384	768	63	63
Item_ALCH_Extract_PegasusFeather	Icons_Items_3.lsx	Public\Shared\Assets\Textures\Icons\Icons_Items_3.dds	320	768	63	63
Item_ALCH_Extract_PlanetarFeather	Icons_Items_3.lsx	Public\Shared\Assets\Textures\Icons\Icons_Items_3.dds	256	768	63	63
Item_ALCH_Extract_ScryingEye	Icons_Items_3.lsx	Public\Shared\Assets\Textures\Icons\Icons_Items_3.dds	192	768	63	63
Item_ALCH_Extract_Shadowcursed	Icons_Items_3.lsx	Public\Shared\Assets\Textures\Icons\Icons_Items_3.dds	128	768	63	63
Item_ALCH_Extract_ShadowrootSac	Icons_Items_3.lsx	Public\Shared\Assets\Textures\Icons\Icons_Items_3.dds	64	768	63	63
Item_ALCH_Extract_SwarmingToadstool	Icons_Items_3.lsx	Public\Shared\Assets\Textures\Icons\Icons_Items_3.dds	0	768	63	63
Item_ALCH_Extract_SylvanStone	Icons_Items_3.lsx	Public\Shared\Assets\Textures\Icons\Icons_Items_3.dds	960	704	63	63
Item_ALCH_Extract_TongueOfMadness	Icons_Items_3.lsx	Public\Shared\Assets\Textures\Icons\Icons_Items_3.dds	896	704	63	63
Item_ALCH_Extract_UnicornHorn	Icons_Items_3.lsx	Public\Shared\Assets\Textures\Icons\Icons_Items_3.dds	832	704	63	63
Item_ALCH_Extract_Weavemoss	Icons_Items_3.lsx	Public\Shared\Assets\Textures\Icons\Icons_Items_3.dds	768	704	63	63
Item_ALCH_Extract_Wispweed	Icons_Items_3.lsx	Public\Shared\Assets\Textures\Icons\Icons_Items_3.dds	704	704	63	63
Item_ALCH_Ingredient_Loot_CarrionCrawler	Icons_Items_3.lsx	Public\Shared\Assets\Textures\Icons\Icons_Items_3.dds	640	704	63	63
Item_ALCH_Ingredient_Loot_CloudGiantFinger	Icons_Items_3.lsx	Public\Shared\Assets\Textures\Icons\Icons_Items_3.dds	576	704	63	63
Item_ALCH_Ingredient_Loot_DivineBoneShard	Icons_Items_3.lsx	Public\Shared\Assets\Textures\Icons\Icons_Items_3.dds	512	704	63	63
Item_ALCH_Ingredient_Loot_GauthEye	Icons_Items_3.lsx	Public\Shared\Assets\Textures\Icons\Icons_Items_3.dds	448	704	63	63
Item_ALCH_Ingredient_Loot_HillGiantFinger	Icons_Items_3.lsx	Public\Shared\Assets\Textures\Icons\Icons_Items_3.dds	384	704	63	63
Item_ALCH_Ingredient_Loot_KiRinHair	Icons_Items_3.lsx	Public\Shared\Assets\Textures\Icons\Icons_Items_3.dds	320	704	63	63
Item_ALCH_Ingredient_Loot_NothicEye	Icons_Items_3.lsx	Public\Shared\Assets\Textures\Icons\Icons_Items_3.dds	256	704	63	63
Item_ALCH_Ingredient_Loot_PlanetarFeather	Icons_Items_3.lsx	Public\Shared\Assets\Textures\Icons\Icons_Items_3.dds	192	704	63	63
Item_ALCH_Ingredient_Loot_PurpleWorm	Icons_Items_3.lsx	Public\Shared\Assets\Textures\Icons\Icons_Items_3.dds	128	704	63	63
Item_ALCH_Ingredient_Loot_UnicornHorn	Icons_Items_3.lsx	Public\Shared\Assets\Textures\Icons\Icons_Items_3.dds	960	960	63	63
Item_ALCH_Ingredient_Loot_WyvernStinger	Icons_Items_3.lsx	Public\Shared\Assets\Textures\Icons\Icons_Items_3.dds	896	960	63	63
Item_ALCH_Ingredient_Loot_XornScales	Icons_Items_3.lsx	Public\Shared\Assets\Textures\Icons\Icons_Items_3.dds	832	960	63	63
Item_ALCH_Ingredient_Part_EagleFeather	Icons_Items_3.lsx	Public\Shared\Assets\Textures\Icons\Icons_Items_3.dds	768	960	63	63
Item_ALCH_Ingredient_Part_IceMephitEar	Icons_Items_3.lsx	Public\Shared\Assets\Textures\Icons\Icons_Items_3.dds	704	960	63	63
Item_ALCH_Solution_Elixir_Alertness	Icons_Items_3.lsx	Public\Shared\Assets\Textures\Icons\Icons_Items_3.dds	640	960	63	63
Item_ALCH_Solution_Elixir_ArcaneAcuity	Icons_Items_3.lsx	Public\Shared\Assets\Textures\Icons\Icons_Items_3.dds	576	960	63	63
Item_ALCH_Solution_Elixir_Criticals	Icons_Items_3.lsx	Public\Shared\Assets\Textures\Icons\Icons_Items_3.dds	512	960	63	63
Item_ALCH_Solution_Elixir_Darkvision	Icons_Items_3.lsx	Public\Shared\Assets\Textures\Icons\Icons_Items_3.dds	448	960	63	63
Item_ALCH_Solution_Grenade_Light	Icons_Items_3.lsx	Public\Shared\Assets\Textures\Icons\Icons_Items_3.dds	384	960	63	63
Item_ALCH_Solution_Oil_AttackBuff	Icons_Items_3.lsx	Public\Shared\Assets\Textures\Icons\Icons_Items_3.dds	320	960	63	63
Item_ALCH_Solution_Oil_Reduce	Icons_Items_3.lsx	Public\Shared\Assets\Textures\Icons\Icons_Items_3.dds	256	960	63	63
Item_ALCH_Solution_Potion_Flying	Icons_Items_3.lsx	Public\Shared\Assets\Textures\Icons\Icons_Items_3.dds	192	960	63	63
Item_ARM_Boots_Demon_A	Icons_Items_3.lsx	Public\Shared\Assets\Textures\Icons\Icons_Items_3.dds	576	320	63	63
Item_ARM_Camp_Shoes_B	Icons_Items_3.lsx	Public\Shared\Assets\Textures\Icons\Icons_Items_3.dds	64	704	63	63
Item_ARM_Camp_Shoes_C	Icons_Items_3.lsx	Public\Shared\Assets\Textures\Icons\Icons_Items_3.dds	0	704	63	63
Item_ARM_Camp_Shoes_E	Icons_Items_3.lsx	Public\Shared\Assets\Textures\Icons\Icons_Items_3.dds	960	640	63	63
Item_ARM_Camp_Shoes_F	Icons_Items_3.lsx	Public\Shared\Assets\Textures\Icons\Icons_Items_3.dds	896	640	63	63
Item_ARM_Camp_Shoes_Sandals_A	Icons_Items_3.lsx	Public\Shared\Assets\Textures\Icons\Icons_Items_3.dds	128	960	63	63
Item_ARM_Camp_Shoes_Sandals_A_1	Icons_Items_3.lsx	Public\Shared\Assets\Textures\Icons\Icons_Items_3.dds	64	960	63	63
Item_ARM_Camp_Shoes_Sandals_A_1_Black	Icons_Items_3.lsx	Public\Shared\Assets\Textures\Icons\Icons_Items_3.dds	0	960	63	63
Item_ARM_Camp_Shoes_Sandals_A_Blue	Icons_Items_3.lsx	Public\Shared\Assets\Textures\Icons\Icons_Items_3.dds	960	896	63	63
Item_ARM_Camp_Shoes_Sandals_B	Icons_Items_3.lsx	Public\Shared\Assets\Textures\Icons\Icons_Items_3.dds	896	896	63	63
Item_ARM_Camp_Shoes_Sandals_B_1	Icons_Items_3.lsx	Public\Shared\Assets\Textures\Icons\Icons_Items_3.dds	832	896	63	63
Item_ARM_Camp_Shoes_Sandals_B_2	Icons_Items_3.lsx	Public\Shared\Assets\Textures\Icons\Icons_Items_3.dds	768	896	63	63
Item_ARM_Camp_Shoes_Sandals_B_3	Icons_Items_3.lsx	Public\Shared\Assets\Textures\Icons\Icons_Items_3.dds	704	896	63	63
Item_ARM_Camp_Shoes_Sandals_B_Red	Icons_Items_3.lsx	Public\Shared\Assets\Textures\Icons\Icons_Items_3.dds	640	896	63	63
Item_ARM_Camp_Shoes_Sandals_C	Icons_Items_3.lsx	Public\Shared\Assets\Textures\Icons\Icons_Items_3.dds	576	896	63	63
Item_ARM_Camp_Shoes_Sandals_C_1	Icons_Items_3.lsx	Public\Shared\Assets\Textures\Icons\Icons_Items_3.dds	512	896	63	63
Item_ARM_Gloves_Demon_A	Icons_Items_3.lsx	Public\Shared\Assets\Textures\Icons\Icons_Items_3.dds	640	320	63	63
Item_ARM_Gloves_Gortash_A	Icons_Items_3.lsx	Public\Shared\Assets\Textures\Icons\Icons_Items_3.dds	192	384	63	63
Item_ARM_Helmet_Demon_A	Icons_Items_3.lsx	Public\Shared\Assets\Textures\Icons\Icons_Items_3.dds	704	320	63	63
Item_ARM_NightsongPrison	Icons_Items_3.lsx	Public\Shared\Assets\Textures\Icons\Icons_Items_3.dds	768	320	63	63
Item_BASE_ALCH_Extract_Air	Icons_Items_3.lsx	Public\Shared\Assets\Textures\Icons\Icons_Items_3.dds	896	448	63	63
Item_BASE_ALCH_Extract_Earth	Icons_Items_3.lsx	Public\Shared\Assets\Textures\Icons\Icons_Items_3.dds	832	448	63	63
Item_BASE_ALCH_Extract_Fire	Icons_Items_3.lsx	Public\Shared\Assets\Textures\Icons\Icons_Items_3.dds	768	448	63	63
Item_BASE_ALCH_Extract_Shadow_1	Icons_Items_3.lsx	Public\Shared\Assets\Textures\Icons\Icons_Items_3.dds	704	448	63	63
Item_BASE_ALCH_Extract_Shadow_2	Icons_Items_3.lsx	Public\Shared\Assets\Textures\Icons\Icons_Items_3.dds	640	448	63	63
Item_BASE_ALCH_Extract_Water	Icons_Items_3.lsx	Public\Shared\Assets\Textures\Icons\Icons_Items_3.dds	576	448	63	63
Item_BASE_CONT_Stone	Icons_Items_3.lsx	Public\Shared\Assets\Textures\Icons\Icons_Items_3.dds	512	448	63	63
Item_BOOK_Ancient_Language_A	Icons_Items_3.lsx	Public\Shared\Assets\Textures\Icons\Icons_Items_3.dds	448	896	63	63
Item_CONS_Drink_Valuable_BaalorAle_Bottle_A	Icons_Items_3.lsx	Public\Shared\Assets\Textures\Icons\Icons_Items_3.dds	384	896	63	63
Item_CONS_Drink_Valuable_Marsember_Ice_Wine	Icons_Items_3.lsx	Public\Shared\Assets\Textures\Icons\Icons_Items_3.dds	320	896	63	63
Item_CONS_Drug_Dreammist_A	Icons_Items_3.lsx	Public\Shared\Assets\Textures\Icons\Icons_Items_3.dds	256	896	63	63
Item_CONS_Drug_Essence_Ether_A	Icons_Items_3.lsx	Public\Shared\Assets\Textures\Icons\Icons_Items_3.dds	192	896	63	63
Item_CONS_Drug_Silkroot_A	Icons_Items_3.lsx	Public\Shared\Assets\Textures\Icons\Icons_Items_3.dds	128	896	63	63
Item_CONS_Drug_Terazul_A	Icons_Items_3.lsx	Public\Shared\Assets\Textures\Icons\Icons_Items_3.dds	64	896	63	63
Item_CONS_GEN_Food_Potato_Scones_A	Icons_Items_3.lsx	Public\Shared\Assets\Textures\Icons\Icons_Items_3.dds	512	128	63	63
Item_CONS_Potion_Acid_Resistance_2	Icons_Items_3.lsx	Public\Shared\Assets\Textures\Icons\Icons_Items_3.dds	0	896	63	63
Item_CONS_Potion_Cold_Resistance_2	Icons_Items_3.lsx	Public\Shared\Assets\Textures\Icons\Icons_Items_3.dds	960	832	63	63
Item_CONS_Potion_Fire_Resistance_2	Icons_Items_3.lsx	Public\Shared\Assets\Textures\Icons\Icons_Items_3.dds	896	832	63	63
Item_CONS_Potion_Force_Resistance_2	Icons_Items_3.lsx	Public\Shared\Assets\Textures\Icons\Icons_Items_3.dds	832	832	63	63
Item_CONS_Potion_Hill_Giant_Strength	Icons_Items_3.lsx	Public\Shared\Assets\Textures\Icons\Icons_Items_3.dds	768	832	63	63
Item_CONS_Potion_Lightning_Resistance_2	Icons_Items_3.lsx	Public\Shared\Assets\Textures\Icons\Icons_Items_3.dds	704	832	63	63
Item_CONS_Potion_Necrotic_Resistance_2	Icons_Items_3.lsx	Public\Shared\Assets\Textures\Icons\Icons_Items_3.dds	640	832	63	63
Item_CONS_Potion_Poison_Resistance_2	Icons_Items_3.lsx	Public\Shared\Assets\Textures\Icons\Icons_Items_3.dds	576	832	63	63
Item_CONS_Potion_Psychic_Resistance_2	Icons_Items_3.lsx	Public\Shared\Assets\Textures\Icons\Icons_Items_3.dds	512	832	63	63
Item_CONS_Potion_Radiant_Resistance_2	Icons_Items_3.lsx	Public\Shared\Assets\Textures\Icons\Icons_Items_3.dds	448	832	63	63
Item_CONS_Potion_Resistance_2	Icons_Items_3.lsx	Public\Shared\Assets\Textures\Icons\Icons_Items_3.dds	384	832	63	63
Item_CONS_Potion_Sleep_A_2	Icons_Items_3.lsx	Public\Shared\Assets\Textures\Icons\Icons_Items_3.dds	320	832	63	63
Item_CONS_Potion_Thunder_Resistance_2	Icons_Items_3.lsx	Public\Shared\Assets\Textures\Icons\Icons_Items_3.dds	256	832	63	63
Item_CONS_Potion_Universal_Resistance	Icons_Items_3.lsx	Public\Shared\Assets\Textures\Icons\Icons_Items_3.dds	640	128	63	63
Item_CONT_Barrel_Brine_A	Icons_Items_3.lsx	Public\Shared\Assets\Textures\Icons\Icons_Items_3.dds	704	128	63	63
Item_CONT_GEN_Beehive_A	Icons_Items_3.lsx	Public\Shared\Assets\Textures\Icons\Icons_Items_3.dds	768	128	63	63
Item_CONT_GEN_Berry_Bush_A	Icons_Items_3.lsx	Public\Shared\Assets\Textures\Icons\Icons_Items_3.dds	832	128	63	63
Item_CONT_GEN_Mailbox_C	Icons_Items_3.lsx	Public\Shared\Assets\Textures\Icons\Icons_Items_3.dds	896	128	63	63
Item_Cloth_Headwear_Circlet_Leather_A	Icons_Items_3.lsx	Public\Shared\Assets\Textures\Icons\Icons_Items_3.dds	512	384	63	63
Item_Cloth_Headwear_Circlet_Metal_A	Icons_Items_3.lsx	Public\Shared\Assets\Textures\Icons\Icons_Items_3.dds	448	384	63	63
Item_Cloth_Headwear_Circlet_Metal_B	Icons_Items_3.lsx	Public\Shared\Assets\Textures\Icons\Icons_Items_3.dds	384	384	63	63
Item_Cloth_Headwear_Circlet_Silver_A	Icons_Items_3.lsx	Public\Shared\Assets\Textures\Icons\Icons_Items_3.dds	320	384	63	63
Item_Cloth_Headwear_Circlet_Silver_B	Icons_Items_3.lsx	Public\Shared\Assets\Textures\Icons\Icons_Items_3.dds	256	384	63	63
Item_DEC_Circus_High_Striker_A	Icons_Items_3.lsx	Public\Shared\Assets\Textures\Icons\Icons_Items_3.dds	960	128	63	63
Item_DEC_GEN_Corpse_Rose_A	Icons_Items_3.lsx	Public\Shared\Assets\Textures\Icons\Icons_Items_3.dds	0	192	63	63
Item_DEC_GEN_Kitchen_SpinningWheel_B	Icons_Items_3.lsx	Public\Shared\Assets\Textures\Icons\Icons_Items_3.dds	64	192	63	63
Item_DEC_HAR_Fish_Barrel_Lid_A	Icons_Items_3.lsx	Public\Shared\Assets\Textures\Icons\Icons_Items_3.dds	128	192	63	63
Item_DEC_Ketheric_Giant_Forge_Frame_CogWheels_L_A	Icons_Items_3.lsx	Public\Shared\Assets\Textures\Icons\Icons_Items_3.dds	192	192	63	63
Item_DLC_DD_ARM_Beasts_Tricorn	Icons_Items_3.lsx	Public\Shared\Assets\Textures\Icons\Icons_Items_3.dds	704	384	63	63
Item_DLC_DD_ARM_Red_Prince_Cloak	Icons_Items_3.lsx	Public\Shared\Assets\Textures\Icons\Icons_Items_3.dds	640	384	63	63
Item_DLC_DD_Music_Lohses_Lute	Icons_Items_3.lsx	Public\Shared\Assets\Textures\Icons\Icons_Items_3.dds	256	192	63	63
Item_DLC_DD_Painting_Portrait_Beast	Icons_Items_3.lsx	Public\Shared\Assets\Textures\Icons\Icons_Items_3.dds	256	448	63	63
Item_DLC_DD_Painting_Portrait_Fane	Icons_Items_3.lsx	Public\Shared\Assets\Textures\Icons\Icons_Items_3.dds	192	448	63	63
Item_DLC_DD_Painting_Portrait_Ifan	Icons_Items_3.lsx	Public\Shared\Assets\Textures\Icons\Icons_Items_3.dds	128	448	63	63
Item_DLC_DD_Painting_Portrait_Lohse	Icons_Items_3.lsx	Public\Shared\Assets\Textures\Icons\Icons_Items_3.dds	64	448	63	63
Item_DLC_DD_Painting_Portrait_Red_Prince	Icons_Items_3.lsx	Public\Shared\Assets\Textures\Icons\Icons_Items_3.dds	0	448	63	63
Item_DLC_DD_Painting_Portrait_Sebille	Icons_Items_3.lsx	Public\Shared\Assets\Textures\Icons\Icons_Items_3.dds	960	384	63	63
Item_DLC_DD_WPN_Sebilles_Needle	Icons_Items_3.lsx	Public\Shared\Assets\Textures\Icons\Icons_Items_3.dds	320	192	63	63
Item_FUR_GEN_Bed_Mattress_Single_C	Icons_Items_3.lsx	Public\Shared\Assets\Textures\Icons\Icons_Items_3.dds	448	448	63	63
Item_FUR_GEN_Painting_Portrait_Oval_C	Icons_Items_3.lsx	Public\Shared\Assets\Textures\Icons\Icons_Items_3.dds	64	64	63	63
Item_FUR_GEN_Painting_Portrait_Oval_D	Icons_Items_3.lsx	Public\Shared\Assets\Textures\Icons\Icons_Items_3.dds	0	64	63	63
Item_FUR_GEN_Painting_Portrait_Rectangle_E	Icons_Items_3.lsx	Public\Shared\Assets\Textures\Icons\Icons_Items_3.dds	960	0	63	63
Item_FUR_GEN_Painting_Portrait_Rectangle_J	Icons_Items_3.lsx	Public\Shared\Assets\Textures\Icons\Icons_Items_3.dds	896	0	63	63
Item_FUR_GEN_Painting_Portrait_Round_B	Icons_Items_3.lsx	Public\Shared\Assets\Textures\Icons\Icons_Items_3.dds	832	0	63	63
Item_FUR_GEN_Painting_Portrait_Round_C	Icons_Items_3.lsx	Public\Shared\Assets\Textures\Icons\Icons_Items_3.dds	768	0	63	63
Item_FUR_GEN_Painting_StillLife_A	Icons_Items_3.lsx	Public\Shared\Assets\Textures\Icons\Icons_Items_3.dds	704	0	63	63
Item_FUR_GEN_Painting_StillLife_B	Icons_Items_3.lsx	Public\Shared\Assets\Textures\Icons\Icons_Items_3.dds	640	0	63	63
Item_FUR_GEN_Painting_StillLife_C	Icons_Items_3.lsx	Public\Shared\Assets\Textures\Icons\Icons_Items_3.dds	576	0	63	63
Item_FUR_HoH_Painting_Rectangle_A	Icons_Items_3.lsx	Public\Shared\Assets\Textures\Icons\Icons_Items_3.dds	512	0	63	63
Item_FUR_HoH_Painting_Rectangle_B	Icons_Items_3.lsx	Public\Shared\Assets\Textures\Icons\Icons_Items_3.dds	448	0	63	63
Item_FUR_HoH_Painting_Rectangle_C	Icons_Items_3.lsx	Public\Shared\Assets\Textures\Icons\Icons_Items_3.dds	384	0	63	63
Item_FUR_Necromancer_Lab_Balthazar_Altar_A	Icons_Items_3.lsx	Public\Shared\Assets\Textures\Icons\Icons_Items_3.dds	576	384	63	63
Item_GEN_Cloth_Tent	Icons_Items_3.lsx	Public\Shared\Assets\Textures\Icons\Icons_Items_3.dds	384	192	63	63
Item_GEN_Staircase_Stone	Icons_Items_3.lsx	Public\Shared\Assets\Textures\Icons\Icons_Items_3.dds	448	192	63	63
Item_GEN_Staircase_Wood	Icons_Items_3.lsx	Public\Shared\Assets\Textures\Icons\Icons_Items_3.dds	512	192	63	63
Item_GRN_Sunflash_Grenade_A	Icons_Items_3.lsx	Public\Shared\Assets\Textures\Icons\Icons_Items_3.dds	576	192	63	63
Item_LOOT_City_Counting_House_Vault_Key_A_1	Icons_Items_3.lsx	Public\Shared\Assets\Textures\Icons\Icons_Items_3.dds	128	384	63	63
Item_LOOT_Dye_Azure_01	Icons_Items_3.lsx	Public\Shared\Assets\Textures\Icons\Icons_Items_3.dds	320	640	63	63
Item_LOOT_Dye_BlackBlue_01	Icons_Items_3.lsx	Public\Shared\Assets\Textures\Icons\Icons_Items_3.dds	256	640	63	63
Item_LOOT_Dye_BlackGreen_01	Icons_Items_3.lsx	Public\Shared\Assets\Textures\Icons\Icons_Items_3.dds	192	640	63	63
Item_LOOT_Dye_BlackPink_01	Icons_Items_3.lsx	Public\Shared\Assets\Textures\Icons\Icons_Items_3.dds	128	640	63	63
Item_LOOT_Dye_BlackRed_01	Icons_Items_3.lsx	Public\Shared\Assets\Textures\Icons\Icons_Items_3.dds	64	640	63	63
Item_LOOT_Dye_BlackTeal_01	Icons_Items_3.lsx	Public\Shared\Assets\Textures\Icons\Icons_Items_3.dds	0	640	63	63
Item_LOOT_Dye_BlueGreen_01	Icons_Items_3.lsx	Public\Shared\Assets\Textures\Icons\Icons_Items_3.dds	896	576	63	63
Item_LOOT_Dye_BluePurple_01	Icons_Items_3.lsx	Public\Shared\Assets\Textures\Icons\Icons_Items_3.dds	832	576	63	63
Item_LOOT_Dye_BlueYellow_01	Icons_Items_3.lsx	Public\Shared\Assets\Textures\Icons\Icons_Items_3.dds	768	576	63	63
Item_LOOT_Dye_BlueYellow_02	Icons_Items_3.lsx	Public\Shared\Assets\Textures\Icons\Icons_Items_3.dds	704	576	63	63
Item_LOOT_Dye_Blue_01	Icons_Items_3.lsx	Public\Shared\Assets\Textures\Icons\Icons_Items_3.dds	960	576	63	63
Item_LOOT_Dye_Golden_01	Icons_Items_3.lsx	Public\Shared\Assets\Textures\Icons\Icons_Items_3.dds	640	576	63	63
Item_LOOT_Dye_GreenPink_01	Icons_Items_3.lsx	Public\Shared\Assets\Textures\Icons\Icons_Items_3.dds	448	576	63	63
Item_LOOT_Dye_GreenSage_01	Icons_Items_3.lsx	Public\Shared\Assets\Textures\Icons\Icons_Items_3.dds	384	576	63	63
Item_LOOT_Dye_GreenSwamp_01	Icons_Items_3.lsx	Public\Shared\Assets\Textures\Icons\Icons_Items_3.dds	320	576	63	63
Item_LOOT_Dye_Green_01	Icons_Items_3.lsx	Public\Shared\Assets\Textures\Icons\Icons_Items_3.dds	576	576	63	63
Item_LOOT_Dye_Green_02	Icons_Items_3.lsx	Public\Shared\Assets\Textures\Icons\Icons_Items_3.dds	512	576	63	63
Item_LOOT_Dye_IceCream_01	Icons_Items_3.lsx	Public\Shared\Assets\Textures\Icons\Icons_Items_3.dds	256	576	63	63
Item_LOOT_Dye_IceCream_02	Icons_Items_3.lsx	Public\Shared\Assets\Textures\Icons\Icons_Items_3.dds	192	576	63	63
Item_LOOT_Dye_IceCream_03	Icons_Items_3.lsx	Public\Shared\Assets\Textures\Icons\Icons_Items_3.dds	128	576	63	63
Item_LOOT_Dye_IceCream_04	Icons_Items_3.lsx	Public\Shared\Assets\Textures\Icons\Icons_Items_3.dds	64	576	63	63
Item_LOOT_Dye_Maroon_01	Icons_Items_3.lsx	Public\Shared\Assets\Textures\Icons\Icons_Items_3.dds	0	576	63	63
Item_LOOT_Dye_Ocean_01	Icons_Items_3.lsx	Public\Shared\Assets\Textures\Icons\Icons_Items_3.dds	960	512	63	63
Item_LOOT_Dye_OrangeBlue_01	Icons_Items_3.lsx	Public\Shared\Assets\Textures\Icons\Icons_Items_3.dds	832	512	63	63
Item_LOOT_Dye_Orange_01	Icons_Items_3.lsx	Public\Shared\Assets\Textures\Icons\Icons_Items_3.dds	896	512	63	63
Item_LOOT_Dye_Pink_01	Icons_Items_3.lsx	Public\Shared\Assets\Textures\Icons\Icons_Items_3.dds	768	512	63	63
Item_LOOT_Dye_PurpleRed_01	Icons_Items_3.lsx	Public\Shared\Assets\Textures\Icons\Icons_Items_3.dds	512	512	63	63
Item_LOOT_Dye_Purple_01	Icons_Items_3.lsx	Public\Shared\Assets\Textures\Icons\Icons_Items_3.dds	704	512	63	63
Item_LOOT_Dye_Purple_02	Icons_Items_3.lsx	Public\Shared\Assets\Textures\Icons\Icons_Items_3.dds	640	512	63	63
Item_LOOT_Dye_Purple_03	Icons_Items_3.lsx	Public\Shared\Assets\Textures\Icons\Icons_Items_3.dds	576	512	63	63
Item_LOOT_Dye_RedBrown_01	Icons_Items_3.lsx	Public\Shared\Assets\Textures\Icons\Icons_Items_3.dds	448	512	63	63
Item_LOOT_Dye_RedWhite_01	Icons_Items_3.lsx	Public\Shared\Assets\Textures\Icons\Icons_Items_3.dds	0	512	63	63
Item_LOOT_Dye_RichRed_01	Icons_Items_3.lsx	Public\Shared\Assets\Textures\Icons\Icons_Items_3.dds	384	512	63	63
Item_LOOT_Dye_RoyalBlue_01	Icons_Items_3.lsx	Public\Shared\Assets\Textures\Icons\Icons_Items_3.dds	320	512	63	63
Item_LOOT_Dye_Teal_01	Icons_Items_3.lsx	Public\Shared\Assets\Textures\Icons\Icons_Items_3.dds	256	512	63	63
Item_LOOT_Dye_WhiteBlack_01	Icons_Items_3.lsx	Public\Shared\Assets\Textures\Icons\Icons_Items_3.dds	192	512	63	63
Item_LOOT_Dye_WhiteBrown_01	Icons_Items_3.lsx	Public\Shared\Assets\Textures\Icons\Icons_Items_3.dds	128	512	63	63
Item_LOOT_Dye_WhiteRed_01	Icons_Items_3.lsx	Public\Shared\Assets\Textures\Icons\Icons_Items_3.dds	64	512	63	63
Item_LOOT_GEN_Amulet_Lathander_A_Rigged_A	Icons_Items_3.lsx	Public\Shared\Assets\Textures\Icons\Icons_Items_3.dds	640	192	63	63
Item_LOOT_GEN_Child_Drawing_A	Icons_Items_3.lsx	Public\Shared\Assets\Textures\Icons\Icons_Items_3.dds	320	0	63	63
Item_LOOT_GEN_Coin_Mammon_A	Icons_Items_3.lsx	Public\Shared\Assets\Textures\Icons\Icons_Items_3.dds	704	192	63	63
Item_LOOT_GEN_Goblet_Rich_Large_D_Bloody	Icons_Items_3.lsx	Public\Shared\Assets\Textures\Icons\Icons_Items_3.dds	768	192	63	63
Item_LOOT_GEN_Harper_Pin_A	Icons_Items_3.lsx	Public\Shared\Assets\Textures\Icons\Icons_Items_3.dds	832	192	63	63
Item_LOOT_GEN_Locket_Keepsake_Closed_A_Rigged_A	Icons_Items_3.lsx	Public\Shared\Assets\Textures\Icons\Icons_Items_3.dds	896	192	63	63
Item_LOOT_GEN_Portrait_Zombies_A	Icons_Items_3.lsx	Public\Shared\Assets\Textures\Icons\Icons_Items_3.dds	960	192	63	63
Item_LOOT_GEN_Runepowder_Time_Bomb_A	Icons_Items_3.lsx	Public\Shared\Assets\Textures\Icons\Icons_Items_3.dds	64	384	63	63
Item_LOOT_MAG_LegendaryEvasion_Amulet_A	Icons_Items_3.lsx	Public\Shared\Assets\Textures\Icons\Icons_Items_3.dds	0	256	63	63
Item_LOOT_MF_Rune_Key_A	Icons_Items_3.lsx	Public\Shared\Assets\Textures\Icons\Icons_Items_3.dds	64	256	63	63
Item_LOOT_MF_Tadpole_Supreme_A	Icons_Items_3.lsx	Public\Shared\Assets\Textures\Icons\Icons_Items_3.dds	128	256	63	63
Item_LOW_CountingHouse_BankPass	Icons_Items_3.lsx	Public\Shared\Assets\Textures\Icons\Icons_Items_3.dds	512	320	63	63
Item_LOW_RegenerationPrevention_Grenade	Icons_Items_3.lsx	Public\Shared\Assets\Textures\Icons\Icons_Items_3.dds	192	256	63	63
Item_MAG_Giantslayer_Greatsword	Icons_Items_3.lsx	Public\Shared\Assets\Textures\Icons\Icons_Items_3.dds	256	256	63	63
Item_MAG_Myrkulites_RingofMyrkul_Ring	Icons_Items_3.lsx	Public\Shared\Assets\Textures\Icons\Icons_Items_3.dds	832	320	63	63
Item_MAG_OfTheShapeshifter_Mask	Icons_Items_3.lsx	Public\Shared\Assets\Textures\Icons\Icons_Items_3.dds	960	448	63	63
Item_MAG_PHB_PeriaptofWoundClosure_Amulet	Icons_Items_3.lsx	Public\Shared\Assets\Textures\Icons\Icons_Items_3.dds	896	320	63	63
Item_MAG_PHB_Ring_Of_Protection	Icons_Items_3.lsx	Public\Shared\Assets\Textures\Icons\Icons_Items_3.dds	960	320	63	63
Item_MAG_TheBulwark_Shield	Icons_Items_3.lsx	Public\Shared\Assets\Textures\Icons\Icons_Items_3.dds	0	384	63	63
Item_MAG_TheChromatic_Staff	Icons_Items_3.lsx	Public\Shared\Assets\Textures\Icons\Icons_Items_3.dds	320	256	63	63
Item_MAG_TheClover_Scimitar	Icons_Items_3.lsx	Public\Shared\Assets\Textures\Icons\Icons_Items_3.dds	384	256	63	63
Item_MAG_TheCrimson_Shortsword	Icons_Items_3.lsx	Public\Shared\Assets\Textures\Icons\Icons_Items_3.dds	448	256	63	63
Item_MAG_TheThorns_Trident	Icons_Items_3.lsx	Public\Shared\Assets\Textures\Icons\Icons_Items_3.dds	512	256	63	63
Item_MAG_TheVictory_Longbow	Icons_Items_3.lsx	Public\Shared\Assets\Textures\Icons\Icons_Items_3.dds	576	256	63	63
Item_NAT_Cursed_Roots_Cocoon_B_Glow_A	Icons_Items_3.lsx	Public\Shared\Assets\Textures\Icons\Icons_Items_3.dds	640	256	63	63
Item_PUZ_CursedLand_Shadow_Sphere_A	Icons_Items_3.lsx	Public\Shared\Assets\Textures\Icons\Icons_Items_3.dds	576	128	63	63
Item_PUZ_CursedLand_Shooting_Flower_A_Blue_A	Icons_Items_3.lsx	Public\Shared\Assets\Textures\Icons\Icons_Items_3.dds	384	448	63	63
Item_PUZ_GEN_Alarm_Machine_A	Icons_Items_3.lsx	Public\Shared\Assets\Textures\Icons\Icons_Items_3.dds	704	256	63	63
Item_PUZ_Lathander_Key_A	Icons_Items_3.lsx	Public\Shared\Assets\Textures\Icons\Icons_Items_3.dds	768	256	63	63
Item_PUZ_Lathander_Laser_A	Icons_Items_3.lsx	Public\Shared\Assets\Textures\Icons\Icons_Items_3.dds	832	256	63	63
Item_PUZ_Lathander_Solar_Machine_Crystal_A	Icons_Items_3.lsx	Public\Shared\Assets\Textures\Icons\Icons_Items_3.dds	320	448	63	63
Item_PUZ_NAT_Roots_Orb_Pedestal_A	Icons_Items_3.lsx	Public\Shared\Assets\Textures\Icons\Icons_Items_3.dds	896	256	63	63
Item_QUEST_HAV_InfernalReward_003	Icons_Items_3.lsx	Public\Shared\Assets\Textures\Icons\Icons_Items_3.dds	960	256	63	63
Item_QUEST_HAV_InfernalReward_004	Icons_Items_3.lsx	Public\Shared\Assets\Textures\Icons\Icons_Items_3.dds	0	320	63	63
Item_QUEST_Netherstone_Complete	Icons_Items_3.lsx	Public\Shared\Assets\Textures\Icons\Icons_Items_3.dds	64	320	63	63
Item_QUEST_Netherstone_Gortash	Icons_Items_3.lsx	Public\Shared\Assets\Textures\Icons\Icons_Items_3.dds	128	320	63	63
Item_QUEST_Netherstone_Ketheric	Icons_Items_3.lsx	Public\Shared\Assets\Textures\Icons\Icons_Items_3.dds	192	320	63	63
Item_QUEST_Netherstone_Orin	Icons_Items_3.lsx	Public\Shared\Assets\Textures\Icons\Icons_Items_3.dds	256	320	63	63
Item_Quest_SCE_SeluniteSpear	Icons_Items_3.lsx	Public\Shared\Assets\Textures\Icons\Icons_Items_3.dds	320	320	63	63
Item_S_UNI_LOW_JannathRing	Icons_Items_3.lsx	Public\Shared\Assets\Textures\Icons\Icons_Items_3.dds	256	0	63	63
Item_S_UNI_LOW_KerriRing	Icons_Items_3.lsx	Public\Shared\Assets\Textures\Icons\Icons_Items_3.dds	192	0	63	63
Item_UNI_DEC_GEN_Crate_Stack_A	Icons_Items_3.lsx	Public\Shared\Assets\Textures\Icons\Icons_Items_3.dds	384	320	63	63
Item_UNI_LOW_GuildRing	Icons_Items_3.lsx	Public\Shared\Assets\Textures\Icons\Icons_Items_3.dds	128	0	63	63
Item_UNI_LOW_SzarrRing_2	Icons_Items_3.lsx	Public\Shared\Assets\Textures\Icons\Icons_Items_3.dds	64	0	63	63
Item_UNI_PLA_WPN_SwordOfJustice_2	Icons_Items_3.lsx	Public\Shared\Assets\Textures\Icons\Icons_Items_3.dds	448	320	63	63
Item_UNI_TadpolePowerJar_Broken	Icons_Items_3.lsx	Public\Shared\Assets\Textures\Icons\Icons_Items_3.dds	0	0	63	63
Item_UNI_WYR_Circus_ClownArm	Icons_Items_3.lsx	Public\Shared\Assets\Textures\Icons\Icons_Items_3.dds	832	640	63	63
Item_UNI_WYR_Circus_ClownFoot	Icons_Items_3.lsx	Public\Shared\Assets\Textures\Icons\Icons_Items_3.dds	768	640	63	63
Item_UNI_WYR_Circus_ClownHandWithRing	Icons_Items_3.lsx	Public\Shared\Assets\Textures\Icons\Icons_Items_3.dds	704	640	63	63
Item_UNI_WYR_Circus_ClownHandWithRing-2	Icons_Items_3.lsx	Public\Shared\Assets\Textures\Icons\Icons_Items_3.dds	640	640	63	63
Item_UNI_WYR_Circus_ClownLeg_1	Icons_Items_3.lsx	Public\Shared\Assets\Textures\Icons\Icons_Items_3.dds	576	640	63	63
Item_UNI_WYR_Circus_ClownLeg_2	Icons_Items_3.lsx	Public\Shared\Assets\Textures\Icons\Icons_Items_3.dds	512	640	63	63
Item_UNI_WYR_Circus_ClownTorso	Icons_Items_3.lsx	Public\Shared\Assets\Textures\Icons\Icons_Items_3.dds	448	640	63	63
Item_UNI_WYR_Circus_ClownWaist	Icons_Items_3.lsx	Public\Shared\Assets\Textures\Icons\Icons_Items_3.dds	384	640	63	63
Item_WEAPON_Staff_Mindflayer	Icons_Items_3.lsx	Public\Shared\Assets\Textures\Icons\Icons_Items_3.dds	832	384	63	63
Item_WPN_BREWER_BrewingLadle_A	Icons_Items_3.lsx	Public\Shared\Assets\Textures\Icons\Icons_Items_3.dds	128	64	63	63
Item_WPN_Devils_Dagger_Levistus_A_0	Icons_Items_3.lsx	Public\Shared\Assets\Textures\Icons\Icons_Items_3.dds	768	384	63	63
Item_WPN_Djinni_Scimitar_A	Icons_Items_3.lsx	Public\Shared\Assets\Textures\Icons\Icons_Items_3.dds	192	64	63	63
Item_WPN_Duergar_Shield_B_0	Icons_Items_3.lsx	Public\Shared\Assets\Textures\Icons\Icons_Items_3.dds	896	384	63	63
Item_WPN_Duergar_Shield_C_0	Icons_Items_3.lsx	Public\Shared\Assets\Textures\Icons\Icons_Items_3.dds	256	64	63	63
Item_WPN_HUM_Battleaxe_A_2	Icons_Items_3.lsx	Public\Shared\Assets\Textures\Icons\Icons_Items_3.dds	320	64	63	63
Item_WPN_HUM_Dart_A_2	Icons_Items_3.lsx	Public\Shared\Assets\Textures\Icons\Icons_Items_3.dds	384	64	63	63
Item_WPN_HUM_Flail_Myrkul_A_0	Icons_Items_3.lsx	Public\Shared\Assets\Textures\Icons\Icons_Items_3.dds	448	64	63	63
Item_WPN_HUM_HandCrossbow_A_2	Icons_Items_3.lsx	Public\Shared\Assets\Textures\Icons\Icons_Items_3.dds	512	64	63	63
Item_WPN_HUM_HeavyCrossbow_A_2	Icons_Items_3.lsx	Public\Shared\Assets\Textures\Icons\Icons_Items_3.dds	576	64	63	63
Item_WPN_HUM_LightCrossbow_A_2	Icons_Items_3.lsx	Public\Shared\Assets\Textures\Icons\Icons_Items_3.dds	640	64	63	63
Item_WPN_HUM_Longbow_A_2	Icons_Items_3.lsx	Public\Shared\Assets\Textures\Icons\Icons_Items_3.dds	704	64	63	63
Item_WPN_HUM_Longsword_A_2	Icons_Items_3.lsx	Public\Shared\Assets\Textures\Icons\Icons_Items_3.dds	768	64	63	63
Item_WPN_HUM_Mace_A_2	Icons_Items_3.lsx	Public\Shared\Assets\Textures\Icons\Icons_Items_3.dds	832	64	63	63
Item_WPN_HUM_Maul_A_2	Icons_Items_3.lsx	Public\Shared\Assets\Textures\Icons\Icons_Items_3.dds	896	64	63	63
Item_WPN_HUM_Morningstar_A_2	Icons_Items_3.lsx	Public\Shared\Assets\Textures\Icons\Icons_Items_3.dds	960	64	63	63
Item_WPN_HUM_Pike_A_2	Icons_Items_3.lsx	Public\Shared\Assets\Textures\Icons\Icons_Items_3.dds	0	128	63	63
Item_WPN_HUM_Rapier_A_2	Icons_Items_3.lsx	Public\Shared\Assets\Textures\Icons\Icons_Items_3.dds	64	128	63	63
Item_WPN_HUM_Scimitar_A_2	Icons_Items_3.lsx	Public\Shared\Assets\Textures\Icons\Icons_Items_3.dds	192	128	63	63
Item_WPN_HUM_Shield_E_2	Icons_Items_3.lsx	Public\Shared\Assets\Textures\Icons\Icons_Items_3.dds	256	128	63	63
Item_WPN_HUM_Shortbow_A_2	Icons_Items_3.lsx	Public\Shared\Assets\Textures\Icons\Icons_Items_3.dds	320	128	63	63
Item_WPN_HUM_Spear_A_2	Icons_Items_3.lsx	Public\Shared\Assets\Textures\Icons\Icons_Items_3.dds	384	128	63	63
Item_WPN_HUM_Trident_A_2	Icons_Items_3.lsx	Public\Shared\Assets\Textures\Icons\Icons_Items_3.dds	128	128	63	63
Item_WPN_Moonlantern_Quarterstaff_A_0	Icons_Items_3.lsx	Public\Shared\Assets\Textures\Icons\Icons_Items_3.dds	448	128	63	63
Item_ALCH_Extract_AcornTruffle	Icons_Items_4.lsx	Public\Shared\Assets\Textures\Icons\Icons_Items_4.dds	64	320	63	63
Item_ALCH_Extract_BehirScales_2	Icons_Items_4.lsx	Public\Shared\Assets\Textures\Icons\Icons_Items_4.dds	0	320	63	63
Item_ALCH_Extract_BeholderEye	Icons_Items_4.lsx	Public\Shared\Assets\Textures\Icons\Icons_Items_4.dds	448	256	63	63
Item_ALCH_Solution_Elixir_SeeInvisible	Icons_Items_4.lsx	Public\Shared\Assets\Textures\Icons\Icons_Items_4.dds	384	256	63	63
Item_ALCH_Solution_Grenade_Light_2	Icons_Items_4.lsx	Public\Shared\Assets\Textures\Icons\Icons_Items_4.dds	448	448	63	63
Item_ARM_Camp_Shirt_A_Blue	Icons_Items_4.lsx	Public\Shared\Assets\Textures\Icons\Icons_Items_4.dds	320	256	63	63
Item_ARM_Gloves_Gortash_WithoutNetherStone_A	Icons_Items_4.lsx	Public\Shared\Assets\Textures\Icons\Icons_Items_4.dds	128	320	63	63
Item_ARM_Hat_Wizard_D_2	Icons_Items_4.lsx	Public\Shared\Assets\Textures\Icons\Icons_Items_4.dds	256	256	63	63
Item_ARM_Headwear_Druid_C_2	Icons_Items_4.lsx	Public\Shared\Assets\Textures\Icons\Icons_Items_4.dds	192	256	63	63
Item_COL_MF_Nautiloid_Ship_A_Vista	Icons_Items_4.lsx	Public\Shared\Assets\Textures\Icons\Icons_Items_4.dds	256	384	63	63
Item_CONS_FOOD_Vegetable_Horseradish_A	Icons_Items_4.lsx	Public\Shared\Assets\Textures\Icons\Icons_Items_4.dds	192	384	63	63
Item_CONS_Honey	Icons_Items_4.lsx	Public\Shared\Assets\Textures\Icons\Icons_Items_4.dds	128	256	63	63
Item_CONS_Potion_Gaseous_Form_A_2	Icons_Items_4.lsx	Public\Shared\Assets\Textures\Icons\Icons_Items_4.dds	64	256	63	63
Item_CONS_Potion_Hill_Giant_Strength_2	Icons_Items_4.lsx	Public\Shared\Assets\Textures\Icons\Icons_Items_4.dds	0	256	63	63
Item_CONT_GEN_AlchemyPouch	Icons_Items_4.lsx	Public\Shared\Assets\Textures\Icons\Icons_Items_4.dds	256	320	63	63
Item_CONT_GEN_CampSupplySack	Icons_Items_4.lsx	Public\Shared\Assets\Textures\Icons\Icons_Items_4.dds	192	320	63	63
Item_CONT_GEN_Wood_Dark	Icons_Items_4.lsx	Public\Shared\Assets\Textures\Icons\Icons_Items_4.dds	320	448	63	63
Item_DEC_GEN_Mannequin_A_Interactive	Icons_Items_4.lsx	Public\Shared\Assets\Textures\Icons\Icons_Items_4.dds	448	192	63	63
Item_DEC_GEN_Towel_A	Icons_Items_4.lsx	Public\Shared\Assets\Textures\Icons\Icons_Items_4.dds	256	448	63	63
Item_DEC_GEN_Towel_B	Icons_Items_4.lsx	Public\Shared\Assets\Textures\Icons\Icons_Items_4.dds	192	448	63	63
Item_DEC_GEN_Towel_C	Icons_Items_4.lsx	Public\Shared\Assets\Textures\Icons\Icons_Items_4.dds	128	448	63	63
Item_FUR_GEN_Painting_Gortash_A	Icons_Items_4.lsx	Public\Shared\Assets\Textures\Icons\Icons_Items_4.dds	384	192	63	63
Item_FUR_GEN_Painting_Jannath_A	Icons_Items_4.lsx	Public\Shared\Assets\Textures\Icons\Icons_Items_4.dds	128	384	63	63
Item_FUR_GEN_Painting_Portrait_Square_Player_A	Icons_Items_4.lsx	Public\Shared\Assets\Textures\Icons\Icons_Items_4.dds	64	384	63	63
Item_FUR_GEN_ZevorsAppeal_Painting_A	Icons_Items_4.lsx	Public\Shared\Assets\Textures\Icons\Icons_Items_4.dds	0	384	63	63
Item_GEN_CONS_Berry	Icons_Items_4.lsx	Public\Shared\Assets\Textures\Icons\Icons_Items_4.dds	320	192	63	63
Item_GEN_Metal_Hinges	Icons_Items_4.lsx	Public\Shared\Assets\Textures\Icons\Icons_Items_4.dds	64	448	63	63
Item_GEN_PUZ_Trap_Glyph	Icons_Items_4.lsx	Public\Shared\Assets\Textures\Icons\Icons_Items_4.dds	0	448	63	63
Item_LOOT_Dye_Purple_04	Icons_Items_4.lsx	Public\Shared\Assets\Textures\Icons\Icons_Items_4.dds	448	384	63	63
Item_LOOT_Dye_Red	Icons_Items_4.lsx	Public\Shared\Assets\Textures\Icons\Icons_Items_4.dds	384	384	63	63
Item_LOOT_Dye_Remover	Icons_Items_4.lsx	Public\Shared\Assets\Textures\Icons\Icons_Items_4.dds	320	384	63	63
Item_LOOT_Foundry_Misc_Crowbar_A	Icons_Items_4.lsx	Public\Shared\Assets\Textures\Icons\Icons_Items_4.dds	256	192	63	63
Item_LOOT_Foundry_Misc_Gear_A	Icons_Items_4.lsx	Public\Shared\Assets\Textures\Icons\Icons_Items_4.dds	192	192	63	63
Item_LOOT_Foundry_Misc_Gear_B	Icons_Items_4.lsx	Public\Shared\Assets\Textures\Icons\Icons_Items_4.dds	128	192	63	63
Item_LOOT_Foundry_Misc_Pipe_A	Icons_Items_4.lsx	Public\Shared\Assets\Textures\Icons\Icons_Items_4.dds	64	192	63	63
Item_LOOT_Foundry_Misc_Pipe_B	Icons_Items_4.lsx	Public\Shared\Assets\Textures\Icons\Icons_Items_4.dds	0	192	63	63
Item_LOOT_Foundry_Misc_Saw_A	Icons_Items_4.lsx	Public\Shared\Assets\Textures\Icons\Icons_Items_4.dds	448	128	63	63
Item_LOOT_Ketheric_Infernal_Plate_B	Icons_Items_4.lsx	Public\Shared\Assets\Textures\Icons\Icons_Items_4.dds	384	128	63	63
Item_LOOT_Ketheric_Infernal_Plate_C	Icons_Items_4.lsx	Public\Shared\Assets\Textures\Icons\Icons_Items_4.dds	320	128	63	63
Item_LOOT_Underdark_Automaton_Head	Icons_Items_4.lsx	Public\Shared\Assets\Textures\Icons\Icons_Items_4.dds	256	128	63	63
Item_LOW_HagQuestGrenade_Book	Icons_Items_4.lsx	Public\Shared\Assets\Textures\Icons\Icons_Items_4.dds	192	128	63	63
Item_MAG_PHB_OfJumping_Ring	Icons_Items_4.lsx	Public\Shared\Assets\Textures\Icons\Icons_Items_4.dds	128	128	63	63
Item_MAG_TheDueller_Rapier	Icons_Items_4.lsx	Public\Shared\Assets\Textures\Icons\Icons_Items_4.dds	384	448	63	63
Item_Monk_Ice_Cube	Icons_Items_4.lsx	Public\Shared\Assets\Textures\Icons\Icons_Items_4.dds	64	128	63	63
Item_PUZ_GEN_Death_Bloom	Icons_Items_4.lsx	Public\Shared\Assets\Textures\Icons\Icons_Items_4.dds	448	64	63	63
Item_Planecaster_Device	Icons_Items_4.lsx	Public\Shared\Assets\Textures\Icons\Icons_Items_4.dds	0	128	63	63
Item_QUEST_CRE_CaptainsBarrierKey	Icons_Items_4.lsx	Public\Shared\Assets\Textures\Icons\Icons_Items_4.dds	384	64	63	63
Item_QUEST_LOW_DeadMansSwitch	Icons_Items_4.lsx	Public\Shared\Assets\Textures\Icons\Icons_Items_4.dds	448	0	63	63
Item_QUEST_SHA_TrialOrb	Icons_Items_4.lsx	Public\Shared\Assets\Textures\Icons\Icons_Items_4.dds	384	0	63	63
Item_Quest_HAG_HagHair_Charisma	Icons_Items_4.lsx	Public\Shared\Assets\Textures\Icons\Icons_Items_4.dds	320	64	63	63
Item_Quest_HAG_HagHair_Constitution	Icons_Items_4.lsx	Public\Shared\Assets\Textures\Icons\Icons_Items_4.dds	256	64	63	63
Item_Quest_HAG_HagHair_Dexterity	Icons_Items_4.lsx	Public\Shared\Assets\Textures\Icons\Icons_Items_4.dds	192	64	63	63
Item_Quest_HAG_HagHair_Intelligence	Icons_Items_4.lsx	Public\Shared\Assets\Textures\Icons\Icons_Items_4.dds	128	64	63	63
Item_Quest_HAG_HagHair_Strength	Icons_Items_4.lsx	Public\Shared\Assets\Textures\Icons\Icons_Items_4.dds	64	64	63	63
Item_Quest_HAG_HagHair_Wisdom	Icons_Items_4.lsx	Public\Shared\Assets\Textures\Icons\Icons_Items_4.dds	0	64	63	63
Item_Shar_Altar_C_Platform_Interactive	Icons_Items_4.lsx	Public\Shared\Assets\Textures\Icons\Icons_Items_4.dds	320	0	63	63
Item_TOOL_GTY_Control_Panel_B	Icons_Items_4.lsx	Public\Shared\Assets\Textures\Icons\Icons_Items_4.dds	448	320	63	63
Item_TOOL_GTY_Portal_A	Icons_Items_4.lsx	Public\Shared\Assets\Textures\Icons\Icons_Items_4.dds	384	320	63	63
Item_UNI_FOR_SpiderQueen_Robe_2	Icons_Items_4.lsx	Public\Shared\Assets\Textures\Icons\Icons_Items_4.dds	256	0	63	63
Item_UNI_LOW_DevilsFee_TrapWardHead	Icons_Items_4.lsx	Public\Shared\Assets\Textures\Icons\Icons_Items_4.dds	192	0	63	63
Item_UNI_Poison_Brewer	Icons_Items_4.lsx	Public\Shared\Assets\Textures\Icons\Icons_Items_4.dds	128	0	63	63
Item_UNI_Quest_ShadowStone	Icons_Items_4.lsx	Public\Shared\Assets\Textures\Icons\Icons_Items_4.dds	320	320	63	63
Item_UNI_TWN_Distillery_DistilleryMachine	Icons_Items_4.lsx	Public\Shared\Assets\Textures\Icons\Icons_Items_4.dds	0	0	63	63
Item_UNI_TadpolePowerJar_Absolute	Icons_Items_4.lsx	Public\Shared\Assets\Textures\Icons\Icons_Items_4.dds	64	0	63	63
Generated_ARM_BootsOfSpeed_Magic	Icons_Items_5.lsx	Public\Shared\Assets\Textures\Icons\Icons_Items_5.dds	0	448	63	63
Generated_ARM_Boots_Isobel_Magic	Icons_Items_5.lsx	Public\Shared\Assets\Textures\Icons\Icons_Items_5.dds	64	448	63	63
Generated_ARM_Bracers_Metal_Githyanki	Icons_Items_5.lsx	Public\Shared\Assets\Textures\Icons\Icons_Items_5.dds	960	384	63	63
Generated_ARM_Bracers_Metal_Githyanki_B	Icons_Items_5.lsx	Public\Shared\Assets\Textures\Icons\Icons_Items_5.dds	896	384	63	63
Generated_ARM_Bracers_Metal_Githyanki_B_Magic	Icons_Items_5.lsx	Public\Shared\Assets\Textures\Icons\Icons_Items_5.dds	832	384	63	63
Generated_ARM_Bracers_Metal_Githyanki_Magic	Icons_Items_5.lsx	Public\Shared\Assets\Textures\Icons\Icons_Items_5.dds	768	384	63	63
Generated_ARM_BreastPlate_2_Magic	Icons_Items_5.lsx	Public\Shared\Assets\Textures\Icons\Icons_Items_5.dds	704	384	63	63
Generated_ARM_Camp_Aristocrat	Icons_Items_5.lsx	Public\Shared\Assets\Textures\Icons\Icons_Items_5.dds	640	384	63	63
Generated_ARM_Camp_Aristocrat_Brown	Icons_Items_5.lsx	Public\Shared\Assets\Textures\Icons\Icons_Items_5.dds	576	384	63	63
Generated_ARM_Camp_Aristocrat_White	Icons_Items_5.lsx	Public\Shared\Assets\Textures\Icons\Icons_Items_5.dds	512	384	63	63
Generated_ARM_Camp_Body	Icons_Items_5.lsx	Public\Shared\Assets\Textures\Icons\Icons_Items_5.dds	448	384	63	63
Generated_ARM_Camp_Body_Astarion	Icons_Items_5.lsx	Public\Shared\Assets\Textures\Icons\Icons_Items_5.dds	384	384	63	63
Generated_ARM_Camp_Body_Gale	Icons_Items_5.lsx	Public\Shared\Assets\Textures\Icons\Icons_Items_5.dds	320	384	63	63
Generated_ARM_Camp_Body_Halsin	Icons_Items_5.lsx	Public\Shared\Assets\Textures\Icons\Icons_Items_5.dds	256	384	63	63
Generated_ARM_Camp_Body_Jaheira	Icons_Items_5.lsx	Public\Shared\Assets\Textures\Icons\Icons_Items_5.dds	192	384	63	63
Generated_ARM_Camp_Body_Karlach	Icons_Items_5.lsx	Public\Shared\Assets\Textures\Icons\Icons_Items_5.dds	128	384	63	63
Generated_ARM_Camp_Body_Laezel	Icons_Items_5.lsx	Public\Shared\Assets\Textures\Icons\Icons_Items_5.dds	64	384	63	63
Generated_ARM_Camp_Body_Minsc	Icons_Items_5.lsx	Public\Shared\Assets\Textures\Icons\Icons_Items_5.dds	0	384	63	63
Generated_ARM_Camp_Body_Minthara	Icons_Items_5.lsx	Public\Shared\Assets\Textures\Icons\Icons_Items_5.dds	960	320	63	63
Generated_ARM_Camp_Body_Shadowheart	Icons_Items_5.lsx	Public\Shared\Assets\Textures\Icons\Icons_Items_5.dds	896	320	63	63
Generated_ARM_Camp_Body_Wyll	Icons_Items_5.lsx	Public\Shared\Assets\Textures\Icons\Icons_Items_5.dds	832	320	63	63
Generated_ARM_Camp_Citizen	Icons_Items_5.lsx	Public\Shared\Assets\Textures\Icons\Icons_Items_5.dds	768	320	63	63
Generated_ARM_Camp_Citizen_B	Icons_Items_5.lsx	Public\Shared\Assets\Textures\Icons\Icons_Items_5.dds	704	320	63	63
Generated_ARM_Camp_Citizen_B_Teal	Icons_Items_5.lsx	Public\Shared\Assets\Textures\Icons\Icons_Items_5.dds	640	320	63	63
Generated_ARM_Camp_Citizen_Black	Icons_Items_5.lsx	Public\Shared\Assets\Textures\Icons\Icons_Items_5.dds	576	320	63	63
Generated_ARM_Camp_Citizen_C	Icons_Items_5.lsx	Public\Shared\Assets\Textures\Icons\Icons_Items_5.dds	512	320	63	63
Generated_ARM_Camp_Citizen_C_Blue	Icons_Items_5.lsx	Public\Shared\Assets\Textures\Icons\Icons_Items_5.dds	448	320	63	63
Generated_ARM_Camp_Citizen_C_Green	Icons_Items_5.lsx	Public\Shared\Assets\Textures\Icons\Icons_Items_5.dds	384	320	63	63
Generated_ARM_Camp_Citizen_C_Red	Icons_Items_5.lsx	Public\Shared\Assets\Textures\Icons\Icons_Items_5.dds	320	320	63	63
Generated_ARM_Camp_Citizen_Purple	Icons_Items_5.lsx	Public\Shared\Assets\Textures\Icons\Icons_Items_5.dds	256	320	63	63
Generated_ARM_Camp_Cultist_Absolute	Icons_Items_5.lsx	Public\Shared\Assets\Textures\Icons\Icons_Items_5.dds	192	320	63	63
Generated_ARM_Camp_Deva	Icons_Items_5.lsx	Public\Shared\Assets\Textures\Icons\Icons_Items_5.dds	128	320	63	63
Generated_ARM_Camp_Drow	Icons_Items_5.lsx	Public\Shared\Assets\Textures\Icons\Icons_Items_5.dds	64	320	63	63
Generated_ARM_Camp_Leather_A	Icons_Items_5.lsx	Public\Shared\Assets\Textures\Icons\Icons_Items_5.dds	0	320	63	63
Generated_ARM_Camp_Leather_A_1	Icons_Items_5.lsx	Public\Shared\Assets\Textures\Icons\Icons_Items_5.dds	960	256	63	63
Generated_ARM_Camp_Leather_A_1_Blue	Icons_Items_5.lsx	Public\Shared\Assets\Textures\Icons\Icons_Items_5.dds	896	256	63	63
Generated_ARM_Camp_Leather_A_1_Green	Icons_Items_5.lsx	Public\Shared\Assets\Textures\Icons\Icons_Items_5.dds	832	256	63	63
Generated_ARM_Camp_Leather_A_Black	Icons_Items_5.lsx	Public\Shared\Assets\Textures\Icons\Icons_Items_5.dds	768	256	63	63
Generated_ARM_Camp_Leather_A_Bright	Icons_Items_5.lsx	Public\Shared\Assets\Textures\Icons\Icons_Items_5.dds	704	256	63	63
Generated_ARM_Camp_Pants_A	Icons_Items_5.lsx	Public\Shared\Assets\Textures\Icons\Icons_Items_5.dds	640	256	63	63
Generated_ARM_Camp_Patriars_A	Icons_Items_5.lsx	Public\Shared\Assets\Textures\Icons\Icons_Items_5.dds	576	256	63	63
Generated_ARM_Camp_Patriars_A_Black	Icons_Items_5.lsx	Public\Shared\Assets\Textures\Icons\Icons_Items_5.dds	512	256	63	63
Generated_ARM_Camp_Patriars_A_Blue	Icons_Items_5.lsx	Public\Shared\Assets\Textures\Icons\Icons_Items_5.dds	448	256	63	63
Generated_ARM_Camp_Patriars_A_Green	Icons_Items_5.lsx	Public\Shared\Assets\Textures\Icons\Icons_Items_5.dds	384	256	63	63
Generated_ARM_Camp_Patriars_A_Red	Icons_Items_5.lsx	Public\Shared\Assets\Textures\Icons\Icons_Items_5.dds	320	256	63	63
Generated_ARM_Camp_Refugee	Icons_Items_5.lsx	Public\Shared\Assets\Textures\Icons\Icons_Items_5.dds	256	256	63	63
Generated_ARM_Camp_Refugee_Gray	Icons_Items_5.lsx	Public\Shared\Assets\Textures\Icons\Icons_Items_5.dds	192	256	63	63
Generated_ARM_Camp_Refugee_Green	Icons_Items_5.lsx	Public\Shared\Assets\Textures\Icons\Icons_Items_5.dds	128	256	63	63
Generated_ARM_Camp_Rich_A	Icons_Items_5.lsx	Public\Shared\Assets\Textures\Icons\Icons_Items_5.dds	64	256	63	63
Generated_ARM_Camp_Rich_A_Gold	Icons_Items_5.lsx	Public\Shared\Assets\Textures\Icons\Icons_Items_5.dds	0	256	63	63
Generated_ARM_Camp_Rich_A_Green	Icons_Items_5.lsx	Public\Shared\Assets\Textures\Icons\Icons_Items_5.dds	960	192	63	63
Generated_ARM_Camp_Rich_A_Teal	Icons_Items_5.lsx	Public\Shared\Assets\Textures\Icons\Icons_Items_5.dds	896	192	63	63
Generated_ARM_Camp_Rich_B	Icons_Items_5.lsx	Public\Shared\Assets\Textures\Icons\Icons_Items_5.dds	832	192	63	63
Generated_ARM_Camp_Rich_B1	Icons_Items_5.lsx	Public\Shared\Assets\Textures\Icons\Icons_Items_5.dds	704	192	63	63
Generated_ARM_Camp_Rich_B1_Beige	Icons_Items_5.lsx	Public\Shared\Assets\Textures\Icons\Icons_Items_5.dds	640	192	63	63
Generated_ARM_Camp_Rich_B_Purple	Icons_Items_5.lsx	Public\Shared\Assets\Textures\Icons\Icons_Items_5.dds	768	192	63	63
Generated_ARM_Camp_Rich_C	Icons_Items_5.lsx	Public\Shared\Assets\Textures\Icons\Icons_Items_5.dds	576	192	63	63
Generated_ARM_Camp_Rich_C_Blue	Icons_Items_5.lsx	Public\Shared\Assets\Textures\Icons\Icons_Items_5.dds	512	192	63	63
Generated_ARM_Camp_Rich_C_Red	Icons_Items_5.lsx	Public\Shared\Assets\Textures\Icons\Icons_Items_5.dds	448	192	63	63
Generated_ARM_Camp_Rich_D	Icons_Items_5.lsx	Public\Shared\Assets\Textures\Icons\Icons_Items_5.dds	384	192	63	63
Generated_ARM_Camp_Rich_D_Blue	Icons_Items_5.lsx	Public\Shared\Assets\Textures\Icons\Icons_Items_5.dds	320	192	63	63
Generated_ARM_Camp_Rich_D_Green	Icons_Items_5.lsx	Public\Shared\Assets\Textures\Icons\Icons_Items_5.dds	256	192	63	63
Generated_ARM_Camp_Rich_D_Purple	Icons_Items_5.lsx	Public\Shared\Assets\Textures\Icons\Icons_Items_5.dds	192	192	63	63
Generated_ARM_Camp_Rich_D_White	Icons_Items_5.lsx	Public\Shared\Assets\Textures\Icons\Icons_Items_5.dds	128	192	63	63
Generated_ARM_Camp_Rich_E	Icons_Items_5.lsx	Public\Shared\Assets\Textures\Icons\Icons_Items_5.dds	64	192	63	63
Generated_ARM_Camp_Rich_E_GreenPink	Icons_Items_5.lsx	Public\Shared\Assets\Textures\Icons\Icons_Items_5.dds	0	192	63	63
Generated_ARM_Camp_Rich_E_Teal	Icons_Items_5.lsx	Public\Shared\Assets\Textures\Icons\Icons_Items_5.dds	960	128	63	63
Generated_ARM_Camp_Rich_F	Icons_Items_5.lsx	Public\Shared\Assets\Textures\Icons\Icons_Items_5.dds	896	128	63	63
Generated_ARM_Camp_Rich_F_Blue	Icons_Items_5.lsx	Public\Shared\Assets\Textures\Icons\Icons_Items_5.dds	832	128	63	63
Generated_ARM_Camp_Rich_G	Icons_Items_5.lsx	Public\Shared\Assets\Textures\Icons\Icons_Items_5.dds	768	128	63	63
Generated_ARM_Camp_Rich_G2	Icons_Items_5.lsx	Public\Shared\Assets\Textures\Icons\Icons_Items_5.dds	448	128	63	63
Generated_ARM_Camp_Rich_G2_Blue	Icons_Items_5.lsx	Public\Shared\Assets\Textures\Icons\Icons_Items_5.dds	384	128	63	63
Generated_ARM_Camp_Rich_G2_Green	Icons_Items_5.lsx	Public\Shared\Assets\Textures\Icons\Icons_Items_5.dds	320	128	63	63
Generated_ARM_Camp_Rich_G2_Purple	Icons_Items_5.lsx	Public\Shared\Assets\Textures\Icons\Icons_Items_5.dds	256	128	63	63
Generated_ARM_Camp_Rich_G2_White	Icons_Items_5.lsx	Public\Shared\Assets\Textures\Icons\Icons_Items_5.dds	192	128	63	63
Generated_ARM_Camp_Rich_G_Black	Icons_Items_5.lsx	Public\Shared\Assets\Textures\Icons\Icons_Items_5.dds	704	128	63	63
Generated_ARM_Camp_Rich_G_Bright	Icons_Items_5.lsx	Public\Shared\Assets\Textures\Icons\Icons_Items_5.dds	640	128	63	63
Generated_ARM_Camp_Rich_G_Brown	Icons_Items_5.lsx	Public\Shared\Assets\Textures\Icons\Icons_Items_5.dds	576	128	63	63
Generated_ARM_Camp_Rich_G_Red	Icons_Items_5.lsx	Public\Shared\Assets\Textures\Icons\Icons_Items_5.dds	512	128	63	63
Generated_ARM_Camp_Shirt_A_Blue	Icons_Items_5.lsx	Public\Shared\Assets\Textures\Icons\Icons_Items_5.dds	128	128	63	63
Generated_ARM_Camp_Shirt_B_Red	Icons_Items_5.lsx	Public\Shared\Assets\Textures\Icons\Icons_Items_5.dds	64	128	63	63
Generated_ARM_Camp_Shirt_C_Purple	Icons_Items_5.lsx	Public\Shared\Assets\Textures\Icons\Icons_Items_5.dds	0	128	63	63
Generated_ARM_Camp_Shirt_D_Green	Icons_Items_5.lsx	Public\Shared\Assets\Textures\Icons\Icons_Items_5.dds	960	64	63	63
Generated_ARM_Camp_Shirt_E_Black	Icons_Items_5.lsx	Public\Shared\Assets\Textures\Icons\Icons_Items_5.dds	896	64	63	63
Generated_ARM_Camp_Shoes	Icons_Items_5.lsx	Public\Shared\Assets\Textures\Icons\Icons_Items_5.dds	832	64	63	63
Generated_ARM_Camp_Shoes_Astarion	Icons_Items_5.lsx	Public\Shared\Assets\Textures\Icons\Icons_Items_5.dds	768	64	63	63
Generated_ARM_Camp_Shoes_B	Icons_Items_5.lsx	Public\Shared\Assets\Textures\Icons\Icons_Items_5.dds	704	64	63	63
Generated_ARM_Camp_Shoes_C	Icons_Items_5.lsx	Public\Shared\Assets\Textures\Icons\Icons_Items_5.dds	640	64	63	63
Generated_ARM_Camp_Shoes_Gale	Icons_Items_5.lsx	Public\Shared\Assets\Textures\Icons\Icons_Items_5.dds	576	64	63	63
Generated_ARM_Camp_Shoes_Halsin	Icons_Items_5.lsx	Public\Shared\Assets\Textures\Icons\Icons_Items_5.dds	512	64	63	63
Generated_ARM_Camp_Shoes_Jaheira	Icons_Items_5.lsx	Public\Shared\Assets\Textures\Icons\Icons_Items_5.dds	448	64	63	63
Generated_ARM_Camp_Shoes_Karlach	Icons_Items_5.lsx	Public\Shared\Assets\Textures\Icons\Icons_Items_5.dds	384	64	63	63
Generated_ARM_Camp_Shoes_Laezel	Icons_Items_5.lsx	Public\Shared\Assets\Textures\Icons\Icons_Items_5.dds	320	64	63	63
Generated_ARM_Camp_Shoes_Minsc	Icons_Items_5.lsx	Public\Shared\Assets\Textures\Icons\Icons_Items_5.dds	256	64	63	63
Generated_ARM_Camp_Shoes_Minthara	Icons_Items_5.lsx	Public\Shared\Assets\Textures\Icons\Icons_Items_5.dds	192	64	63	63
Generated_ARM_Camp_Shoes_Shadowheart	Icons_Items_5.lsx	Public\Shared\Assets\Textures\Icons\Icons_Items_5.dds	128	64	63	63
Generated_ARM_Camp_Shoes_Wyll	Icons_Items_5.lsx	Public\Shared\Assets\Textures\Icons\Icons_Items_5.dds	64	64	63	63
Generated_ARM_ChainMail	Icons_Items_5.lsx	Public\Shared\Assets\Textures\Icons\Icons_Items_5.dds	0	64	63	63
Generated_ARM_ChainMail_2_Magic	Icons_Items_5.lsx	Public\Shared\Assets\Textures\Icons\Icons_Items_5.dds	960	0	63	63
Generated_ARM_Civilian_Body	Icons_Items_5.lsx	Public\Shared\Assets\Textures\Icons\Icons_Items_5.dds	896	0	63	63
Generated_ARM_Cloak	Icons_Items_5.lsx	Public\Shared\Assets\Textures\Icons\Icons_Items_5.dds	832	0	63	63
Generated_ARM_Cloak_Long_B	Icons_Items_5.lsx	Public\Shared\Assets\Textures\Icons\Icons_Items_5.dds	768	0	63	63
Generated_ARM_Cloak_Long_B_Magic	Icons_Items_5.lsx	Public\Shared\Assets\Textures\Icons\Icons_Items_5.dds	704	0	63	63
Generated_ARM_Cloak_Long_C	Icons_Items_5.lsx	Public\Shared\Assets\Textures\Icons\Icons_Items_5.dds	640	0	63	63
Generated_ARM_Cloak_Long_C_1	Icons_Items_5.lsx	Public\Shared\Assets\Textures\Icons\Icons_Items_5.dds	576	0	63	63
Generated_ARM_Cloak_Long_C_1_Magic	Icons_Items_5.lsx	Public\Shared\Assets\Textures\Icons\Icons_Items_5.dds	512	0	63	63
Generated_ARM_Cloak_Long_C_Magic	Icons_Items_5.lsx	Public\Shared\Assets\Textures\Icons\Icons_Items_5.dds	448	0	63	63
Generated_ARM_Cloak_Long_D	Icons_Items_5.lsx	Public\Shared\Assets\Textures\Icons\Icons_Items_5.dds	384	0	63	63
Generated_ARM_Cloak_Long_D_Magic	Icons_Items_5.lsx	Public\Shared\Assets\Textures\Icons\Icons_Items_5.dds	320	0	63	63
Generated_ARM_Cloth_A_1_Magic	Icons_Items_5.lsx	Public\Shared\Assets\Textures\Icons\Icons_Items_5.dds	256	0	63	63
Generated_ARM_Cloth_A_2_Magic	Icons_Items_5.lsx	Public\Shared\Assets\Textures\Icons\Icons_Items_5.dds	192	0	63	63
Generated_ARM_Cult_Absolute_Headwear_A	Icons_Items_5.lsx	Public\Shared\Assets\Textures\Icons\Icons_Items_5.dds	128	0	63	63
Generated_ARM_Gloves_Cloth_A_1_Magic	Icons_Items_5.lsx	Public\Shared\Assets\Textures\Icons\Icons_Items_5.dds	640	640	63	63
Generated_ARM_Gloves_Cloth_A_2_Magic	Icons_Items_5.lsx	Public\Shared\Assets\Textures\Icons\Icons_Items_5.dds	576	640	63	63
Generated_ARM_Gloves_Leather_Shar	Icons_Items_5.lsx	Public\Shared\Assets\Textures\Icons\Icons_Items_5.dds	512	640	63	63
Generated_ARM_Gloves_Metal_F_Magic	Icons_Items_5.lsx	Public\Shared\Assets\Textures\Icons\Icons_Items_5.dds	448	640	63	63
Generated_ARM_Gloves_Umberlee_Magic	Icons_Items_5.lsx	Public\Shared\Assets\Textures\Icons\Icons_Items_5.dds	384	640	63	63
Generated_ARM_Gortash_A_Magic	Icons_Items_5.lsx	Public\Shared\Assets\Textures\Icons\Icons_Items_5.dds	320	640	63	63
Generated_ARM_HalfPlate_2_Magic	Icons_Items_5.lsx	Public\Shared\Assets\Textures\Icons\Icons_Items_5.dds	256	640	63	63
Generated_ARM_HalfPlate_EndGame_Magic	Icons_Items_5.lsx	Public\Shared\Assets\Textures\Icons\Icons_Items_5.dds	192	640	63	63
Generated_ARM_HalfPlate_Githyanki_B	Icons_Items_5.lsx	Public\Shared\Assets\Textures\Icons\Icons_Items_5.dds	128	640	63	63
Generated_ARM_HalfPlate_Githyanki_C	Icons_Items_5.lsx	Public\Shared\Assets\Textures\Icons\Icons_Items_5.dds	64	640	63	63
Generated_ARM_HalfPlate_Leather_A_Githyanki	Icons_Items_5.lsx	Public\Shared\Assets\Textures\Icons\Icons_Items_5.dds	0	640	63	63
Generated_ARM_HalfPlate_Leather_B_Githyanki	Icons_Items_5.lsx	Public\Shared\Assets\Textures\Icons\Icons_Items_5.dds	960	576	63	63
Generated_ARM_Hat_B	Icons_Items_5.lsx	Public\Shared\Assets\Textures\Icons\Icons_Items_5.dds	896	576	63	63
Generated_ARM_Hat_B_Magic	Icons_Items_5.lsx	Public\Shared\Assets\Textures\Icons\Icons_Items_5.dds	832	576	63	63
Generated_ARM_Hat_C	Icons_Items_5.lsx	Public\Shared\Assets\Textures\Icons\Icons_Items_5.dds	768	576	63	63
Generated_ARM_Hat_C_Magic	Icons_Items_5.lsx	Public\Shared\Assets\Textures\Icons\Icons_Items_5.dds	704	576	63	63
Generated_ARM_Hat_Leather_A	Icons_Items_5.lsx	Public\Shared\Assets\Textures\Icons\Icons_Items_5.dds	640	576	63	63
Generated_ARM_Hat_Leather_A_Magic	Icons_Items_5.lsx	Public\Shared\Assets\Textures\Icons\Icons_Items_5.dds	576	576	63	63
Generated_ARM_Hat_Wizard_A	Icons_Items_5.lsx	Public\Shared\Assets\Textures\Icons\Icons_Items_5.dds	512	576	63	63
Generated_ARM_Hat_Wizard_A_Magic	Icons_Items_5.lsx	Public\Shared\Assets\Textures\Icons\Icons_Items_5.dds	448	576	63	63
Generated_ARM_Hat_Wizard_B	Icons_Items_5.lsx	Public\Shared\Assets\Textures\Icons\Icons_Items_5.dds	384	576	63	63
Generated_ARM_Hat_Wizard_B_Magic	Icons_Items_5.lsx	Public\Shared\Assets\Textures\Icons\Icons_Items_5.dds	320	576	63	63
Generated_ARM_Hat_Wizard_C	Icons_Items_5.lsx	Public\Shared\Assets\Textures\Icons\Icons_Items_5.dds	256	576	63	63
Generated_ARM_Hat_Wizard_C_Magic	Icons_Items_5.lsx	Public\Shared\Assets\Textures\Icons\Icons_Items_5.dds	192	576	63	63
Generated_ARM_Hat_Wizard_D	Icons_Items_5.lsx	Public\Shared\Assets\Textures\Icons\Icons_Items_5.dds	128	576	63	63
Generated_ARM_Hat_Wizard_D_Magic	Icons_Items_5.lsx	Public\Shared\Assets\Textures\Icons\Icons_Items_5.dds	64	576	63	63
Generated_ARM_Hat_Wizard_E	Icons_Items_5.lsx	Public\Shared\Assets\Textures\Icons\Icons_Items_5.dds	0	576	63	63
Generated_ARM_Hat_Wizard_E_Magic	Icons_Items_5.lsx	Public\Shared\Assets\Textures\Icons\Icons_Items_5.dds	960	512	63	63
Generated_ARM_Hat_Wizard_F	Icons_Items_5.lsx	Public\Shared\Assets\Textures\Icons\Icons_Items_5.dds	896	512	63	63
Generated_ARM_Hat_Wizard_F_Magic	Icons_Items_5.lsx	Public\Shared\Assets\Textures\Icons\Icons_Items_5.dds	832	512	63	63
Generated_ARM_Hat_Wizard_G	Icons_Items_5.lsx	Public\Shared\Assets\Textures\Icons\Icons_Items_5.dds	768	512	63	63
Generated_ARM_Hat_Wizard_G_Magic	Icons_Items_5.lsx	Public\Shared\Assets\Textures\Icons\Icons_Items_5.dds	704	512	63	63
Generated_ARM_Hat_Wizard_H	Icons_Items_5.lsx	Public\Shared\Assets\Textures\Icons\Icons_Items_5.dds	640	512	63	63
Generated_ARM_Hat_Wizard_H_Magic	Icons_Items_5.lsx	Public\Shared\Assets\Textures\Icons\Icons_Items_5.dds	576	512	63	63
Generated_ARM_Headwear_Cloth_A_1_Magic	Icons_Items_5.lsx	Public\Shared\Assets\Textures\Icons\Icons_Items_5.dds	512	512	63	63
Generated_ARM_Headwear_Cloth_A_2_Magic	Icons_Items_5.lsx	Public\Shared\Assets\Textures\Icons\Icons_Items_5.dds	448	512	63	63
Generated_ARM_Padded_BGWatch	Icons_Items_5.lsx	Public\Shared\Assets\Textures\Icons\Icons_Items_5.dds	384	512	63	63
Generated_ARM_Plate_1_Oathbreaker_Magic	Icons_Items_5.lsx	Public\Shared\Assets\Textures\Icons\Icons_Items_5.dds	320	512	63	63
Generated_ARM_Plate_2_Magic	Icons_Items_5.lsx	Public\Shared\Assets\Textures\Icons\Icons_Items_5.dds	256	512	63	63
Generated_ARM_Robe_CultOfAbsolute	Icons_Items_5.lsx	Public\Shared\Assets\Textures\Icons\Icons_Items_5.dds	192	512	63	63
Generated_ARM_Robe_CultOfAbsolute_Magic	Icons_Items_5.lsx	Public\Shared\Assets\Textures\Icons\Icons_Items_5.dds	128	512	63	63
Generated_ARM_Robe_E	Icons_Items_5.lsx	Public\Shared\Assets\Textures\Icons\Icons_Items_5.dds	64	512	63	63
Generated_ARM_Robe_E_Magic	Icons_Items_5.lsx	Public\Shared\Assets\Textures\Icons\Icons_Items_5.dds	0	512	63	63
Generated_ARM_Robe_FlamingFist	Icons_Items_5.lsx	Public\Shared\Assets\Textures\Icons\Icons_Items_5.dds	960	448	63	63
Generated_ARM_Robe_Selunite	Icons_Items_5.lsx	Public\Shared\Assets\Textures\Icons\Icons_Items_5.dds	896	448	63	63
Generated_ARM_Robe_Selunite_Magic	Icons_Items_5.lsx	Public\Shared\Assets\Textures\Icons\Icons_Items_5.dds	832	448	63	63
Generated_ARM_ScaleMail_1_Magic	Icons_Items_5.lsx	Public\Shared\Assets\Textures\Icons\Icons_Items_5.dds	768	448	63	63
Generated_ARM_ScaleMail_2_Magic	Icons_Items_5.lsx	Public\Shared\Assets\Textures\Icons\Icons_Items_5.dds	704	448	63	63
Generated_ARM_Splint_2_Magic	Icons_Items_5.lsx	Public\Shared\Assets\Textures\Icons\Icons_Items_5.dds	640	448	63	63
Generated_ARM_StuddedLeather_2_Magic	Icons_Items_5.lsx	Public\Shared\Assets\Textures\Icons\Icons_Items_5.dds	576	448	63	63
Generated_ARM_StuddedLeather_CultOfAbsolute	Icons_Items_5.lsx	Public\Shared\Assets\Textures\Icons\Icons_Items_5.dds	512	448	63	63
Generated_ARM_StuddedLeather_CultOfAbsolute_Magic	Icons_Items_5.lsx	Public\Shared\Assets\Textures\Icons\Icons_Items_5.dds	448	448	63	63
Generated_ARM_Vanity_Circus_Body_A	Icons_Items_5.lsx	Public\Shared\Assets\Textures\Icons\Icons_Items_5.dds	384	448	63	63
Generated_ARM_Vanity_Circus_Body_B	Icons_Items_5.lsx	Public\Shared\Assets\Textures\Icons\Icons_Items_5.dds	320	448	63	63
Generated_ARM_Vanity_Circus_Shoes_A	Icons_Items_5.lsx	Public\Shared\Assets\Textures\Icons\Icons_Items_5.dds	256	448	63	63
Generated_ARM_Vanity_Prison	Icons_Items_5.lsx	Public\Shared\Assets\Textures\Icons\Icons_Items_5.dds	192	448	63	63
Generated_ARM_Vanity_Prison_EternalDebtors	Icons_Items_5.lsx	Public\Shared\Assets\Textures\Icons\Icons_Items_5.dds	128	448	63	63
Generated_MAG_Acid_AcidMeleeCounter_Cloak_Magic	Icons_Items_5.lsx	Public\Shared\Assets\Textures\Icons\Icons_Items_5.dds	768	768	63	63
Generated_MAG_Acrobat_Shoes_Magic	Icons_Items_5.lsx	Public\Shared\Assets\Textures\Icons\Icons_Items_5.dds	704	768	63	63
Generated_MAG_BG_Gargoyle_Boots_Magic	Icons_Items_5.lsx	Public\Shared\Assets\Textures\Icons\Icons_Items_5.dds	576	768	63	63
Generated_MAG_BG_Wondrous_Gloves_Magic	Icons_Items_5.lsx	Public\Shared\Assets\Textures\Icons\Icons_Items_5.dds	512	768	63	63
Generated_MAG_Banites_Gloves_Magic	Icons_Items_5.lsx	Public\Shared\Assets\Textures\Icons\Icons_Items_5.dds	640	768	63	63
Generated_MAG_Bhaalist_Armor_Magic	Icons_Items_5.lsx	Public\Shared\Assets\Textures\Icons\Icons_Items_5.dds	448	768	63	63
Generated_MAG_Bhaalist_Hat_Magic	Icons_Items_5.lsx	Public\Shared\Assets\Textures\Icons\Icons_Items_5.dds	384	768	63	63
Generated_MAG_CQCaster_ArcaneChargeAfterDash_Boots_Magic	Icons_Items_5.lsx	Public\Shared\Assets\Textures\Icons\Icons_Items_5.dds	256	768	63	63
Generated_MAG_CQCaster_GainArcaneChargeOnDamaged_Robe_Magic	Icons_Items_5.lsx	Public\Shared\Assets\Textures\Icons\Icons_Items_5.dds	192	768	63	63
Generated_MAG_CQCaster_TempHPAfterCast_Cloak_Magic	Icons_Items_5.lsx	Public\Shared\Assets\Textures\Icons\Icons_Items_5.dds	128	768	63	63
Generated_MAG_CharismaCaster_Robe_Magic	Icons_Items_5.lsx	Public\Shared\Assets\Textures\Icons\Icons_Items_5.dds	320	768	63	63
Generated_MAG_Critical_CriticalSwiftness_Boots_Magic	Icons_Items_5.lsx	Public\Shared\Assets\Textures\Icons\Icons_Items_5.dds	64	768	63	63
Generated_MAG_Druid_Magic_Leather_Armor	Icons_Items_5.lsx	Public\Shared\Assets\Textures\Icons\Icons_Items_5.dds	0	768	63	63
Generated_MAG_Druid_Magic_Leather_Armor_Magic	Icons_Items_5.lsx	Public\Shared\Assets\Textures\Icons\Icons_Items_5.dds	960	704	63	63
Generated_MAG_ElementalGish_AbsorbElements_Cloak_Magic	Icons_Items_5.lsx	Public\Shared\Assets\Textures\Icons\Icons_Items_5.dds	896	704	63	63
Generated_MAG_EndGameCaster_Cape_A_Magic	Icons_Items_5.lsx	Public\Shared\Assets\Textures\Icons\Icons_Items_5.dds	640	704	63	63
Generated_MAG_EndGameCaster_Hood_Acc_A_Magic	Icons_Items_5.lsx	Public\Shared\Assets\Textures\Icons\Icons_Items_5.dds	576	704	63	63
Generated_MAG_EndGameCaster_Robe_A_Magic	Icons_Items_5.lsx	Public\Shared\Assets\Textures\Icons\Icons_Items_5.dds	512	704	63	63
Generated_MAG_EndGame_Metal_Boots_Magic	Icons_Items_5.lsx	Public\Shared\Assets\Textures\Icons\Icons_Items_5.dds	832	704	63	63
Generated_MAG_EndGame_Plate_Armor_Magic	Icons_Items_5.lsx	Public\Shared\Assets\Textures\Icons\Icons_Items_5.dds	768	704	63	63
Generated_MAG_EndGame_StuddedLeather_Armor_Magic	Icons_Items_5.lsx	Public\Shared\Assets\Textures\Icons\Icons_Items_5.dds	704	704	63	63
Generated_MAG_Frost_GenerateFrostOnDamage_Robe_Magic	Icons_Items_5.lsx	Public\Shared\Assets\Textures\Icons\Icons_Items_5.dds	448	704	63	63
Generated_MAG_Frost_IceSurfaceProneImmunity_Boots_Magic	Icons_Items_5.lsx	Public\Shared\Assets\Textures\Icons\Icons_Items_5.dds	384	704	63	63
Generated_MAG_Githborn_MagicEating_HalfPlate_Magic	Icons_Items_5.lsx	Public\Shared\Assets\Textures\Icons\Icons_Items_5.dds	320	704	63	63
Generated_MAG_Gortash_Boots_Magic	Icons_Items_5.lsx	Public\Shared\Assets\Textures\Icons\Icons_Items_5.dds	256	704	63	63
Generated_MAG_Healer_TempHPOnHeal_Boots_Magic	Icons_Items_5.lsx	Public\Shared\Assets\Textures\Icons\Icons_Items_5.dds	192	704	63	63
Generated_MAG_Heat_Fire_Robe_Magic	Icons_Items_5.lsx	Public\Shared\Assets\Textures\Icons\Icons_Items_5.dds	128	704	63	63
Generated_MAG_Illithid_Carapace_Armor_Magic	Icons_Items_5.lsx	Public\Shared\Assets\Textures\Icons\Icons_Items_5.dds	64	704	63	63
Generated_MAG_LC_Lorroakan_Robe_Magic	Icons_Items_5.lsx	Public\Shared\Assets\Textures\Icons\Icons_Items_5.dds	0	704	63	63
Generated_MAG_LC_Nymph_Cloak_Magic	Icons_Items_5.lsx	Public\Shared\Assets\Textures\Icons\Icons_Items_5.dds	960	640	63	63
Generated_MAG_LC_Umberlee_Protection_Cape_Magic	Icons_Items_5.lsx	Public\Shared\Assets\Textures\Icons\Icons_Items_5.dds	896	640	63	63
Generated_MAG_LC_Umberlee_Regeneration_Boots_Magic	Icons_Items_5.lsx	Public\Shared\Assets\Textures\Icons\Icons_Items_5.dds	832	640	63	63
Generated_MAG_Lesser_Infernal_Plate_Armor_Magic	Icons_Items_5.lsx	Public\Shared\Assets\Textures\Icons\Icons_Items_5.dds	768	640	63	63
Generated_MAG_Long_Critical_HidingCritical_Cloak_Magic	Icons_Items_5.lsx	Public\Shared\Assets\Textures\Icons\Icons_Items_5.dds	704	640	63	63
Generated_MAG_Monk_Cold_Gloves_Magic	Icons_Items_5.lsx	Public\Shared\Assets\Textures\Icons\Icons_Items_5.dds	640	896	63	63
Generated_MAG_Monk_Fire_Gloves_Magic	Icons_Items_5.lsx	Public\Shared\Assets\Textures\Icons\Icons_Items_5.dds	576	896	63	63
Generated_MAG_Monk_Lightning_Gloves_Magic	Icons_Items_5.lsx	Public\Shared\Assets\Textures\Icons\Icons_Items_5.dds	512	896	63	63
Generated_MAG_Monk_Magic_Armor_Magic	Icons_Items_5.lsx	Public\Shared\Assets\Textures\Icons\Icons_Items_5.dds	448	896	63	63
Generated_MAG_Monk_Magic_Boots_Magic	Icons_Items_5.lsx	Public\Shared\Assets\Textures\Icons\Icons_Items_5.dds	384	896	63	63
Generated_MAG_Monk_Magic_Hat_Magic	Icons_Items_5.lsx	Public\Shared\Assets\Textures\Icons\Icons_Items_5.dds	320	896	63	63
Generated_MAG_Monk_Thunder_Gloves_Magic	Icons_Items_5.lsx	Public\Shared\Assets\Textures\Icons\Icons_Items_5.dds	256	896	63	63
Generated_MAG_Myrkulites_CircletOfMyrkul_Circlet_Magic	Icons_Items_5.lsx	Public\Shared\Assets\Textures\Icons\Icons_Items_5.dds	192	896	63	63
Generated_MAG_OfArcanicDefense_Robe_Magic	Icons_Items_5.lsx	Public\Shared\Assets\Textures\Icons\Icons_Items_5.dds	128	896	63	63
Generated_MAG_OfSpellResistance_Robe_Magic	Icons_Items_5.lsx	Public\Shared\Assets\Textures\Icons\Icons_Items_5.dds	64	896	63	63
Generated_MAG_OpenHand_Radiant_Gloves_Magic	Icons_Items_5.lsx	Public\Shared\Assets\Textures\Icons\Icons_Items_5.dds	0	896	63	63
Generated_MAG_PHB_CloakOfDisplacement_Cloak_Magic	Icons_Items_5.lsx	Public\Shared\Assets\Textures\Icons\Icons_Items_5.dds	896	832	63	63
Generated_MAG_PHB_CloakOfProtection_Cloak_Magic	Icons_Items_5.lsx	Public\Shared\Assets\Textures\Icons\Icons_Items_5.dds	832	832	63	63
Generated_MAG_PHB_ElvenChain_Armor_Magic	Icons_Items_5.lsx	Public\Shared\Assets\Textures\Icons\Icons_Items_5.dds	768	832	63	63
Generated_MAG_PHB_OfThievery_Gloves_Magic	Icons_Items_5.lsx	Public\Shared\Assets\Textures\Icons\Icons_Items_5.dds	704	832	63	63
Generated_MAG_Paladin_RestoreChannelDivinity_Armor_Magic	Icons_Items_5.lsx	Public\Shared\Assets\Textures\Icons\Icons_Items_5.dds	960	832	63	63
Generated_MAG_Poison_InflictPoisonHealSelf_Cloak_Magic	Icons_Items_5.lsx	Public\Shared\Assets\Textures\Icons\Icons_Items_5.dds	640	832	63	63
Generated_MAG_Projectile_Shoes_Magic	Icons_Items_5.lsx	Public\Shared\Assets\Textures\Icons\Icons_Items_5.dds	576	832	63	63
Generated_MAG_Psychic_MentalFatigue_Cape_Magic	Icons_Items_5.lsx	Public\Shared\Assets\Textures\Icons\Icons_Items_5.dds	512	832	63	63
Generated_MAG_Robe_Shar_Magic	Icons_Items_5.lsx	Public\Shared\Assets\Textures\Icons\Icons_Items_5.dds	448	832	63	63
Generated_MAG_Shadow_FogOfCloudDisengage_Cloak_Magic	Icons_Items_5.lsx	Public\Shared\Assets\Textures\Icons\Icons_Items_5.dds	384	832	63	63
Generated_MAG_Shadow_Shadowstep_Boots_Magic	Icons_Items_5.lsx	Public\Shared\Assets\Textures\Icons\Icons_Items_5.dds	320	832	63	63
Generated_MAG_Short_Critical_HidingCritical_Cloak_Magic	Icons_Items_5.lsx	Public\Shared\Assets\Textures\Icons\Icons_Items_5.dds	256	832	63	63
Generated_MAG_TerrainWalkers_Boots_Magic	Icons_Items_5.lsx	Public\Shared\Assets\Textures\Icons\Icons_Items_5.dds	192	832	63	63
Generated_MAG_Thunder_InflictDazeOnReverberatedCreature_Cloak_Magic	Icons_Items_5.lsx	Public\Shared\Assets\Textures\Icons\Icons_Items_5.dds	128	832	63	63
Generated_MAG_Thunder_ReverberationOnStatusApply_Boots_Magic	Icons_Items_5.lsx	Public\Shared\Assets\Textures\Icons\Icons_Items_5.dds	64	832	63	63
Generated_MAG_Toll_Collector_Cloak_Magic	Icons_Items_5.lsx	Public\Shared\Assets\Textures\Icons\Icons_Items_5.dds	0	832	63	63
Generated_MAG_Umberlee_Robe_A_Magic	Icons_Items_5.lsx	Public\Shared\Assets\Textures\Icons\Icons_Items_5.dds	960	768	63	63
Generated_MAG_WYRM_OfBalduran_Helmet_Magic	Icons_Items_5.lsx	Public\Shared\Assets\Textures\Icons\Icons_Items_5.dds	896	768	63	63
Generated_MAG_Zhentarim_CloakOfDisguise_Cloak_Magic	Icons_Items_5.lsx	Public\Shared\Assets\Textures\Icons\Icons_Items_5.dds	832	768	63	63
Generated_ORI_Wyll_Infernal_Robe_Magic	Icons_Items_5.lsx	Public\Shared\Assets\Textures\Icons\Icons_Items_5.dds	960	896	63	63
Generated_Underwear_Dragonborn_A	Icons_Items_5.lsx	Public\Shared\Assets\Textures\Icons\Icons_Items_5.dds	896	896	63	63
Generated_Underwear_Halflings_A	Icons_Items_5.lsx	Public\Shared\Assets\Textures\Icons\Icons_Items_5.dds	832	896	63	63
Generated_Underwear_Incubus-	Icons_Items_5.lsx	Public\Shared\Assets\Textures\Icons\Icons_Items_5.dds	768	896	63	63
Generated_Underwear_Incubus_B	Icons_Items_5.lsx	Public\Shared\Assets\Textures\Icons\Icons_Items_5.dds	704	896	63	63
Item_ALCH_Extract_AcornTruffle_2	Icons_Items_5.lsx	Public\Shared\Assets\Textures\Icons\Icons_Items_5.dds	384	960	63	63
Item_ALCH_Extract_BeholderEye_2	Icons_Items_5.lsx	Public\Shared\Assets\Textures\Icons\Icons_Items_5.dds	320	960	63	63
Item_ALCH_Extract_DivineBoneShard_A_2	Icons_Items_5.lsx	Public\Shared\Assets\Textures\Icons\Icons_Items_5.dds	256	960	63	63
Item_ALCH_Extract_FlailSnail_ShellShard_2	Icons_Items_5.lsx	Public\Shared\Assets\Textures\Icons\Icons_Items_5.dds	192	960	63	63
Item_ALCH_Extract_GremishkaTail_3	Icons_Items_5.lsx	Public\Shared\Assets\Textures\Icons\Icons_Items_5.dds	128	960	63	63
Item_ALCH_Extract_HellBoar_Tusk_2	Icons_Items_5.lsx	Public\Shared\Assets\Textures\Icons\Icons_Items_5.dds	64	960	63	63
Item_ALCH_Extract_MyconidSpore_Confusion_2	Icons_Items_5.lsx	Public\Shared\Assets\Textures\Icons\Icons_Items_5.dds	0	960	63	63
Item_BOOK_SignedTradeVisa	Icons_Items_5.lsx	Public\Shared\Assets\Textures\Icons\Icons_Items_5.dds	704	960	63	63
Item_CONS_Drink_Bottle_Wine_Empty	Icons_Items_5.lsx	Public\Shared\Assets\Textures\Icons\Icons_Items_5.dds	832	960	63	63
Item_CONT_GEN_Box_Fireworks_A	Icons_Items_5.lsx	Public\Shared\Assets\Textures\Icons\Icons_Items_5.dds	512	960	63	63
Item_CONT_GEN_Pouch_Leather_Old_A	Icons_Items_5.lsx	Public\Shared\Assets\Textures\Icons\Icons_Items_5.dds	768	960	63	63
Item_DEC_GEN_Magic_Circle_A	Icons_Items_5.lsx	Public\Shared\Assets\Textures\Icons\Icons_Items_5.dds	448	960	63	63
Item_DEC_MF_Netherbrain_Crown_Regalia_A	Icons_Items_5.lsx	Public\Shared\Assets\Textures\Icons\Icons_Items_5.dds	0	0	63	63
Item_GEN_CONS_Raspberry	Icons_Items_5.lsx	Public\Shared\Assets\Textures\Icons\Icons_Items_5.dds	64	0	63	63
Item_UNI_ARM_Sarevok_Armor	Icons_Items_5.lsx	Public\Shared\Assets\Textures\Icons\Icons_Items_5.dds	960	960	63	63
Item_UNI_AuntieEthelsCharm	Icons_Items_5.lsx	Public\Shared\Assets\Textures\Icons\Icons_Items_5.dds	896	960	63	63
Item_UNI_LOW_BaldursMouth_ArticleBlock	Icons_Items_5.lsx	Public\Shared\Assets\Textures\Icons\Icons_Items_5.dds	640	960	63	63
Item_WPN_WATCHER_Crossbow	Icons_Items_5.lsx	Public\Shared\Assets\Textures\Icons\Icons_Items_5.dds	576	960	63	63
Generated_ARM_Hat_MuffinHat_A	Icons_Items_6.lsx	Public\Shared\Assets\Textures\Icons\Icons_Items_6.dds	0	0	63	63
Generated_ARM_Hat_MuffinHat_B	Icons_Items_6.lsx	Public\Shared\Assets\Textures\Icons\Icons_Items_6.dds	64	0	63	63
Generated_ARM_Jester_Hat	Icons_Items_6.lsx	Public\Shared\Assets\Textures\Icons\Icons_Items_6.dds	128	0	63	63
Generated_MAG_BarbMonk_Leather_Circlet_Magic	Icons_Items_6.lsx	Public\Shared\Assets\Textures\Icons\Icons_Items_6.dds	192	0	63	63
Generated_MAG_CQCaster_SpellDCBonusWhileThreatened_Circlet_Magic	Icons_Items_6.lsx	Public\Shared\Assets\Textures\Icons\Icons_Items_6.dds	256	0	63	63
Generated_MAG_DarkJusticiar_HalfPlate_Magic	Icons_Items_6.lsx	Public\Shared\Assets\Textures\Icons\Icons_Items_6.dds	320	0	63	63
Generated_MAG_Drunken_Cloth_Magic	Icons_Items_6.lsx	Public\Shared\Assets\Textures\Icons\Icons_Items_6.dds	384	0	63	63
Generated_MAG_EndGameCaster_Hood_A_Magic	Icons_Items_6.lsx	Public\Shared\Assets\Textures\Icons\Icons_Items_6.dds	448	0	63	63
Generated_MAG_Fire_BurningOnDamaged_Cloak_Magic	Icons_Items_6.lsx	Public\Shared\Assets\Textures\Icons\Icons_Items_6.dds	512	0	63	63
Generated_MAG_Gish_ArcaneSynergy_Circlet_Magic	Icons_Items_6.lsx	Public\Shared\Assets\Textures\Icons\Icons_Items_6.dds	576	0	63	63
Generated_MAG_Hat_Barbarian_Hide_Magic	Icons_Items_6.lsx	Public\Shared\Assets\Textures\Icons\Icons_Items_6.dds	640	0	63	63
Generated_MAG_Helmet_Watcher_A_Magic	Icons_Items_6.lsx	Public\Shared\Assets\Textures\Icons\Icons_Items_6.dds	704	0	63	63
Generated_MAG_Illithid_Carapace_Boots	Icons_Items_6.lsx	Public\Shared\Assets\Textures\Icons\Icons_Items_6.dds	768	0	63	63
Generated_MAG_Infernal_Metal_Boots_Magic	Icons_Items_6.lsx	Public\Shared\Assets\Textures\Icons\Icons_Items_6.dds	832	0	63	63
Generated_MAG_MM_Sorcery_SeekingSpell_Gloves_Magic	Icons_Items_6.lsx	Public\Shared\Assets\Textures\Icons\Icons_Items_6.dds	896	0	63	63
Generated_MAG_Monk_Magic_Armor_1_Magic	Icons_Items_6.lsx	Public\Shared\Assets\Textures\Icons\Icons_Items_6.dds	960	0	63	63
Generated_MAG_OfArcanicAssault_Robe_Magic	Icons_Items_6.lsx	Public\Shared\Assets\Textures\Icons\Icons_Items_6.dds	0	64	63	63
Generated_MAG_Paladin_SmiteSpellsSupport_Helmet_Magic	Icons_Items_6.lsx	Public\Shared\Assets\Textures\Icons\Icons_Items_6.dds	64	64	63	63
Generated_MAG_Radiant_CrusaderMantle_Cloak_Magic	Icons_Items_6.lsx	Public\Shared\Assets\Textures\Icons\Icons_Items_6.dds	128	64	63	63
Generated_MAG_Shadow_SpellDCBonusWhileObscured_Circlet_Magic	Icons_Items_6.lsx	Public\Shared\Assets\Textures\Icons\Icons_Items_6.dds	192	64	63	63
Generated_MAG_Thunder_Reverberation_Gloves_Magic	Icons_Items_6.lsx	Public\Shared\Assets\Textures\Icons\Icons_Items_6.dds	256	64	63	63
Generated_MAG_WYRM_UndeadProtector_Robe_Magic	Icons_Items_6.lsx	Public\Shared\Assets\Textures\Icons\Icons_Items_6.dds	384	64	63	63
Generated_MAG_Warlock_Twinned_Gloves_Magic	Icons_Items_6.lsx	Public\Shared\Assets\Textures\Icons\Icons_Items_6.dds	320	64	63	63
Generated_MAG_ZOC_ForceConduit_ChainMail_Magic	Icons_Items_6.lsx	Public\Shared\Assets\Textures\Icons\Icons_Items_6.dds	448	64	63	63
Generated_UNI_ARM_Gloves_DevilsBlacksmith	Icons_Items_6.lsx	Public\Shared\Assets\Textures\Icons\Icons_Items_6.dds	640	64	63	63
Generated_UNI_ARM_Gloves_DevilsBlacksmith_Magic	Icons_Items_6.lsx	Public\Shared\Assets\Textures\Icons\Icons_Items_6.dds	704	64	63	63
Generated_UNI_ARM_OfArchery_Gloves_Magic	Icons_Items_6.lsx	Public\Shared\Assets\Textures\Icons\Icons_Items_6.dds	768	64	63	63
Generated_UNI_ARM_OfDefense_Gloves_Magic	Icons_Items_6.lsx	Public\Shared\Assets\Textures\Icons\Icons_Items_6.dds	832	64	63	63
Generated_UNI_ARM_OfMissileSnaring_Gloves_Magic	Icons_Items_6.lsx	Public\Shared\Assets\Textures\Icons\Icons_Items_6.dds	896	64	63	63
Generated_UNI_ARM_Sarevok_Armor_Magic	Icons_Items_6.lsx	Public\Shared\Assets\Textures\Icons\Icons_Items_6.dds	960	64	63	63
Generated_UNI_ARM_Sarevok_Horned_Helmet_Magic	Icons_Items_6.lsx	Public\Shared\Assets\Textures\Icons\Icons_Items_6.dds	0	128	63	63
Generated_UNI_ARM_ScaleMail_DevilsBlacksmith	Icons_Items_6.lsx	Public\Shared\Assets\Textures\Icons\Icons_Items_6.dds	64	128	63	63
Generated_UNI_ARM_ScaleMail_DevilsBlacksmith_Magic	Icons_Items_6.lsx	Public\Shared\Assets\Textures\Icons\Icons_Items_6.dds	128	128	63	63
Generated_UNI_Barbarian_Karlach	Icons_Items_6.lsx	Public\Shared\Assets\Textures\Icons\Icons_Items_6.dds	192	128	63	63
Generated_UNI_Camp_Refugee_EternalDebtors	Icons_Items_6.lsx	Public\Shared\Assets\Textures\Icons\Icons_Items_6.dds	256	128	63	63
Generated_UNI_Cloak_Daisy	Icons_Items_6.lsx	Public\Shared\Assets\Textures\Icons\Icons_Items_6.dds	320	128	63	63
Generated_UNI_DaisyDress	Icons_Items_6.lsx	Public\Shared\Assets\Textures\Icons\Icons_Items_6.dds	448	128	63	63
Generated_UNI_DaisyDress_White	Icons_Items_6.lsx	Public\Shared\Assets\Textures\Icons\Icons_Items_6.dds	512	128	63	63
Generated_UNI_Daisy_Plate	Icons_Items_6.lsx	Public\Shared\Assets\Textures\Icons\Icons_Items_6.dds	384	128	63	63
Generated_UNI_DarkUrge_Bhaal_Cloak_Magic	Icons_Items_6.lsx	Public\Shared\Assets\Textures\Icons\Icons_Items_6.dds	576	128	63	63
Generated_UNI_FOR_SpiderQueen_Robe_Magic	Icons_Items_6.lsx	Public\Shared\Assets\Textures\Icons\Icons_Items_6.dds	640	128	63	63
Generated_UNI_Ketheric_Cloak_Magic	Icons_Items_6.lsx	Public\Shared\Assets\Textures\Icons\Icons_Items_6.dds	704	128	63	63
Generated_UNI_LOW_Boots_DimensionalDoor_Magic	Icons_Items_6.lsx	Public\Shared\Assets\Textures\Icons\Icons_Items_6.dds	896	128	63	63
Generated_UNI_Leather_Jaheira	Icons_Items_6.lsx	Public\Shared\Assets\Textures\Icons\Icons_Items_6.dds	768	128	63	63
Generated_UNI_Leather_Minsc	Icons_Items_6.lsx	Public\Shared\Assets\Textures\Icons\Icons_Items_6.dds	832	128	63	63
Generated_UNI_Minsc_Cloak	Icons_Items_6.lsx	Public\Shared\Assets\Textures\Icons\Icons_Items_6.dds	960	128	63	63
Generated_UNI_Ravengard_Plate_Magic	Icons_Items_6.lsx	Public\Shared\Assets\Textures\Icons\Icons_Items_6.dds	0	192	63	63
Generated_UNI_SHA_JusticiarArmor_Gloves_Magic	Icons_Items_6.lsx	Public\Shared\Assets\Textures\Icons\Icons_Items_6.dds	64	192	63	63
Generated_Underwear_Incubus-_Magic	Icons_Items_6.lsx	Public\Shared\Assets\Textures\Icons\Icons_Items_6.dds	512	64	63	63
Generated_Underwear_Shadowheart	Icons_Items_6.lsx	Public\Shared\Assets\Textures\Icons\Icons_Items_6.dds	576	64	63	63
Item_ARM_ChainMail_2_Magic	Icons_Items_6.lsx	Public\Shared\Assets\Textures\Icons\Icons_Items_6.dds	896	320	63	63
Item_BLD_Cazador_Elevator_Platform_A	Icons_Items_6.lsx	Public\Shared\Assets\Textures\Icons\Icons_Items_6.dds	832	576	63	63
Item_CONT_GTY_Barrel_A	Icons_Items_6.lsx	Public\Shared\Assets\Textures\Icons\Icons_Items_6.dds	448	320	63	63
Item_DEC_GEN_StuffedBear_Standing_A	Icons_Items_6.lsx	Public\Shared\Assets\Textures\Icons\Icons_Items_6.dds	896	448	63	63
Item_DEC_GEN_StuffedHead_Bear_Poor_A	Icons_Items_6.lsx	Public\Shared\Assets\Textures\Icons\Icons_Items_6.dds	960	448	63	63
Item_DEC_GEN_StuffedHead_Boar_Poor_A	Icons_Items_6.lsx	Public\Shared\Assets\Textures\Icons\Icons_Items_6.dds	0	512	63	63
Item_DEC_GEN_StuffedHead_Bugbear_Poor_A	Icons_Items_6.lsx	Public\Shared\Assets\Textures\Icons\Icons_Items_6.dds	64	512	63	63
Item_DEC_GEN_StuffedHead_DeepRothe_Poor_A	Icons_Items_6.lsx	Public\Shared\Assets\Textures\Icons\Icons_Items_6.dds	128	512	63	63
Item_DEC_GEN_StuffedHead_Ettercap_Poor_A	Icons_Items_6.lsx	Public\Shared\Assets\Textures\Icons\Icons_Items_6.dds	192	512	63	63
Item_DEC_GEN_StuffedHead_Fish_Poor_A	Icons_Items_6.lsx	Public\Shared\Assets\Textures\Icons\Icons_Items_6.dds	256	512	63	63
Item_DEC_GEN_StuffedHead_HookHorror_Poor_A	Icons_Items_6.lsx	Public\Shared\Assets\Textures\Icons\Icons_Items_6.dds	320	512	63	63
Item_DEC_GEN_StuffedHead_Hyena_Poor_A	Icons_Items_6.lsx	Public\Shared\Assets\Textures\Icons\Icons_Items_6.dds	384	512	63	63
Item_DEC_GEN_StuffedHead_Imp_Poor_A	Icons_Items_6.lsx	Public\Shared\Assets\Textures\Icons\Icons_Items_6.dds	448	512	63	63
Item_DEC_GEN_StuffedHead_MindFlayer_Poor_A	Icons_Items_6.lsx	Public\Shared\Assets\Textures\Icons\Icons_Items_6.dds	512	512	63	63
Item_DEC_GEN_StuffedHead_Ogre_Poor_A	Icons_Items_6.lsx	Public\Shared\Assets\Textures\Icons\Icons_Items_6.dds	576	512	63	63
Item_DEC_GEN_StuffedHead_Owlbear_Poor_A	Icons_Items_6.lsx	Public\Shared\Assets\Textures\Icons\Icons_Items_6.dds	640	512	63	63
Item_DEC_GEN_StuffedHead_Quasit_Poor_A	Icons_Items_6.lsx	Public\Shared\Assets\Textures\Icons\Icons_Items_6.dds	704	512	63	63
Item_DEC_GEN_StuffedHead_RedDragon_Rich_A	Icons_Items_6.lsx	Public\Shared\Assets\Textures\Icons\Icons_Items_6.dds	768	512	63	63
Item_DEC_GEN_StuffedHead_Wolf_Poor_A	Icons_Items_6.lsx	Public\Shared\Assets\Textures\Icons\Icons_Items_6.dds	832	448	63	63
Item_DEC_HoH_Portal_Mirror_Insert_A	Icons_Items_6.lsx	Public\Shared\Assets\Textures\Icons\Icons_Items_6.dds	640	320	63	63
Item_DOOR_MF_Nautiloid_Organic_A	Icons_Items_6.lsx	Public\Shared\Assets\Textures\Icons\Icons_Items_6.dds	768	192	63	63
Item_EPI_Camp_Shar	Icons_Items_6.lsx	Public\Shared\Assets\Textures\Icons\Icons_Items_6.dds	960	320	63	63
Item_EQ_ARM_NightWalkers_GLOW	Icons_Items_6.lsx	Public\Shared\Assets\Textures\Icons\Icons_Items_6.dds	768	448	63	63
Item_EQ_HAG_Phylactery_GLOW	Icons_Items_6.lsx	Public\Shared\Assets\Textures\Icons\Icons_Items_6.dds	640	448	63	63
Item_FUR_GEN_Easel_A	Icons_Items_6.lsx	Public\Shared\Assets\Textures\Icons\Icons_Items_6.dds	384	320	63	63
Item_FUR_GEN_Easel_A_Oskar_A	Icons_Items_6.lsx	Public\Shared\Assets\Textures\Icons\Icons_Items_6.dds	128	192	63	63
Item_FUR_GEN_House_SofaBench_Rich_A	Icons_Items_6.lsx	Public\Shared\Assets\Textures\Icons\Icons_Items_6.dds	256	576	63	63
Item_FUR_GEN_House_SofaBench_Rich_B	Icons_Items_6.lsx	Public\Shared\Assets\Textures\Icons\Icons_Items_6.dds	0	640	63	63
Item_FUR_GEN_House_Sofa_Rich_A	Icons_Items_6.lsx	Public\Shared\Assets\Textures\Icons\Icons_Items_6.dds	960	576	63	63
Item_FUR_GEN_Painting_Jannath_Frame_A	Icons_Items_6.lsx	Public\Shared\Assets\Textures\Icons\Icons_Items_6.dds	832	192	63	63
Item_FUR_GEN_Painting_Portrait_Bane_A	Icons_Items_6.lsx	Public\Shared\Assets\Textures\Icons\Icons_Items_6.dds	896	192	63	63
Item_FUR_GEN_Painting_Portrait_Ketheric_Nightsong_A	Icons_Items_6.lsx	Public\Shared\Assets\Textures\Icons\Icons_Items_6.dds	960	192	63	63
Item_FUR_GEN_Painting_Portrait_Ketheric_Nightsong_B	Icons_Items_6.lsx	Public\Shared\Assets\Textures\Icons\Icons_Items_6.dds	0	256	63	63
Item_FUR_GEN_Painting_Portrait_Oval_A	Icons_Items_6.lsx	Public\Shared\Assets\Textures\Icons\Icons_Items_6.dds	64	256	63	63
Item_FUR_GEN_Painting_Portrait_Oval_B	Icons_Items_6.lsx	Public\Shared\Assets\Textures\Icons\Icons_Items_6.dds	128	256	63	63
Item_FUR_GEN_Painting_Portrait_Raphael_B	Icons_Items_6.lsx	Public\Shared\Assets\Textures\Icons\Icons_Items_6.dds	192	256	63	63
Item_FUR_GEN_Painting_Portrait_Raphael_C	Icons_Items_6.lsx	Public\Shared\Assets\Textures\Icons\Icons_Items_6.dds	256	256	63	63
Item_FUR_GEN_Painting_Portrait_Raphael_D	Icons_Items_6.lsx	Public\Shared\Assets\Textures\Icons\Icons_Items_6.dds	320	256	63	63
Item_FUR_GEN_Painting_Portrait_Rectangle_A	Icons_Items_6.lsx	Public\Shared\Assets\Textures\Icons\Icons_Items_6.dds	384	256	63	63
Item_FUR_GEN_Painting_Portrait_Rectangle_B	Icons_Items_6.lsx	Public\Shared\Assets\Textures\Icons\Icons_Items_6.dds	448	256	63	63
Item_FUR_GEN_Painting_Portrait_Rectangle_C	Icons_Items_6.lsx	Public\Shared\Assets\Textures\Icons\Icons_Items_6.dds	512	256	63	63
Item_FUR_GEN_Painting_Portrait_Rectangle_D	Icons_Items_6.lsx	Public\Shared\Assets\Textures\Icons\Icons_Items_6.dds	576	256	63	63
Item_FUR_GEN_Painting_Portrait_Rectangle_F	Icons_Items_6.lsx	Public\Shared\Assets\Textures\Icons\Icons_Items_6.dds	640	256	63	63
Item_FUR_GEN_Painting_Portrait_Rectangle_G	Icons_Items_6.lsx	Public\Shared\Assets\Textures\Icons\Icons_Items_6.dds	704	256	63	63
Item_FUR_GEN_Painting_Portrait_Rectangle_K	Icons_Items_6.lsx	Public\Shared\Assets\Textures\Icons\Icons_Items_6.dds	768	256	63	63
Item_FUR_GEN_Painting_Portrait_Rectangle_L	Icons_Items_6.lsx	Public\Shared\Assets\Textures\Icons\Icons_Items_6.dds	832	256	63	63
Item_FUR_GEN_Painting_Portrait_Rectangle_M	Icons_Items_6.lsx	Public\Shared\Assets\Textures\Icons\Icons_Items_6.dds	896	256	63	63
Item_FUR_GEN_Painting_Portrait_Rectangle_N	Icons_Items_6.lsx	Public\Shared\Assets\Textures\Icons\Icons_Items_6.dds	960	256	63	63
Item_FUR_GEN_Painting_Portrait_Rectangle_O	Icons_Items_6.lsx	Public\Shared\Assets\Textures\Icons\Icons_Items_6.dds	0	320	63	63
Item_FUR_GEN_Painting_Portrait_Rectangle_P	Icons_Items_6.lsx	Public\Shared\Assets\Textures\Icons\Icons_Items_6.dds	64	320	63	63
Item_FUR_GEN_Painting_Portrait_Round_A	Icons_Items_6.lsx	Public\Shared\Assets\Textures\Icons\Icons_Items_6.dds	128	320	63	63
Item_FUR_GEN_Painting_Portrait_Round_D	Icons_Items_6.lsx	Public\Shared\Assets\Textures\Icons\Icons_Items_6.dds	192	320	63	63
Item_GOB_DrowCommander_Leather_Armor_GLOW	Icons_Items_6.lsx	Public\Shared\Assets\Textures\Icons\Icons_Items_6.dds	256	448	63	63
Item_HAG_HagLair_EyeballNecklace_GLOW	Icons_Items_6.lsx	Public\Shared\Assets\Textures\Icons\Icons_Items_6.dds	320	448	63	63
Item_HAG_HagsRing_GLOW	Icons_Items_6.lsx	Public\Shared\Assets\Textures\Icons\Icons_Items_6.dds	0	448	63	63
Item_Item_LOOT_EQ_Amulet_Necklace_TalismanOfJergal_GLOW	Icons_Items_6.lsx	Public\Shared\Assets\Textures\Icons\Icons_Items_6.dds	896	384	63	63
Item_LAB_GEN_Bottle_Rack_D	Icons_Items_6.lsx	Public\Shared\Assets\Textures\Icons\Icons_Items_6.dds	192	192	63	63
Item_LOOT_GEN_Amulet_Selune_B	Icons_Items_6.lsx	Public\Shared\Assets\Textures\Icons\Icons_Items_6.dds	704	320	63	63
Item_LOOT_GEN_KeepsakeLocket_A_GLOW	Icons_Items_6.lsx	Public\Shared\Assets\Textures\Icons\Icons_Items_6.dds	640	384	63	63
Item_LOOT_GEN_Toy_TeddyBear_B_Scorched	Icons_Items_6.lsx	Public\Shared\Assets\Textures\Icons\Icons_Items_6.dds	320	320	63	63
Item_LOOT_GEN_Toy_TeddyBear_Rabbit_A	Icons_Items_6.lsx	Public\Shared\Assets\Textures\Icons\Icons_Items_6.dds	256	320	63	63
Item_LOOT_GEN_WoodenDuck_A	Icons_Items_6.lsx	Public\Shared\Assets\Textures\Icons\Icons_Items_6.dds	768	320	63	63
Item_LOOT_SCROLL_SeeInvisibility	Icons_Items_6.lsx	Public\Shared\Assets\Textures\Icons\Icons_Items_6.dds	512	320	63	63
Item_MAG_Cleric_Devotees_Mace_GLOW	Icons_Items_6.lsx	Public\Shared\Assets\Textures\Icons\Icons_Items_6.dds	512	384	63	63
Item_MAG_Duergar_Sword_KingsKnife_GLOW	Icons_Items_6.lsx	Public\Shared\Assets\Textures\Icons\Icons_Items_6.dds	704	448	63	63
Item_MAG_Invisible_Pike_GLOW	Icons_Items_6.lsx	Public\Shared\Assets\Textures\Icons\Icons_Items_6.dds	512	448	63	63
Item_MAG_LC_CazadorVampiric_Quarterstaff_GLOW	Icons_Items_6.lsx	Public\Shared\Assets\Textures\Icons\Icons_Items_6.dds	576	448	63	63
Item_MAG_LC_Frigid_Trident_GLOW	Icons_Items_6.lsx	Public\Shared\Assets\Textures\Icons\Icons_Items_6.dds	384	448	63	63
Item_MAG_Myrkulites_RingofMyrkul_Ring_GLOW	Icons_Items_6.lsx	Public\Shared\Assets\Textures\Icons\Icons_Items_6.dds	448	448	63	63
Item_MAG_Orin_Cloth	Icons_Items_6.lsx	Public\Shared\Assets\Textures\Icons\Icons_Items_6.dds	832	320	63	63
Item_MAG_PHB_PeriaptofWoundClosure_Amulet_GLOW	Icons_Items_6.lsx	Public\Shared\Assets\Textures\Icons\Icons_Items_6.dds	192	448	63	63
Item_MAG_Primeval_Silver_Longsword_GLOW	Icons_Items_6.lsx	Public\Shared\Assets\Textures\Icons\Icons_Items_6.dds	128	448	63	63
Item_MAG_SHA_SeluneBlessing_Spear_GLOW	Icons_Items_6.lsx	Public\Shared\Assets\Textures\Icons\Icons_Items_6.dds	64	448	63	63
Item_MAG_SWA_Roaring_Maul_GLOW	Icons_Items_6.lsx	Public\Shared\Assets\Textures\Icons\Icons_Items_6.dds	448	384	63	63
Item_MagicItemRamazith_Barrier	Icons_Items_6.lsx	Public\Shared\Assets\Textures\Icons\Icons_Items_6.dds	256	192	63	63
Item_PUZ_GEN_Trap_Mine_A_Copper_A	Icons_Items_6.lsx	Public\Shared\Assets\Textures\Icons\Icons_Items_6.dds	512	576	63	63
Item_PUZ_GEN_Trap_Mine_A_Hag_A	Icons_Items_6.lsx	Public\Shared\Assets\Textures\Icons\Icons_Items_6.dds	576	320	63	63
Item_PUZ_GEN_Trap_Mine_A_Poison_A	Icons_Items_6.lsx	Public\Shared\Assets\Textures\Icons\Icons_Items_6.dds	576	576	63	63
Item_PUZ_GEN_Trap_Mine_A_Rusty_A	Icons_Items_6.lsx	Public\Shared\Assets\Textures\Icons\Icons_Items_6.dds	640	576	63	63
Item_PUZ_Lathander_Crest_Panel_A	Icons_Items_6.lsx	Public\Shared\Assets\Textures\Icons\Icons_Items_6.dds	832	512	63	63
Item_QUEST_CHA_HeavyVase	Icons_Items_6.lsx	Public\Shared\Assets\Textures\Icons\Icons_Items_6.dds	192	576	63	63
Item_QUEST_Crown_Karsus_A	Icons_Items_6.lsx	Public\Shared\Assets\Textures\Icons\Icons_Items_6.dds	384	576	63	63
Item_QUEST_D20	Icons_Items_6.lsx	Public\Shared\Assets\Textures\Icons\Icons_Items_6.dds	64	640	63	63
Item_S_SHA_Mausoleum_Mural_000	Icons_Items_6.lsx	Public\Shared\Assets\Textures\Icons\Icons_Items_6.dds	320	192	63	63
Item_S_SHA_Mausoleum_Mural_001	Icons_Items_6.lsx	Public\Shared\Assets\Textures\Icons\Icons_Items_6.dds	384	192	63	63
Item_S_SHA_Mausoleum_Mural_002	Icons_Items_6.lsx	Public\Shared\Assets\Textures\Icons\Icons_Items_6.dds	448	192	63	63
Item_TOOL_GEN_Gong_A	Icons_Items_6.lsx	Public\Shared\Assets\Textures\Icons\Icons_Items_6.dds	896	512	63	63
Item_TOOL_GEN_Paralyzing_Device_A	Icons_Items_6.lsx	Public\Shared\Assets\Textures\Icons\Icons_Items_6.dds	960	512	63	63
Item_TOOL_GEN_Siege_Harpoon_Magic_A	Icons_Items_6.lsx	Public\Shared\Assets\Textures\Icons\Icons_Items_6.dds	0	576	63	63
Item_TOOL_Smith_Whetstone_Wheel_A	Icons_Items_6.lsx	Public\Shared\Assets\Textures\Icons\Icons_Items_6.dds	64	576	63	63
Item_TOOL_Tower_Bell_mechanism_A	Icons_Items_6.lsx	Public\Shared\Assets\Textures\Icons\Icons_Items_6.dds	128	576	63	63
Item_UND_DeadInWater_CallarduranTrinket_GLOW	Icons_Items_6.lsx	Public\Shared\Assets\Textures\Icons\Icons_Items_6.dds	384	384	63	63
Item_UNI_Astarion_StarterArmor_2	Icons_Items_6.lsx	Public\Shared\Assets\Textures\Icons\Icons_Items_6.dds	768	576	63	63
Item_UNI_COL_Us_Summon_Brain	Icons_Items_6.lsx	Public\Shared\Assets\Textures\Icons\Icons_Items_6.dds	512	192	63	63
Item_UNI_CRE_HUM_Sun_Mace_BloodOfLathander_GLOW	Icons_Items_6.lsx	Public\Shared\Assets\Textures\Icons\Icons_Items_6.dds	320	384	63	63
Item_UNI_LOW_BaldursMouth_DailyPaper	Icons_Items_6.lsx	Public\Shared\Assets\Textures\Icons\Icons_Items_6.dds	896	576	63	63
Item_UNI_MagicMirror	Icons_Items_6.lsx	Public\Shared\Assets\Textures\Icons\Icons_Items_6.dds	576	192	63	63
Item_UNI_PLA_ConflictedFlind_Flail_Broken_GLOW	Icons_Items_6.lsx	Public\Shared\Assets\Textures\Icons\Icons_Items_6.dds	256	384	63	63
Item_UNI_SCL_SpidersLyre	Icons_Items_6.lsx	Public\Shared\Assets\Textures\Icons\Icons_Items_6.dds	640	192	63	63
Item_UNI_UND_MonkAmulet_GLOW	Icons_Items_6.lsx	Public\Shared\Assets\Textures\Icons\Icons_Items_6.dds	192	384	63	63
Item_UNI_UND_MyconidAmulet_Evil_GLOW	Icons_Items_6.lsx	Public\Shared\Assets\Textures\Icons\Icons_Items_6.dds	128	384	63	63
Item_UNI_UND_MyconidAmulet_Good_GLOW	Icons_Items_6.lsx	Public\Shared\Assets\Textures\Icons\Icons_Items_6.dds	64	384	63	63
Item_UNI_WYR_Circus_ClownHammer_GLOW	Icons_Items_6.lsx	Public\Shared\Assets\Textures\Icons\Icons_Items_6.dds	0	384	63	63
Item_WPN_GTY_Greatsword_A_GLOW	Icons_Items_6.lsx	Public\Shared\Assets\Textures\Icons\Icons_Items_6.dds	960	384	63	63
Item_WPN_GTY_HeavyCrossbow_A_GLOW	Icons_Items_6.lsx	Public\Shared\Assets\Textures\Icons\Icons_Items_6.dds	832	384	63	63
Item_WPN_GTY_Longsword_A_GLOW	Icons_Items_6.lsx	Public\Shared\Assets\Textures\Icons\Icons_Items_6.dds	704	384	63	63
Item_WPN_GTY_Shortsword_A_GLOW	Icons_Items_6.lsx	Public\Shared\Assets\Textures\Icons\Icons_Items_6.dds	768	384	63	63
Item_WPN_HUM_Fireplace_Poker_A	Icons_Items_6.lsx	Public\Shared\Assets\Textures\Icons\Icons_Items_6.dds	704	192	63	63
Item_WPN_HUM_Sceptre_Karsus_A	Icons_Items_6.lsx	Public\Shared\Assets\Textures\Icons\Icons_Items_6.dds	448	576	63	63
Item_WPN_HUM_Shield_Myrkul_A	Icons_Items_6.lsx	Public\Shared\Assets\Textures\Icons\Icons_Items_6.dds	704	576	63	63
Item_WPN_MYRKUL_Apostle_Scythe_A	Icons_Items_6.lsx	Public\Shared\Assets\Textures\Icons\Icons_Items_6.dds	320	576	63	63
Item_WPN_Tower_AutomatonHalberd_GLOW	Icons_Items_6.lsx	Public\Shared\Assets\Textures\Icons\Icons_Items_6.dds	576	384	63	63
Action_AbsolutePower	Icons_Skills.lsx	Public\Shared\Assets\Textures\Icons\Icons_Skills.dds	1728	640	63	63
Action_AoEDamageOnJump	Icons_Skills.lsx	Public\Shared\Assets\Textures\Icons\Icons_Skills.dds	384	1344	63	63
Action_Barbarian_Consume	Icons_Skills.lsx	Public\Shared\Assets\Textures\Icons\Icons_Skills.dds	1984	1152	63	63
Action_Barbarian_DivingStrike	Icons_Skills.lsx	Public\Shared\Assets\Textures\Icons\Icons_Skills.dds	1664	1152	63	63
Action_Barbarian_EndRage	Icons_Skills.lsx	Public\Shared\Assets\Textures\Icons\Icons_Skills.dds	1728	1152	63	63
Action_Barbarian_FerociousAppetite	Icons_Skills.lsx	Public\Shared\Assets\Textures\Icons\Icons_Skills.dds	384	1216	63	63
Action_Barbarian_FrenziedStrike	Icons_Skills.lsx	Public\Shared\Assets\Textures\Icons\Icons_Skills.dds	1216	1152	63	63
Action_Barbarian_FrenziedThrow	Icons_Skills.lsx	Public\Shared\Assets\Textures\Icons\Icons_Skills.dds	1152	1152	63	63
Action_Barbarian_Frenzy	Icons_Skills.lsx	Public\Shared\Assets\Textures\Icons\Icons_Skills.dds	1920	1152	63	63
Action_Barbarian_MagicAwareness	Icons_Skills.lsx	Public\Shared\Assets\Textures\Icons\Icons_Skills.dds	960	1152	63	63
Action_Barbarian_PackHowl	Icons_Skills.lsx	Public\Shared\Assets\Textures\Icons\Icons_Skills.dds	896	1152	63	63
Action_Barbarian_PrimalStampede	Icons_Skills.lsx	Public\Shared\Assets\Textures\Icons\Icons_Skills.dds	1088	1152	63	63
Action_Barbarian_Rage	Icons_Skills.lsx	Public\Shared\Assets\Textures\Icons\Icons_Skills.dds	256	1216	63	63
Action_Barbarian_Rage_BearTotem	Icons_Skills.lsx	Public\Shared\Assets\Textures\Icons\Icons_Skills.dds	129	1216	63	63
Action_Barbarian_Rage_EagleTotem	Icons_Skills.lsx	Public\Shared\Assets\Textures\Icons\Icons_Skills.dds	65	1216	63	63
Action_Barbarian_Rage_ElkTotem	Icons_Skills.lsx	Public\Shared\Assets\Textures\Icons\Icons_Skills.dds	0	1216	63	63
Action_Barbarian_Rage_TigerTotem	Icons_Skills.lsx	Public\Shared\Assets\Textures\Icons\Icons_Skills.dds	193	1216	63	63
Action_Barbarian_Rage_WolfTotem	Icons_Skills.lsx	Public\Shared\Assets\Textures\Icons\Icons_Skills.dds	320	1216	63	63
Action_Barbarian_RecklessAttack	Icons_Skills.lsx	Public\Shared\Assets\Textures\Icons\Icons_Skills.dds	832	1152	63	63
Action_Barbarian_TigersBloodlust	Icons_Skills.lsx	Public\Shared\Assets\Textures\Icons\Icons_Skills.dds	1024	1152	63	63
Action_Barbarian_UnrelentingFerocity	Icons_Skills.lsx	Public\Shared\Assets\Textures\Icons\Icons_Skills.dds	1152	1216	63	63
Action_Bard_Countercharm	Icons_Skills.lsx	Public\Shared\Assets\Textures\Icons\Icons_Skills.dds	832	1216	63	63
Action_Bard_CuttingWords	Icons_Skills.lsx	Public\Shared\Assets\Textures\Icons\Icons_Skills.dds	1792	1344	63	63
Action_Bard_GrantBardicInspiration	Icons_Skills.lsx	Public\Shared\Assets\Textures\Icons\Icons_Skills.dds	768	1216	63	63
Action_Bard_RestoreBardicInspiration	Icons_Skills.lsx	Public\Shared\Assets\Textures\Icons\Icons_Skills.dds	1600	1472	63	63
Action_Bard_SongOfRest	Icons_Skills.lsx	Public\Shared\Assets\Textures\Icons\Icons_Skills.dds	576	1216	63	63
Action_Bash	Icons_Skills.lsx	Public\Shared\Assets\Textures\Icons\Icons_Skills.dds	704	65	63	63
Action_Bear_Claws	Icons_Skills.lsx	Public\Shared\Assets\Textures\Icons\Icons_Skills.dds	512	448	63	63
Action_Bear_GuardingRoar	Icons_Skills.lsx	Public\Shared\Assets\Textures\Icons\Icons_Skills.dds	960	448	63	63
Action_Bear_Multiattack	Icons_Skills.lsx	Public\Shared\Assets\Textures\Icons\Icons_Skills.dds	1024	896	63	63
Action_Bear_StickyPaws	Icons_Skills.lsx	Public\Shared\Assets\Textures\Icons\Icons_Skills.dds	704	1600	63	63
Action_BelmsBonusAttack	Icons_Skills.lsx	Public\Shared\Assets\Textures\Icons\Icons_Skills.dds	1856	1728	63	63
Action_Boar_Charge	Icons_Skills.lsx	Public\Shared\Assets\Textures\Icons\Icons_Skills.dds	896	448	63	63
Action_Boar_FrenziedStrike	Icons_Skills.lsx	Public\Shared\Assets\Textures\Icons\Icons_Skills.dds	576	1600	63	63
Action_Boar_Rage	Icons_Skills.lsx	Public\Shared\Assets\Textures\Icons\Icons_Skills.dds	640	1600	63	63
Action_Boar_Tusk	Icons_Skills.lsx	Public\Shared\Assets\Textures\Icons\Icons_Skills.dds	832	448	63	63
Action_CallForthAllies	Icons_Skills.lsx	Public\Shared\Assets\Textures\Icons\Icons_Skills.dds	704	1984	63	63
Action_Cat_Claws	Icons_Skills.lsx	Public\Shared\Assets\Textures\Icons\Icons_Skills.dds	832	832	63	63
Action_Cat_DrawAttention	Icons_Skills.lsx	Public\Shared\Assets\Textures\Icons\Icons_Skills.dds	640	448	63	63
Action_Cleave_New	Icons_Skills.lsx	Public\Shared\Assets\Textures\Icons\Icons_Skills.dds	1920	960	63	63
Action_Cleric_BlessingOfTheTrickster	Icons_Skills.lsx	Public\Shared\Assets\Textures\Icons\Icons_Skills.dds	1344	384	63	63
Action_Cleric_InvokeDuplicity	Icons_Skills.lsx	Public\Shared\Assets\Textures\Icons\Icons_Skills.dds	1920	384	63	63
Action_Cleric_PreserveLife	Icons_Skills.lsx	Public\Shared\Assets\Textures\Icons\Icons_Skills.dds	1728	256	63	63
Action_Cleric_RadianceOfTheDawn	Icons_Skills.lsx	Public\Shared\Assets\Textures\Icons\Icons_Skills.dds	1600	256	63	63
Action_ConcussiveSmash	Icons_Skills.lsx	Public\Shared\Assets\Textures\Icons\Icons_Skills.dds	1408	896	63	63
Action_ContactMizora	Icons_Skills.lsx	Public\Shared\Assets\Textures\Icons\Icons_Skills.dds	65	448	63	63
Action_Crab_CripplingPinch	Icons_Skills.lsx	Public\Shared\Assets\Textures\Icons\Icons_Skills.dds	448	448	63	63
Action_CripplingStrike	Icons_Skills.lsx	Public\Shared\Assets\Textures\Icons\Icons_Skills.dds	1344	896	63	63
Action_Dash	Icons_Skills.lsx	Public\Shared\Assets\Textures\Icons\Icons_Skills.dds	1152	0	63	63
Action_Dash_Bonus	Icons_Skills.lsx	Public\Shared\Assets\Textures\Icons\Icons_Skills.dds	1216	1088	63	63
Action_DeepRothe_Charge	Icons_Skills.lsx	Public\Shared\Assets\Textures\Icons\Icons_Skills.dds	1216	768	63	63
Action_DeepRothe_Gore	Icons_Skills.lsx	Public\Shared\Assets\Textures\Icons\Icons_Skills.dds	1152	768	63	63
Action_Dip	Icons_Skills.lsx	Public\Shared\Assets\Textures\Icons\Icons_Skills.dds	448	129	63	63
Action_DippedFire_Melee	Icons_Skills.lsx	Public\Shared\Assets\Textures\Icons\Icons_Skills.dds	512	129	63	63
Action_DippedFire_Ranged	Icons_Skills.lsx	Public\Shared\Assets\Textures\Icons\Icons_Skills.dds	576	129	63	63
Action_DippedPoison_Melee	Icons_Skills.lsx	Public\Shared\Assets\Textures\Icons\Icons_Skills.dds	640	129	63	63
Action_DippedPoison_Ranged	Icons_Skills.lsx	Public\Shared\Assets\Textures\Icons\Icons_Skills.dds	704	129	63	63
Action_DireWolfPack_Howl	Icons_Skills.lsx	Public\Shared\Assets\Textures\Icons\Icons_Skills.dds	320	832	63	63
Action_DisarmingAttack_Melee	Icons_Skills.lsx	Public\Shared\Assets\Textures\Icons\Icons_Skills.dds	1600	1024	63	63
Action_DisarmingAttack_Ranged	Icons_Skills.lsx	Public\Shared\Assets\Textures\Icons\Icons_Skills.dds	1664	1024	63	63
Action_Disengage	Icons_Skills.lsx	Public\Shared\Assets\Textures\Icons\Icons_Skills.dds	1472	1024	63	63
Action_Disengage_Bonus	Icons_Skills.lsx	Public\Shared\Assets\Textures\Icons\Icons_Skills.dds	1280	1088	63	63
Action_DismissSummon	Icons_Skills.lsx	Public\Shared\Assets\Textures\Icons\Icons_Skills.dds	320	1600	63	63
Action_ExhaleFire	Icons_Skills.lsx	Public\Shared\Assets\Textures\Icons\Icons_Skills.dds	896	832	63	63
Action_Flurry	Icons_Skills.lsx	Public\Shared\Assets\Textures\Icons\Icons_Skills.dds	896	320	63	63
Action_Fly	Icons_Skills.lsx	Public\Shared\Assets\Textures\Icons\Icons_Skills.dds	960	1216	63	63
Action_Frog_Bufotoxin	Icons_Skills.lsx	Public\Shared\Assets\Textures\Icons\Icons_Skills.dds	576	448	63	63
Action_FullSwing	Icons_Skills.lsx	Public\Shared\Assets\Textures\Icons\Icons_Skills.dds	1536	896	63	63
Action_GargantuanCleave	Icons_Skills.lsx	Public\Shared\Assets\Textures\Icons\Icons_Skills.dds	1728	1088	63	63
Action_GiantBadger_Bite	Icons_Skills.lsx	Public\Shared\Assets\Textures\Icons\Icons_Skills.dds	1088	768	63	63
Action_GiantBadger_Burrow	Icons_Skills.lsx	Public\Shared\Assets\Textures\Icons\Icons_Skills.dds	448	832	63	63
Action_GiantBadger_Claws	Icons_Skills.lsx	Public\Shared\Assets\Textures\Icons\Icons_Skills.dds	1024	768	63	63
Action_Glut_BlackSporeCloud	Icons_Skills.lsx	Public\Shared\Assets\Textures\Icons\Icons_Skills.dds	65	704	63	63
Action_Glut_GreenSporeCloud	Icons_Skills.lsx	Public\Shared\Assets\Textures\Icons\Icons_Skills.dds	0	704	63	63
Action_Glut_HallucinationSpores	Icons_Skills.lsx	Public\Shared\Assets\Textures\Icons\Icons_Skills.dds	1920	640	63	63
Action_Glut_MultiAttack	Icons_Skills.lsx	Public\Shared\Assets\Textures\Icons\Icons_Skills.dds	193	704	63	63
Action_Glut_PacifyingSpores	Icons_Skills.lsx	Public\Shared\Assets\Textures\Icons\Icons_Skills.dds	1856	640	63	63
Action_Glut_RaiseDeadViaSpores	Icons_Skills.lsx	Public\Shared\Assets\Textures\Icons\Icons_Skills.dds	129	704	63	63
Action_Glut_WhiteSporeCloud	Icons_Skills.lsx	Public\Shared\Assets\Textures\Icons\Icons_Skills.dds	1984	640	63	63
Action_HamstringShot	Icons_Skills.lsx	Public\Shared\Assets\Textures\Icons\Icons_Skills.dds	1472	960	63	63
Action_HeartStopper	Icons_Skills.lsx	Public\Shared\Assets\Textures\Icons\Icons_Skills.dds	1408	960	63	63
Action_Help	Icons_Skills.lsx	Public\Shared\Assets\Textures\Icons\Icons_Skills.dds	512	384	63	63
Action_Hide	Icons_Skills.lsx	Public\Shared\Assets\Textures\Icons\Icons_Skills.dds	1216	0	63	63
Action_Hide_Regular	Icons_Skills.lsx	Public\Shared\Assets\Textures\Icons\Icons_Skills.dds	960	1728	63	63
Action_HinderingStrike	Icons_Skills.lsx	Public\Shared\Assets\Textures\Icons\Icons_Skills.dds	1344	960	63	63
Action_HookHorror_Hook	Icons_Skills.lsx	Public\Shared\Assets\Textures\Icons\Icons_Skills.dds	0	960	63	63
Action_HookHorror_Multiattack	Icons_Skills.lsx	Public\Shared\Assets\Textures\Icons\Icons_Skills.dds	1984	896	63	63
Action_HordeBreaker_Melee	Icons_Skills.lsx	Public\Shared\Assets\Textures\Icons\Icons_Skills.dds	320	320	63	63
Action_HordeBreaker_Ranged	Icons_Skills.lsx	Public\Shared\Assets\Textures\Icons\Icons_Skills.dds	384	320	63	63
Action_Imp_Claws	Icons_Skills.lsx	Public\Shared\Assets\Textures\Icons\Icons_Skills.dds	1600	448	63	63
Action_Imp_Invisibility	Icons_Skills.lsx	Public\Shared\Assets\Textures\Icons\Icons_Skills.dds	1536	448	63	63
Action_ImprovisedWeapon	Icons_Skills.lsx	Public\Shared\Assets\Textures\Icons\Icons_Skills.dds	1728	1280	63	63
Action_ImprovisedWeapon_Bonus	Icons_Skills.lsx	Public\Shared\Assets\Textures\Icons\Icons_Skills.dds	896	1344	63	63
Action_InspectMoonLantern	Icons_Skills.lsx	Public\Shared\Assets\Textures\Icons\Icons_Skills.dds	65	1984	63	63
Action_IronboundPursuit	Icons_Skills.lsx	Public\Shared\Assets\Textures\Icons\Icons_Skills.dds	448	1344	63	63
Action_Jump	Icons_Skills.lsx	Public\Shared\Assets\Textures\Icons\Icons_Skills.dds	0	0	63	63
Action_KnockOut	Icons_Skills.lsx	Public\Shared\Assets\Textures\Icons\Icons_Skills.dds	256	129	63	63
Action_LightningAura	Icons_Skills.lsx	Public\Shared\Assets\Textures\Icons\Icons_Skills.dds	1856	1280	63	63
Action_LightningBlast	Icons_Skills.lsx	Public\Shared\Assets\Textures\Icons\Icons_Skills.dds	1792	1280	63	63
Action_Mag_AncientGrudges	Icons_Skills.lsx	Public\Shared\Assets\Textures\Icons\Icons_Skills.dds	768	1920	63	63
Action_Mag_BlindingShot	Icons_Skills.lsx	Public\Shared\Assets\Textures\Icons\Icons_Skills.dds	704	1920	63	63
Action_Mag_Bloodfeeding	Icons_Skills.lsx	Public\Shared\Assets\Textures\Icons\Icons_Skills.dds	640	1920	63	63
Action_Mag_Bloodfeeding_ScarletRegeneration	Icons_Skills.lsx	Public\Shared\Assets\Textures\Icons\Icons_Skills.dds	576	1920	63	63
Action_Mag_Bloodfeeding_ScarletSaturation	Icons_Skills.lsx	Public\Shared\Assets\Textures\Icons\Icons_Skills.dds	512	1920	63	63
Action_Mag_Bloodfeeding_ScarletTrance	Icons_Skills.lsx	Public\Shared\Assets\Textures\Icons\Icons_Skills.dds	448	1920	63	63
Action_Mag_BoltOfCelestialLight	Icons_Skills.lsx	Public\Shared\Assets\Textures\Icons\Icons_Skills.dds	384	1920	63	63
Action_Mag_CaitiffsRestoration	Icons_Skills.lsx	Public\Shared\Assets\Textures\Icons\Icons_Skills.dds	320	1920	63	63
Action_Mag_CombatInstruction	Icons_Skills.lsx	Public\Shared\Assets\Textures\Icons\Icons_Skills.dds	256	1920	63	63
Action_Mag_CommandUndead_Approach	Icons_Skills.lsx	Public\Shared\Assets\Textures\Icons\Icons_Skills.dds	193	1920	63	63
Action_Mag_CommandUndead_Drop	Icons_Skills.lsx	Public\Shared\Assets\Textures\Icons\Icons_Skills.dds	129	1920	63	63
Action_Mag_CommandUndead_Flee	Icons_Skills.lsx	Public\Shared\Assets\Textures\Icons\Icons_Skills.dds	65	1920	63	63
Action_Mag_CommandUndead_Grovel	Icons_Skills.lsx	Public\Shared\Assets\Textures\Icons\Icons_Skills.dds	0	1920	63	63
Action_Mag_CommandUndead_Halt	Icons_Skills.lsx	Public\Shared\Assets\Textures\Icons\Icons_Skills.dds	1984	1856	63	63
Action_Mag_CorrosiveStrike	Icons_Skills.lsx	Public\Shared\Assets\Textures\Icons\Icons_Skills.dds	1920	1856	63	63
Action_Mag_EnsnaringStrands	Icons_Skills.lsx	Public\Shared\Assets\Textures\Icons\Icons_Skills.dds	1856	1856	63	63
Action_Mag_FlamingBlade	Icons_Skills.lsx	Public\Shared\Assets\Textures\Icons\Icons_Skills.dds	1792	1856	63	63
Action_Mag_FlashingDawn	Icons_Skills.lsx	Public\Shared\Assets\Textures\Icons\Icons_Skills.dds	1728	1856	63	63
Action_Mag_FrigidBlade	Icons_Skills.lsx	Public\Shared\Assets\Textures\Icons\Icons_Skills.dds	1664	1856	63	63
Action_Mag_Garrote	Icons_Skills.lsx	Public\Shared\Assets\Textures\Icons\Icons_Skills.dds	1600	1856	63	63
Action_Mag_GiantBlade	Icons_Skills.lsx	Public\Shared\Assets\Textures\Icons\Icons_Skills.dds	1536	1856	63	63
Action_Mag_GiantSubjugation	Icons_Skills.lsx	Public\Shared\Assets\Textures\Icons\Icons_Skills.dds	1472	1856	63	63
Action_Mag_GoadingBlast	Icons_Skills.lsx	Public\Shared\Assets\Textures\Icons\Icons_Skills.dds	1408	1856	63	63
Action_Mag_GrandSlam	Icons_Skills.lsx	Public\Shared\Assets\Textures\Icons\Icons_Skills.dds	1344	1856	63	63
Action_Mag_Harmonizing	Icons_Skills.lsx	Public\Shared\Assets\Textures\Icons\Icons_Skills.dds	1280	1856	63	63
Action_Mag_HealingIncenseAura	Icons_Skills.lsx	Public\Shared\Assets\Textures\Icons\Icons_Skills.dds	1216	1856	63	63
Action_Mag_Hellcrawler	Icons_Skills.lsx	Public\Shared\Assets\Textures\Icons\Icons_Skills.dds	1152	1856	63	63
Action_Mag_HellfireCleave	Icons_Skills.lsx	Public\Shared\Assets\Textures\Icons\Icons_Skills.dds	1088	1856	63	63
Action_Mag_Illithid_MindTax	Icons_Skills.lsx	Public\Shared\Assets\Textures\Icons\Icons_Skills.dds	1024	1856	63	63
Action_Mag_ImmolatingGaze	Icons_Skills.lsx	Public\Shared\Assets\Textures\Icons\Icons_Skills.dds	960	1856	63	63
Action_Mag_KiRestoration	Icons_Skills.lsx	Public\Shared\Assets\Textures\Icons\Icons_Skills.dds	896	1856	63	63
Action_Mag_KiRestoration_Lesser	Icons_Skills.lsx	Public\Shared\Assets\Textures\Icons\Icons_Skills.dds	832	1856	63	63
Action_Mag_MartialExertion	Icons_Skills.lsx	Public\Shared\Assets\Textures\Icons\Icons_Skills.dds	768	1856	63	63
Action_Mag_MoonlightButterfly	Icons_Skills.lsx	Public\Shared\Assets\Textures\Icons\Icons_Skills.dds	704	1856	63	63
Action_Mag_OuterEntitySubjugation	Icons_Skills.lsx	Public\Shared\Assets\Textures\Icons\Icons_Skills.dds	640	1856	63	63
Action_Mag_PearlOfPower_SpellSlotRestoration	Icons_Skills.lsx	Public\Shared\Assets\Textures\Icons\Icons_Skills.dds	576	1856	63	63
Action_Mag_PearlOfPower_SpellSlotRestoration_1	Icons_Skills.lsx	Public\Shared\Assets\Textures\Icons\Icons_Skills.dds	512	1856	63	63
Action_Mag_PearlOfPower_SpellSlotRestoration_2	Icons_Skills.lsx	Public\Shared\Assets\Textures\Icons\Icons_Skills.dds	448	1856	63	63
Action_Mag_PearlOfPower_SpellSlotRestoration_3	Icons_Skills.lsx	Public\Shared\Assets\Textures\Icons\Icons_Skills.dds	384	1856	63	63
Action_Mag_PhalarAluve_Melody	Icons_Skills.lsx	Public\Shared\Assets\Textures\Icons\Icons_Skills.dds	320	1856	63	63
Action_Mag_PhalarAluve_Shriek	Icons_Skills.lsx	Public\Shared\Assets\Textures\Icons\Icons_Skills.dds	256	1856	63	63
Action_Mag_PhalarAluve_Sing	Icons_Skills.lsx	Public\Shared\Assets\Textures\Icons\Icons_Skills.dds	193	1856	63	63
Action_Mag_PoisonMist	Icons_Skills.lsx	Public\Shared\Assets\Textures\Icons\Icons_Skills.dds	129	1856	63	63
Action_Mag_PullingWeb	Icons_Skills.lsx	Public\Shared\Assets\Textures\Icons\Icons_Skills.dds	65	1856	63	63
Action_Mag_RevitalizingStrike	Icons_Skills.lsx	Public\Shared\Assets\Textures\Icons\Icons_Skills.dds	0	1856	63	63
Action_Mag_SearingBlood	Icons_Skills.lsx	Public\Shared\Assets\Textures\Icons\Icons_Skills.dds	1984	1792	63	63
Action_Mag_SelfImmolation	Icons_Skills.lsx	Public\Shared\Assets\Textures\Icons\Icons_Skills.dds	1920	1792	63	63
Action_Mag_ShadowsoakedBlow	Icons_Skills.lsx	Public\Shared\Assets\Textures\Icons\Icons_Skills.dds	1856	1792	63	63
Action_Mag_SilencingBlade	Icons_Skills.lsx	Public\Shared\Assets\Textures\Icons\Icons_Skills.dds	1792	1792	63	63
Action_Mag_SoulCatching_Heal	Icons_Skills.lsx	Public\Shared\Assets\Textures\Icons\Icons_Skills.dds	1664	1792	63	63
Action_Mag_Soulbreaker	Icons_Skills.lsx	Public\Shared\Assets\Textures\Icons\Icons_Skills.dds	1728	1792	63	63
Action_Mag_SpellSlotRestoration	Icons_Skills.lsx	Public\Shared\Assets\Textures\Icons\Icons_Skills.dds	1600	1792	63	63
Action_Mag_SpellSlotRestoration_1	Icons_Skills.lsx	Public\Shared\Assets\Textures\Icons\Icons_Skills.dds	1536	1792	63	63
Action_Mag_SpellSlotRestoration_2	Icons_Skills.lsx	Public\Shared\Assets\Textures\Icons\Icons_Skills.dds	1472	1792	63	63
Action_Mag_SpellSlotRestoration_3	Icons_Skills.lsx	Public\Shared\Assets\Textures\Icons\Icons_Skills.dds	1408	1792	63	63
Action_Mag_SpellSlotRestoration_4	Icons_Skills.lsx	Public\Shared\Assets\Textures\Icons\Icons_Skills.dds	1344	1792	63	63
Action_Mag_SpellSlotRestoration_5	Icons_Skills.lsx	Public\Shared\Assets\Textures\Icons\Icons_Skills.dds	1280	1792	63	63
Action_Mag_SpellSlotRestoration_6	Icons_Skills.lsx	Public\Shared\Assets\Textures\Icons\Icons_Skills.dds	1216	1792	63	63
Action_Mag_SteadfastStrike	Icons_Skills.lsx	Public\Shared\Assets\Textures\Icons\Icons_Skills.dds	1152	1792	63	63
Action_Mag_Taxblade	Icons_Skills.lsx	Public\Shared\Assets\Textures\Icons\Icons_Skills.dds	1088	1792	63	63
Action_Mag_UndeadTurningAmmunition	Icons_Skills.lsx	Public\Shared\Assets\Textures\Icons\Icons_Skills.dds	1024	1792	63	63
Action_Mag_UndyingSubjugation	Icons_Skills.lsx	Public\Shared\Assets\Textures\Icons\Icons_Skills.dds	960	1792	63	63
Action_Mag_ZephyrFlash	Icons_Skills.lsx	Public\Shared\Assets\Textures\Icons\Icons_Skills.dds	896	1792	63	63
Action_MenacingAttack_Melee	Icons_Skills.lsx	Public\Shared\Assets\Textures\Icons\Icons_Skills.dds	1472	129	63	63
Action_MenacingAttack_Ranged	Icons_Skills.lsx	Public\Shared\Assets\Textures\Icons\Icons_Skills.dds	1536	129	63	63
Action_MobileShooting	Icons_Skills.lsx	Public\Shared\Assets\Textures\Icons\Icons_Skills.dds	1856	960	63	63
Action_Monk_WaterWhip_Prone	Icons_Skills.lsx	Public\Shared\Assets\Textures\Icons\Icons_Skills.dds	256	1984	63	63
Action_Monk_WaterWhip_Pull	Icons_Skills.lsx	Public\Shared\Assets\Textures\Icons\Icons_Skills.dds	193	1984	63	63
Action_Monster_Daisy_CommandHush	Icons_Skills.lsx	Public\Shared\Assets\Textures\Icons\Icons_Skills.dds	1920	1728	63	63
Action_Monster_Duergar_MindSpike	Icons_Skills.lsx	Public\Shared\Assets\Textures\Icons\Icons_Skills.dds	1984	1728	63	63
Action_Monster_Frog_ToxicSpit	Icons_Skills.lsx	Public\Shared\Assets\Textures\Icons\Icons_Skills.dds	0	1792	63	63
Action_Monster_KuoToa_Net	Icons_Skills.lsx	Public\Shared\Assets\Textures\Icons\Icons_Skills.dds	65	1792	63	63
Action_Monster_Minotaur_Charge	Icons_Skills.lsx	Public\Shared\Assets\Textures\Icons\Icons_Skills.dds	129	1792	63	63
Action_Monster_Minotaur_Gore	Icons_Skills.lsx	Public\Shared\Assets\Textures\Icons\Icons_Skills.dds	193	1792	63	63
Action_Monster_Minotaur_Jump	Icons_Skills.lsx	Public\Shared\Assets\Textures\Icons\Icons_Skills.dds	256	1792	63	63
Action_Monster_Minotaur_Reckless	Icons_Skills.lsx	Public\Shared\Assets\Textures\Icons\Icons_Skills.dds	320	1792	63	63
Action_Monster_Slayer_Bloodbath	Icons_Skills.lsx	Public\Shared\Assets\Textures\Icons\Icons_Skills.dds	384	1792	63	63
Action_Monster_Slayer_DeathGrowl	Icons_Skills.lsx	Public\Shared\Assets\Textures\Icons\Icons_Skills.dds	448	1792	63	63
Action_Monster_Slayer_DismissSlayer	Icons_Skills.lsx	Public\Shared\Assets\Textures\Icons\Icons_Skills.dds	512	1792	63	63
Action_Monster_Slayer_LetTheSlaughterBegin	Icons_Skills.lsx	Public\Shared\Assets\Textures\Icons\Icons_Skills.dds	576	1792	63	63
Action_Monster_Slayer_MultiAttack	Icons_Skills.lsx	Public\Shared\Assets\Textures\Icons\Icons_Skills.dds	640	1792	63	63
Action_Monster_Slayer_RelentlessLunge	Icons_Skills.lsx	Public\Shared\Assets\Textures\Icons\Icons_Skills.dds	704	1792	63	63
Action_Monster_Slayer_Slam	Icons_Skills.lsx	Public\Shared\Assets\Textures\Icons\Icons_Skills.dds	768	1792	63	63
Action_OpeningAttack	Icons_Skills.lsx	Public\Shared\Assets\Textures\Icons\Icons_Skills.dds	1728	960	63	63
Action_Paladin_ControlUndead	Icons_Skills.lsx	Public\Shared\Assets\Textures\Icons\Icons_Skills.dds	1600	1600	63	63
Action_Paladin_DivineGuardian	Icons_Skills.lsx	Public\Shared\Assets\Textures\Icons\Icons_Skills.dds	896	1600	63	63
Action_Paladin_DivineSense	Icons_Skills.lsx	Public\Shared\Assets\Textures\Icons\Icons_Skills.dds	960	1600	63	63
Action_Paladin_DivineSmite	Icons_Skills.lsx	Public\Shared\Assets\Textures\Icons\Icons_Skills.dds	1024	1600	63	63
Action_Paladin_DreadfulAspect	Icons_Skills.lsx	Public\Shared\Assets\Textures\Icons\Icons_Skills.dds	1728	1600	63	63
Action_Paladin_EternalDevotion	Icons_Skills.lsx	Public\Shared\Assets\Textures\Icons\Icons_Skills.dds	384	1728	63	63
Action_Paladin_HealingRadiance	Icons_Skills.lsx	Public\Shared\Assets\Textures\Icons\Icons_Skills.dds	129	1664	63	63
Action_Paladin_HolyRebuke	Icons_Skills.lsx	Public\Shared\Assets\Textures\Icons\Icons_Skills.dds	193	1664	63	63
Action_Paladin_LayOnHands_BigHeal	Icons_Skills.lsx	Public\Shared\Assets\Textures\Icons\Icons_Skills.dds	384	1664	63	63
Action_Paladin_LayOnHands_Cure	Icons_Skills.lsx	Public\Shared\Assets\Textures\Icons\Icons_Skills.dds	448	1664	63	63
Action_Paladin_LayOnHands_SmallHeal	Icons_Skills.lsx	Public\Shared\Assets\Textures\Icons\Icons_Skills.dds	512	1664	63	63
Action_Paladin_NaturesWrath	Icons_Skills.lsx	Public\Shared\Assets\Textures\Icons\Icons_Skills.dds	640	1664	63	63
Action_Paladin_SacredWeapon	Icons_Skills.lsx	Public\Shared\Assets\Textures\Icons\Icons_Skills.dds	704	1664	63	63
Action_Paladin_SpitefulSuffering	Icons_Skills.lsx	Public\Shared\Assets\Textures\Icons\Icons_Skills.dds	832	1664	63	63
Action_Paladin_TurnTheFaithless	Icons_Skills.lsx	Public\Shared\Assets\Textures\Icons\Icons_Skills.dds	960	1664	63	63
Action_Paladin_TurnTheUnholy	Icons_Skills.lsx	Public\Shared\Assets\Textures\Icons\Icons_Skills.dds	256	1664	63	63
Action_Paladin_VowOfEnmity	Icons_Skills.lsx	Public\Shared\Assets\Textures\Icons\Icons_Skills.dds	1024	1664	63	63
Action_Perform_Drum	Icons_Skills.lsx	Public\Shared\Assets\Textures\Icons\Icons_Skills.dds	1600	1344	63	63
Action_Perform_Flute	Icons_Skills.lsx	Public\Shared\Assets\Textures\Icons\Icons_Skills.dds	1408	1344	63	63
Action_Perform_Lute	Icons_Skills.lsx	Public\Shared\Assets\Textures\Icons\Icons_Skills.dds	1664	1344	63	63
Action_Perform_Lyre	Icons_Skills.lsx	Public\Shared\Assets\Textures\Icons\Icons_Skills.dds	1472	1344	63	63
Action_Perform_Violin	Icons_Skills.lsx	Public\Shared\Assets\Textures\Icons\Icons_Skills.dds	1536	1344	63	63
Action_Perform_Voice	Icons_Skills.lsx	Public\Shared\Assets\Textures\Icons\Icons_Skills.dds	1728	1344	63	63
Action_PiercingShot	Icons_Skills.lsx	Public\Shared\Assets\Textures\Icons\Icons_Skills.dds	1536	960	63	63
Action_PiercingThrust	Icons_Skills.lsx	Public\Shared\Assets\Textures\Icons\Icons_Skills.dds	1600	960	63	63
Action_PinDown	Icons_Skills.lsx	Public\Shared\Assets\Textures\Icons\Icons_Skills.dds	1280	0	63	63
Action_PommelStrike	Icons_Skills.lsx	Public\Shared\Assets\Textures\Icons\Icons_Skills.dds	1088	896	63	63
Action_PostureBreaker	Icons_Skills.lsx	Public\Shared\Assets\Textures\Icons\Icons_Skills.dds	1152	896	63	63
Action_Pounce_HookHorror	Icons_Skills.lsx	Public\Shared\Assets\Textures\Icons\Icons_Skills.dds	1536	1472	63	63
Action_PushingAttack_Melee	Icons_Skills.lsx	Public\Shared\Assets\Textures\Icons\Icons_Skills.dds	768	129	63	63
Action_PushingAttack_Ranged	Icons_Skills.lsx	Public\Shared\Assets\Textures\Icons\Icons_Skills.dds	832	129	63	63
Action_Quasit_Claws	Icons_Skills.lsx	Public\Shared\Assets\Textures\Icons\Icons_Skills.dds	1472	448	63	63
Action_Quasit_Invisibility	Icons_Skills.lsx	Public\Shared\Assets\Textures\Icons\Icons_Skills.dds	384	448	63	63
Action_Quasit_Scare	Icons_Skills.lsx	Public\Shared\Assets\Textures\Icons\Icons_Skills.dds	1408	448	63	63
Action_Ranger_RangersCompanion_Bear	Icons_Skills.lsx	Public\Shared\Assets\Textures\Icons\Icons_Skills.dds	1728	320	63	63
Action_Ranger_RangersCompanion_Boar	Icons_Skills.lsx	Public\Shared\Assets\Textures\Icons\Icons_Skills.dds	1664	320	63	63
Action_Ranger_RangersCompanion_GiantSpider	Icons_Skills.lsx	Public\Shared\Assets\Textures\Icons\Icons_Skills.dds	1600	320	63	63
Action_Ranger_RangersCompanion_Raven	Icons_Skills.lsx	Public\Shared\Assets\Textures\Icons\Icons_Skills.dds	1536	320	63	63
Action_Ranger_RangersCompanion_Wolf	Icons_Skills.lsx	Public\Shared\Assets\Textures\Icons\Icons_Skills.dds	1088	448	63	63
Action_Rat_PlagueBite	Icons_Skills.lsx	Public\Shared\Assets\Textures\Icons\Icons_Skills.dds	1344	448	63	63
Action_Raven_BadOmen	Icons_Skills.lsx	Public\Shared\Assets\Textures\Icons\Icons_Skills.dds	512	1600	63	63
Action_Raven_BeakAttack	Icons_Skills.lsx	Public\Shared\Assets\Textures\Icons\Icons_Skills.dds	640	832	63	63
Action_Raven_RendVision	Icons_Skills.lsx	Public\Shared\Assets\Textures\Icons\Icons_Skills.dds	1280	448	63	63
Action_RegainHP	Icons_Skills.lsx	Public\Shared\Assets\Textures\Icons\Icons_Skills.dds	320	129	63	63
Action_Riposte	Icons_Skills.lsx	Public\Shared\Assets\Textures\Icons\Icons_Skills.dds	1408	256	63	63
Action_Rush	Icons_Skills.lsx	Public\Shared\Assets\Textures\Icons\Icons_Skills.dds	0	65	63	63
Action_Rush_New	Icons_Skills.lsx	Public\Shared\Assets\Textures\Icons\Icons_Skills.dds	1984	960	63	63
Action_SacrificeToLoviatar	Icons_Skills.lsx	Public\Shared\Assets\Textures\Icons\Icons_Skills.dds	1600	640	63	63
Action_SelunesDream	Icons_Skills.lsx	Public\Shared\Assets\Textures\Icons\Icons_Skills.dds	1664	640	63	63
Action_Shove	Icons_Skills.lsx	Public\Shared\Assets\Textures\Icons\Icons_Skills.dds	1344	0	63	63
Action_ShroudedInShadow	Icons_Skills.lsx	Public\Shared\Assets\Textures\Icons\Icons_Skills.dds	960	832	63	63
Action_Singing	Icons_Skills.lsx	Public\Shared\Assets\Textures\Icons\Icons_Skills.dds	1792	640	63	63
Action_Slam	Icons_Skills.lsx	Public\Shared\Assets\Textures\Icons\Icons_Skills.dds	640	640	63	63
Action_Slash	Icons_Skills.lsx	Public\Shared\Assets\Textures\Icons\Icons_Skills.dds	1408	0	63	63
Action_Slash_New	Icons_Skills.lsx	Public\Shared\Assets\Textures\Icons\Icons_Skills.dds	1152	960	63	63
Action_Smash	Icons_Skills.lsx	Public\Shared\Assets\Textures\Icons\Icons_Skills.dds	640	65	63	63
Action_SneakAttack_Melee	Icons_Skills.lsx	Public\Shared\Assets\Textures\Icons\Icons_Skills.dds	1088	129	63	63
Action_SneakAttack_Ranged	Icons_Skills.lsx	Public\Shared\Assets\Textures\Icons\Icons_Skills.dds	1152	129	63	63
Action_Song_BardDance	Icons_Skills.lsx	Public\Shared\Assets\Textures\Icons\Icons_Skills.dds	1280	1472	63	63
Action_Song_OldTimeBattles	Icons_Skills.lsx	Public\Shared\Assets\Textures\Icons\Icons_Skills.dds	1216	1472	63	63
Action_Song_ThePower	Icons_Skills.lsx	Public\Shared\Assets\Textures\Icons\Icons_Skills.dds	1152	1472	63	63
Action_SoulBranding	Icons_Skills.lsx	Public\Shared\Assets\Textures\Icons\Icons_Skills.dds	129	1984	63	63
Action_Spider_Entomb	Icons_Skills.lsx	Public\Shared\Assets\Textures\Icons\Icons_Skills.dds	448	1600	63	63
Action_Spider_Giant_PoisonousBite	Icons_Skills.lsx	Public\Shared\Assets\Textures\Icons\Icons_Skills.dds	320	448	63	63
Action_Spider_Giant_Web	Icons_Skills.lsx	Public\Shared\Assets\Textures\Icons\Icons_Skills.dds	1216	448	63	63
Action_Spider_Tiny_Bite	Icons_Skills.lsx	Public\Shared\Assets\Textures\Icons\Icons_Skills.dds	256	448	63	63
Action_Sprint	Icons_Skills.lsx	Public\Shared\Assets\Textures\Icons\Icons_Skills.dds	320	1344	63	63
Action_Steady	Icons_Skills.lsx	Public\Shared\Assets\Textures\Icons\Icons_Skills.dds	1472	896	63	63
Action_Steady_Ranged	Icons_Skills.lsx	Public\Shared\Assets\Textures\Icons\Icons_Skills.dds	256	1024	63	63
Action_Sweep	Icons_Skills.lsx	Public\Shared\Assets\Textures\Icons\Icons_Skills.dds	1472	0	63	63
Action_TalkToAmulet	Icons_Skills.lsx	Public\Shared\Assets\Textures\Icons\Icons_Skills.dds	1344	1088	63	63
Action_Throw	Icons_Skills.lsx	Public\Shared\Assets\Textures\Icons\Icons_Skills.dds	384	129	63	63
Action_ThrowWeapon	Icons_Skills.lsx	Public\Shared\Assets\Textures\Icons\Icons_Skills.dds	704	1152	63	63
Action_Topple	Icons_Skills.lsx	Public\Shared\Assets\Textures\Icons\Icons_Skills.dds	1664	960	63	63
Action_TossACoin	Icons_Skills.lsx	Public\Shared\Assets\Textures\Icons\Icons_Skills.dds	1536	1984	63	63
Action_Trip	Icons_Skills.lsx	Public\Shared\Assets\Textures\Icons\Icons_Skills.dds	1536	0	63	63
Action_TripAttack_Melee	Icons_Skills.lsx	Public\Shared\Assets\Textures\Icons\Icons_Skills.dds	704	448	63	63
Action_TripAttack_Ranged	Icons_Skills.lsx	Public\Shared\Assets\Textures\Icons\Icons_Skills.dds	768	448	63	63
Action_UnarmedAttack	Icons_Skills.lsx	Public\Shared\Assets\Textures\Icons\Icons_Skills.dds	640	704	63	63
Action_VampireBite	Icons_Skills.lsx	Public\Shared\Assets\Textures\Icons\Icons_Skills.dds	129	384	63	63
Action_Warlock_OneWithShadows	Icons_Skills.lsx	Public\Shared\Assets\Textures\Icons\Icons_Skills.dds	1984	1472	63	63
Action_Warlock_PactOfTheChain_Imp	Icons_Skills.lsx	Public\Shared\Assets\Textures\Icons\Icons_Skills.dds	1408	320	63	63
Action_Warlock_PactOfTheChain_Quasit	Icons_Skills.lsx	Public\Shared\Assets\Textures\Icons\Icons_Skills.dds	1024	448	63	63
Action_WeaponBond	Icons_Skills.lsx	Public\Shared\Assets\Textures\Icons\Icons_Skills.dds	1536	1280	63	63
Action_Wolf_Bite	Icons_Skills.lsx	Public\Shared\Assets\Textures\Icons\Icons_Skills.dds	1152	448	63	63
Action_Wolf_InfectiousBite	Icons_Skills.lsx	Public\Shared\Assets\Textures\Icons\Icons_Skills.dds	384	1600	63	63
Action_Zombie_Slam	Icons_Skills.lsx	Public\Shared\Assets\Textures\Icons\Icons_Skills.dds	129	1728	63	63
GEN_Skill	Icons_Skills.lsx	Public\Shared\Assets\Textures\Icons\Icons_Skills.dds	1088	0	63	63
PassiveAction_DefensiveDualist	Icons_Skills.lsx	Public\Shared\Assets\Textures\Icons\Icons_Skills.dds	256	640	63	63
PassiveAction_FightingStyle_Protection	Icons_Skills.lsx	Public\Shared\Assets\Textures\Icons\Icons_Skills.dds	256	384	63	63
PassiveAction_GiantKiller	Icons_Skills.lsx	Public\Shared\Assets\Textures\Icons\Icons_Skills.dds	320	640	63	63
PassiveAction_GreatWeaponMaster_AllIn	Icons_Skills.lsx	Public\Shared\Assets\Textures\Icons\Icons_Skills.dds	193	640	63	63
PassiveAction_OpportunityAttack	Icons_Skills.lsx	Public\Shared\Assets\Textures\Icons\Icons_Skills.dds	193	384	63	63
PassiveAction_Overwhelm	Icons_Skills.lsx	Public\Shared\Assets\Textures\Icons\Icons_Skills.dds	1792	960	63	63
PassiveAction_RepellingBlast	Icons_Skills.lsx	Public\Shared\Assets\Textures\Icons\Icons_Skills.dds	448	384	63	63
PassiveAction_Riposte	Icons_Skills.lsx	Public\Shared\Assets\Textures\Icons\Icons_Skills.dds	320	384	63	63
PassiveAction_ShieldMaster_Block	Icons_Skills.lsx	Public\Shared\Assets\Textures\Icons\Icons_Skills.dds	129	640	63	63
PassiveAction_WardingFlare	Icons_Skills.lsx	Public\Shared\Assets\Textures\Icons\Icons_Skills.dds	384	384	63	63
PassiveFeature_AgonizingBlast	Icons_Skills.lsx	Public\Shared\Assets\Textures\Icons\Icons_Skills.dds	1280	1216	63	63
PassiveFeature_ArcaneBattery	Icons_Skills.lsx	Public\Shared\Assets\Textures\Icons\Icons_Skills.dds	832	1920	63	63
PassiveFeature_ArcaneWard	Icons_Skills.lsx	Public\Shared\Assets\Textures\Icons\Icons_Skills.dds	1344	1216	63	63
PassiveFeature_ArmorOfAgathys	Icons_Skills.lsx	Public\Shared\Assets\Textures\Icons\Icons_Skills.dds	1408	1216	63	63
PassiveFeature_Athlete_StandUp	Icons_Skills.lsx	Public\Shared\Assets\Textures\Icons\Icons_Skills.dds	1472	1216	63	63
PassiveFeature_AttackOfOpportunity	Icons_Skills.lsx	Public\Shared\Assets\Textures\Icons\Icons_Skills.dds	1536	1216	63	63
PassiveFeature_AuraOfMurder	Icons_Skills.lsx	Public\Shared\Assets\Textures\Icons\Icons_Skills.dds	896	1920	63	63
PassiveFeature_BardicInspiration_Ability	Icons_Skills.lsx	Public\Shared\Assets\Textures\Icons\Icons_Skills.dds	1024	1344	63	63
PassiveFeature_BardicInspiration_Attack	Icons_Skills.lsx	Public\Shared\Assets\Textures\Icons\Icons_Skills.dds	1152	1344	63	63
PassiveFeature_BardicInspiration_Damage	Icons_Skills.lsx	Public\Shared\Assets\Textures\Icons\Icons_Skills.dds	1216	1344	63	63
PassiveFeature_BardicInspiration_Defense	Icons_Skills.lsx	Public\Shared\Assets\Textures\Icons\Icons_Skills.dds	1280	1344	63	63
PassiveFeature_ColossusSlayer	Icons_Skills.lsx	Public\Shared\Assets\Textures\Icons\Icons_Skills.dds	1600	1216	63	63
PassiveFeature_CompanionsBond	Icons_Skills.lsx	Public\Shared\Assets\Textures\Icons\Icons_Skills.dds	1664	1664	63	63
PassiveFeature_Counterspell	Icons_Skills.lsx	Public\Shared\Assets\Textures\Icons\Icons_Skills.dds	1728	1664	63	63
PassiveFeature_CuttingWords	Icons_Skills.lsx	Public\Shared\Assets\Textures\Icons\Icons_Skills.dds	1344	1344	63	63
PassiveFeature_DangerSense	Icons_Skills.lsx	Public\Shared\Assets\Textures\Icons\Icons_Skills.dds	1216	1216	63	63
PassiveFeature_DarkDevotion	Icons_Skills.lsx	Public\Shared\Assets\Textures\Icons\Icons_Skills.dds	65	1408	63	63
PassiveFeature_DarkOnesBlessing	Icons_Skills.lsx	Public\Shared\Assets\Textures\Icons\Icons_Skills.dds	1664	1216	63	63
PassiveFeature_Darkvision	Icons_Skills.lsx	Public\Shared\Assets\Textures\Icons\Icons_Skills.dds	1728	1216	63	63
PassiveFeature_DeepGnome_StoneCamouflage	Icons_Skills.lsx	Public\Shared\Assets\Textures\Icons\Icons_Skills.dds	129	1408	63	63
PassiveFeature_DefensiveDualist	Icons_Skills.lsx	Public\Shared\Assets\Textures\Icons\Icons_Skills.dds	1792	1216	63	63
PassiveFeature_DestroyUndead	Icons_Skills.lsx	Public\Shared\Assets\Textures\Icons\Icons_Skills.dds	1472	1664	63	63
PassiveFeature_DevilsSight	Icons_Skills.lsx	Public\Shared\Assets\Textures\Icons\Icons_Skills.dds	1856	1216	63	63
PassiveFeature_DiscipleOfLife	Icons_Skills.lsx	Public\Shared\Assets\Textures\Icons\Icons_Skills.dds	1920	1216	63	63
PassiveFeature_DivineHealth	Icons_Skills.lsx	Public\Shared\Assets\Textures\Icons\Icons_Skills.dds	832	1600	63	63
PassiveFeature_DraconicAncestry_Black	Icons_Skills.lsx	Public\Shared\Assets\Textures\Icons\Icons_Skills.dds	960	1920	63	63
PassiveFeature_DraconicAncestry_Blue	Icons_Skills.lsx	Public\Shared\Assets\Textures\Icons\Icons_Skills.dds	1024	1920	63	63
PassiveFeature_DraconicAncestry_Brass	Icons_Skills.lsx	Public\Shared\Assets\Textures\Icons\Icons_Skills.dds	1088	1920	63	63
PassiveFeature_DraconicAncestry_Bronze	Icons_Skills.lsx	Public\Shared\Assets\Textures\Icons\Icons_Skills.dds	1152	1920	63	63
PassiveFeature_DraconicAncestry_Copper	Icons_Skills.lsx	Public\Shared\Assets\Textures\Icons\Icons_Skills.dds	1216	1920	63	63
PassiveFeature_DraconicAncestry_Gold	Icons_Skills.lsx	Public\Shared\Assets\Textures\Icons\Icons_Skills.dds	1280	1920	63	63
PassiveFeature_DraconicAncestry_Green	Icons_Skills.lsx	Public\Shared\Assets\Textures\Icons\Icons_Skills.dds	1344	1920	63	63
PassiveFeature_DraconicAncestry_Red	Icons_Skills.lsx	Public\Shared\Assets\Textures\Icons\Icons_Skills.dds	1408	1920	63	63
PassiveFeature_DraconicAncestry_Silver	Icons_Skills.lsx	Public\Shared\Assets\Textures\Icons\Icons_Skills.dds	1472	1920	63	63
PassiveFeature_DraconicAncestry_White	Icons_Skills.lsx	Public\Shared\Assets\Textures\Icons\Icons_Skills.dds	1536	1920	63	63
PassiveFeature_DraconicResilience	Icons_Skills.lsx	Public\Shared\Assets\Textures\Icons\Icons_Skills.dds	1984	1216	63	63
PassiveFeature_Drow_DrowWeaponTraining	Icons_Skills.lsx	Public\Shared\Assets\Textures\Icons\Icons_Skills.dds	1088	1984	63	63
PassiveFeature_DualWielder_BonusAC	Icons_Skills.lsx	Public\Shared\Assets\Textures\Icons\Icons_Skills.dds	0	1280	63	63
PassiveFeature_DualWielder_PassiveBonuses	Icons_Skills.lsx	Public\Shared\Assets\Textures\Icons\Icons_Skills.dds	65	1280	63	63
PassiveFeature_Duergar_DuergarResilience	Icons_Skills.lsx	Public\Shared\Assets\Textures\Icons\Icons_Skills.dds	193	1408	63	63
PassiveFeature_Duergar_DwarvenResilience	Icons_Skills.lsx	Public\Shared\Assets\Textures\Icons\Icons_Skills.dds	256	1408	63	63
PassiveFeature_Durable	Icons_Skills.lsx	Public\Shared\Assets\Textures\Icons\Icons_Skills.dds	1600	1920	63	63
PassiveFeature_Dwarf_DwarvenCombatTraining	Icons_Skills.lsx	Public\Shared\Assets\Textures\Icons\Icons_Skills.dds	1152	1984	63	63
PassiveFeature_Elf_WeaponTraining	Icons_Skills.lsx	Public\Shared\Assets\Textures\Icons\Icons_Skills.dds	1216	1984	63	63
PassiveFeature_ExperimentalAlchemy	Icons_Skills.lsx	Public\Shared\Assets\Textures\Icons\Icons_Skills.dds	1664	1920	63	63
PassiveFeature_ExtraAttack	Icons_Skills.lsx	Public\Shared\Assets\Textures\Icons\Icons_Skills.dds	320	1408	63	63
PassiveFeature_FastHands	Icons_Skills.lsx	Public\Shared\Assets\Textures\Icons\Icons_Skills.dds	129	1280	63	63
PassiveFeature_FastMovement	Icons_Skills.lsx	Public\Shared\Assets\Textures\Icons\Icons_Skills.dds	1792	1664	63	63
PassiveFeature_FavoredEnemy_BountyHunter	Icons_Skills.lsx	Public\Shared\Assets\Textures\Icons\Icons_Skills.dds	384	1408	63	63
PassiveFeature_FavoredEnemy_KeeperOfTheVeil	Icons_Skills.lsx	Public\Shared\Assets\Textures\Icons\Icons_Skills.dds	448	1408	63	63
PassiveFeature_FavoredEnemy_MageBreaker	Icons_Skills.lsx	Public\Shared\Assets\Textures\Icons\Icons_Skills.dds	512	1408	63	63
PassiveFeature_FavoredEnemy_RangerKnight	Icons_Skills.lsx	Public\Shared\Assets\Textures\Icons\Icons_Skills.dds	576	1408	63	63
PassiveFeature_FavoredEnemy_SanctifiedStalker	Icons_Skills.lsx	Public\Shared\Assets\Textures\Icons\Icons_Skills.dds	640	1408	63	63
PassiveFeature_FeyAncestry	Icons_Skills.lsx	Public\Shared\Assets\Textures\Icons\Icons_Skills.dds	1088	1344	63	63
PassiveFeature_FightingStyle_Archery	Icons_Skills.lsx	Public\Shared\Assets\Textures\Icons\Icons_Skills.dds	704	1408	63	63
PassiveFeature_FightingStyle_Defense	Icons_Skills.lsx	Public\Shared\Assets\Textures\Icons\Icons_Skills.dds	768	1408	63	63
PassiveFeature_FightingStyle_Duelling	Icons_Skills.lsx	Public\Shared\Assets\Textures\Icons\Icons_Skills.dds	832	1408	63	63
PassiveFeature_FightingStyle_GreatWeaponFighting	Icons_Skills.lsx	Public\Shared\Assets\Textures\Icons\Icons_Skills.dds	193	1280	63	63
PassiveFeature_FightingStyle_Protection	Icons_Skills.lsx	Public\Shared\Assets\Textures\Icons\Icons_Skills.dds	256	1280	63	63
PassiveFeature_FightingStyle_TwoWeaponFighting	Icons_Skills.lsx	Public\Shared\Assets\Textures\Icons\Icons_Skills.dds	896	1408	63	63
PassiveFeature_FontOfInspiration	Icons_Skills.lsx	Public\Shared\Assets\Textures\Icons\Icons_Skills.dds	1536	1664	63	63
PassiveFeature_Generic	Icons_Skills.lsx	Public\Shared\Assets\Textures\Icons\Icons_Skills.dds	320	1024	63	63
PassiveFeature_GiantKiller	Icons_Skills.lsx	Public\Shared\Assets\Textures\Icons\Icons_Skills.dds	320	1280	63	63
PassiveFeature_Gith_MartialProdigy	Icons_Skills.lsx	Public\Shared\Assets\Textures\Icons\Icons_Skills.dds	1280	1984	63	63
PassiveFeature_Gnome_Cunning	Icons_Skills.lsx	Public\Shared\Assets\Textures\Icons\Icons_Skills.dds	960	1408	63	63
PassiveFeature_GreatWeaponMaster_BonusAttack	Icons_Skills.lsx	Public\Shared\Assets\Textures\Icons\Icons_Skills.dds	384	1280	63	63
PassiveFeature_GreatWeaponMaster_BonusDamage	Icons_Skills.lsx	Public\Shared\Assets\Textures\Icons\Icons_Skills.dds	448	1280	63	63
PassiveFeature_Halfling_Brave	Icons_Skills.lsx	Public\Shared\Assets\Textures\Icons\Icons_Skills.dds	1024	1408	63	63
PassiveFeature_Halfling_Lucky	Icons_Skills.lsx	Public\Shared\Assets\Textures\Icons\Icons_Skills.dds	1088	1408	63	63
PassiveFeature_HeavilyArmored	Icons_Skills.lsx	Public\Shared\Assets\Textures\Icons\Icons_Skills.dds	1152	1408	63	63
PassiveFeature_HellishRebuke	Icons_Skills.lsx	Public\Shared\Assets\Textures\Icons\Icons_Skills.dds	512	1280	63	63
PassiveFeature_Hex	Icons_Skills.lsx	Public\Shared\Assets\Textures\Icons\Icons_Skills.dds	576	1280	63	63
PassiveFeature_HumanMilitia	Icons_Skills.lsx	Public\Shared\Assets\Textures\Icons\Icons_Skills.dds	1344	1984	63	63
PassiveFeature_HuntersMark	Icons_Skills.lsx	Public\Shared\Assets\Textures\Icons\Icons_Skills.dds	640	1280	63	63
PassiveFeature_ImprovedDivineSmite	Icons_Skills.lsx	Public\Shared\Assets\Textures\Icons\Icons_Skills.dds	1088	1600	63	63
PassiveFeature_JackOfAllTrades	Icons_Skills.lsx	Public\Shared\Assets\Textures\Icons\Icons_Skills.dds	1216	1408	63	63
PassiveFeature_Land_Arctic	Icons_Skills.lsx	Public\Shared\Assets\Textures\Icons\Icons_Skills.dds	1280	1408	63	63
PassiveFeature_Land_Coast	Icons_Skills.lsx	Public\Shared\Assets\Textures\Icons\Icons_Skills.dds	1344	1408	63	63
PassiveFeature_Land_Desert	Icons_Skills.lsx	Public\Shared\Assets\Textures\Icons\Icons_Skills.dds	1408	1408	63	63
PassiveFeature_Land_Forest	Icons_Skills.lsx	Public\Shared\Assets\Textures\Icons\Icons_Skills.dds	1472	1408	63	63
PassiveFeature_Land_Grassland	Icons_Skills.lsx	Public\Shared\Assets\Textures\Icons\Icons_Skills.dds	1536	1408	63	63
PassiveFeature_Land_Mountain	Icons_Skills.lsx	Public\Shared\Assets\Textures\Icons\Icons_Skills.dds	1600	1408	63	63
PassiveFeature_Land_Swamp	Icons_Skills.lsx	Public\Shared\Assets\Textures\Icons\Icons_Skills.dds	1664	1408	63	63
PassiveFeature_Land_Underdark	Icons_Skills.lsx	Public\Shared\Assets\Textures\Icons\Icons_Skills.dds	1728	1408	63	63
PassiveFeature_LightlyArmored	Icons_Skills.lsx	Public\Shared\Assets\Textures\Icons\Icons_Skills.dds	1792	1408	63	63
PassiveFeature_MagicInitiateBard	Icons_Skills.lsx	Public\Shared\Assets\Textures\Icons\Icons_Skills.dds	1088	1472	63	63
PassiveFeature_MagicInitiateCleric	Icons_Skills.lsx	Public\Shared\Assets\Textures\Icons\Icons_Skills.dds	1856	1408	63	63
PassiveFeature_MagicInitiateDruid	Icons_Skills.lsx	Public\Shared\Assets\Textures\Icons\Icons_Skills.dds	1920	1408	63	63
PassiveFeature_MagicInitiateSorcerer	Icons_Skills.lsx	Public\Shared\Assets\Textures\Icons\Icons_Skills.dds	1984	1408	63	63
PassiveFeature_MagicInitiateWarlock	Icons_Skills.lsx	Public\Shared\Assets\Textures\Icons\Icons_Skills.dds	0	1472	63	63
PassiveFeature_MagicInitiateWizard	Icons_Skills.lsx	Public\Shared\Assets\Textures\Icons\Icons_Skills.dds	65	1472	63	63
PassiveFeature_MartialAdept	Icons_Skills.lsx	Public\Shared\Assets\Textures\Icons\Icons_Skills.dds	129	1472	63	63
PassiveFeature_Mobile_CounterAttackOfOpportunity	Icons_Skills.lsx	Public\Shared\Assets\Textures\Icons\Icons_Skills.dds	704	1280	63	63
PassiveFeature_Mobile_DashAcrossDifficultTerrain	Icons_Skills.lsx	Public\Shared\Assets\Textures\Icons\Icons_Skills.dds	768	1280	63	63
PassiveFeature_ModeratelyArmored	Icons_Skills.lsx	Public\Shared\Assets\Textures\Icons\Icons_Skills.dds	193	1472	63	63
PassiveFeature_MountainDwarf_DwarvenArmorTraining	Icons_Skills.lsx	Public\Shared\Assets\Textures\Icons\Icons_Skills.dds	1408	1984	63	63
PassiveFeature_NaturalExplorer_BeastTamer	Icons_Skills.lsx	Public\Shared\Assets\Textures\Icons\Icons_Skills.dds	256	1472	63	63
PassiveFeature_NaturalExplorer_ExpertClimber	Icons_Skills.lsx	Public\Shared\Assets\Textures\Icons\Icons_Skills.dds	320	1472	63	63
PassiveFeature_NaturalExplorer_UrbanTracker	Icons_Skills.lsx	Public\Shared\Assets\Textures\Icons\Icons_Skills.dds	384	1472	63	63
PassiveFeature_NaturalExplorer_WastelandWanderer_Cold	Icons_Skills.lsx	Public\Shared\Assets\Textures\Icons\Icons_Skills.dds	448	1472	63	63
PassiveFeature_NaturalExplorer_WastelandWanderer_Fire	Icons_Skills.lsx	Public\Shared\Assets\Textures\Icons\Icons_Skills.dds	512	1472	63	63
PassiveFeature_NaturalExplorer_WastelandWanderer_Poison	Icons_Skills.lsx	Public\Shared\Assets\Textures\Icons\Icons_Skills.dds	576	1472	63	63
PassiveFeature_RelentlessAvenger	Icons_Skills.lsx	Public\Shared\Assets\Textures\Icons\Icons_Skills.dds	1216	1600	63	63
PassiveFeature_RepellingBlast	Icons_Skills.lsx	Public\Shared\Assets\Textures\Icons\Icons_Skills.dds	832	1280	63	63
PassiveFeature_Riposte	Icons_Skills.lsx	Public\Shared\Assets\Textures\Icons\Icons_Skills.dds	896	1280	63	63
PassiveFeature_RockGnome_ArtificersLore	Icons_Skills.lsx	Public\Shared\Assets\Textures\Icons\Icons_Skills.dds	640	1472	63	63
PassiveFeature_SculptSpells	Icons_Skills.lsx	Public\Shared\Assets\Textures\Icons\Icons_Skills.dds	960	1280	63	63
PassiveFeature_SecondStoryWork_Falling	Icons_Skills.lsx	Public\Shared\Assets\Textures\Icons\Icons_Skills.dds	1024	1280	63	63
PassiveFeature_Shield	Icons_Skills.lsx	Public\Shared\Assets\Textures\Icons\Icons_Skills.dds	704	1472	63	63
PassiveFeature_ShieldMaster_Block	Icons_Skills.lsx	Public\Shared\Assets\Textures\Icons\Icons_Skills.dds	1088	1280	63	63
PassiveFeature_ShieldMaster_Dodge	Icons_Skills.lsx	Public\Shared\Assets\Textures\Icons\Icons_Skills.dds	1152	1280	63	63
PassiveFeature_ShieldMaster_PassiveBonuses	Icons_Skills.lsx	Public\Shared\Assets\Textures\Icons\Icons_Skills.dds	768	1472	63	63
PassiveFeature_SunlightSensitivity	Icons_Skills.lsx	Public\Shared\Assets\Textures\Icons\Icons_Skills.dds	1216	1280	63	63
PassiveFeature_SuperiorDarkvision	Icons_Skills.lsx	Public\Shared\Assets\Textures\Icons\Icons_Skills.dds	1280	1280	63	63
PassiveFeature_TidesOfChaos	Icons_Skills.lsx	Public\Shared\Assets\Textures\Icons\Icons_Skills.dds	1344	1280	63	63
PassiveFeature_Tiefling_HellishResistance	Icons_Skills.lsx	Public\Shared\Assets\Textures\Icons\Icons_Skills.dds	832	1472	63	63
PassiveFeature_Tough	Icons_Skills.lsx	Public\Shared\Assets\Textures\Icons\Icons_Skills.dds	896	1472	63	63
PassiveFeature_UnarmoredDefense_Barbarian	Icons_Skills.lsx	Public\Shared\Assets\Textures\Icons\Icons_Skills.dds	1408	1280	63	63
PassiveFeature_UncannyDodge	Icons_Skills.lsx	Public\Shared\Assets\Textures\Icons\Icons_Skills.dds	1600	1664	63	63
PassiveFeature_WardingFlare	Icons_Skills.lsx	Public\Shared\Assets\Textures\Icons\Icons_Skills.dds	1472	1280	63	63
PassiveFeature_WildMagicSurge	Icons_Skills.lsx	Public\Shared\Assets\Textures\Icons\Icons_Skills.dds	384	1024	63	63
Projectile_MainHandAttack	Icons_Skills.lsx	Public\Shared\Assets\Textures\Icons\Icons_Skills.dds	1408	576	63	63
Projectile_OffHandAttack	Icons_Skills.lsx	Public\Shared\Assets\Textures\Icons\Icons_Skills.dds	1344	576	63	63
Skill_Druid_FlamingSphere_Move	Icons_Skills.lsx	Public\Shared\Assets\Textures\Icons\Icons_Skills.dds	1408	768	63	63
Skill_Druid_FlamingSphere_Ram	Icons_Skills.lsx	Public\Shared\Assets\Textures\Icons\Icons_Skills.dds	1344	768	63	63
Skill_Druid_MoonBeam_Move	Icons_Skills.lsx	Public\Shared\Assets\Textures\Icons\Icons_Skills.dds	960	768	63	63
Skill_Druid_NaturalRecovery	Icons_Skills.lsx	Public\Shared\Assets\Textures\Icons\Icons_Skills.dds	576	768	63	63
Skill_Druid_WildShape	Icons_Skills.lsx	Public\Shared\Assets\Textures\Icons\Icons_Skills.dds	512	832	63	63
Skill_Druid_WildShape_Bear	Icons_Skills.lsx	Public\Shared\Assets\Textures\Icons\Icons_Skills.dds	960	576	63	63
Skill_Druid_WildShape_Boar	Icons_Skills.lsx	Public\Shared\Assets\Textures\Icons\Icons_Skills.dds	1600	1280	63	63
Skill_Druid_WildShape_Cat	Icons_Skills.lsx	Public\Shared\Assets\Textures\Icons\Icons_Skills.dds	704	832	63	63
Skill_Druid_WildShape_DeepRothé	Icons_Skills.lsx	Public\Shared\Assets\Textures\Icons\Icons_Skills.dds	1920	704	63	63
Skill_Druid_WildShape_DeepRothe	Icons_Skills.lsx	Public\Shared\Assets\Textures\Icons\Icons_Skills.dds	832	768	63	63
Skill_Druid_WildShape_DireWolf	Icons_Skills.lsx	Public\Shared\Assets\Textures\Icons\Icons_Skills.dds	1984	704	63	63
Skill_Druid_WildShape_Dismiss	Icons_Skills.lsx	Public\Shared\Assets\Textures\Icons\Icons_Skills.dds	896	768	63	63
Skill_Druid_WildShape_GiantBadger	Icons_Skills.lsx	Public\Shared\Assets\Textures\Icons\Icons_Skills.dds	1856	704	63	63
Skill_Druid_WildShape_GiantSpider	Icons_Skills.lsx	Public\Shared\Assets\Textures\Icons\Icons_Skills.dds	0	768	63	63
Skill_Druid_WildShape_Heal	Icons_Skills.lsx	Public\Shared\Assets\Textures\Icons\Icons_Skills.dds	256	832	63	63
Skill_Druid_WildShape_Heal_2	Icons_Skills.lsx	Public\Shared\Assets\Textures\Icons\Icons_Skills.dds	193	832	63	63
Skill_Druid_WildShape_PolarBear	Icons_Skills.lsx	Public\Shared\Assets\Textures\Icons\Icons_Skills.dds	1280	768	63	63
Skill_Druid_WildShape_Rat	Icons_Skills.lsx	Public\Shared\Assets\Textures\Icons\Icons_Skills.dds	1024	576	63	63
Skill_Druid_WildShape_Raven	Icons_Skills.lsx	Public\Shared\Assets\Textures\Icons\Icons_Skills.dds	768	832	63	63
Skill_Fighter_ActionSurge	Icons_Skills.lsx	Public\Shared\Assets\Textures\Icons\Icons_Skills.dds	448	65	63	63
Skill_Fighter_Rally	Icons_Skills.lsx	Public\Shared\Assets\Textures\Icons\Icons_Skills.dds	1536	256	63	63
Skill_Fighter_SecondWind	Icons_Skills.lsx	Public\Shared\Assets\Textures\Icons\Icons_Skills.dds	1600	0	63	63
Skill_Ranger_RangersCompanion	Icons_Skills.lsx	Public\Shared\Assets\Textures\Icons\Icons_Skills.dds	65	0	63	63
Skill_Shout_StaticOverdrive_Automaton	Icons_Skills.lsx	Public\Shared\Assets\Textures\Icons\Icons_Skills.dds	1600	576	63	63
Skill_Sorcerer_CreateSorceryPoints_1	Icons_Skills.lsx	Public\Shared\Assets\Textures\Icons\Icons_Skills.dds	896	1024	63	63
Skill_Sorcerer_CreateSorceryPoints_2	Icons_Skills.lsx	Public\Shared\Assets\Textures\Icons\Icons_Skills.dds	960	1024	63	63
Skill_Sorcerer_CreateSorceryPoints_3	Icons_Skills.lsx	Public\Shared\Assets\Textures\Icons\Icons_Skills.dds	1024	1024	63	63
Skill_Sorcerer_CreateSorceryPoints_4	Icons_Skills.lsx	Public\Shared\Assets\Textures\Icons\Icons_Skills.dds	1088	1024	63	63
Skill_Sorcerer_CreateSpellSlot_1	Icons_Skills.lsx	Public\Shared\Assets\Textures\Icons\Icons_Skills.dds	1152	1024	63	63
Skill_Sorcerer_CreateSpellSlot_2	Icons_Skills.lsx	Public\Shared\Assets\Textures\Icons\Icons_Skills.dds	1216	1024	63	63
Skill_Sorcerer_CreateSpellSlot_3	Icons_Skills.lsx	Public\Shared\Assets\Textures\Icons\Icons_Skills.dds	1280	1024	63	63
Skill_Sorcerer_CreateSpellSlot_4	Icons_Skills.lsx	Public\Shared\Assets\Textures\Icons\Icons_Skills.dds	1344	1024	63	63
Skill_Sorcerer_Passive_Metamagic_CarefulSpell	Icons_Skills.lsx	Public\Shared\Assets\Textures\Icons\Icons_Skills.dds	1408	1024	63	63
Skill_Sorcerer_Passive_Metamagic_DistantSpell	Icons_Skills.lsx	Public\Shared\Assets\Textures\Icons\Icons_Skills.dds	1536	1024	63	63
Skill_Sorcerer_Passive_Metamagic_ExtendedSpell	Icons_Skills.lsx	Public\Shared\Assets\Textures\Icons\Icons_Skills.dds	1728	1024	63	63
Skill_Sorcerer_Passive_Metamagic_HeightenedSpell	Icons_Skills.lsx	Public\Shared\Assets\Textures\Icons\Icons_Skills.dds	1792	1024	63	63
Skill_Sorcerer_Passive_Metamagic_QuickenedSpell	Icons_Skills.lsx	Public\Shared\Assets\Textures\Icons\Icons_Skills.dds	1856	1024	63	63
Skill_Sorcerer_Passive_Metamagic_SubtleSpell	Icons_Skills.lsx	Public\Shared\Assets\Textures\Icons\Icons_Skills.dds	1920	1024	63	63
Skill_Sorcerer_Passive_Metamagic_TwinnedSpell	Icons_Skills.lsx	Public\Shared\Assets\Textures\Icons\Icons_Skills.dds	1984	1024	63	63
Skill_Sorcerer_Passive_TidesOfChaos	Icons_Skills.lsx	Public\Shared\Assets\Textures\Icons\Icons_Skills.dds	0	1088	63	63
Skill_Warlock_BindPactWeapon	Icons_Skills.lsx	Public\Shared\Assets\Textures\Icons\Icons_Skills.dds	704	320	63	63
Skill_Warlock_DismissPactWeapon	Icons_Skills.lsx	Public\Shared\Assets\Textures\Icons\Icons_Skills.dds	640	320	63	63
Skill_Warlock_PactOfTheBlade_BoundWeapon	Icons_Skills.lsx	Public\Shared\Assets\Textures\Icons\Icons_Skills.dds	0	320	63	63
Skill_Warlock_PactOfTheChain_Imp	Icons_Skills.lsx	Public\Shared\Assets\Textures\Icons\Icons_Skills.dds	1792	256	63	63
Skill_Wizard_ArcaneRecovery	Icons_Skills.lsx	Public\Shared\Assets\Textures\Icons\Icons_Skills.dds	1664	0	63	63
Skill_Wizard_LearnSpell	Icons_Skills.lsx	Public\Shared\Assets\Textures\Icons\Icons_Skills.dds	768	65	63	63
Spell_Abjuration_Aid	Icons_Skills.lsx	Public\Shared\Assets\Textures\Icons\Icons_Skills.dds	1344	320	63	63
Spell_Abjuration_ArmorOfAgathys	Icons_Skills.lsx	Public\Shared\Assets\Textures\Icons\Icons_Skills.dds	1152	320	63	63
Spell_Abjuration_ArmorOfAgathys_2	Icons_Skills.lsx	Public\Shared\Assets\Textures\Icons\Icons_Skills.dds	1152	512	63	63
Spell_Abjuration_BeaconOfHope	Icons_Skills.lsx	Public\Shared\Assets\Textures\Icons\Icons_Skills.dds	0	1536	63	63
Spell_Abjuration_BladeWard	Icons_Skills.lsx	Public\Shared\Assets\Textures\Icons\Icons_Skills.dds	129	0	63	63
Spell_Abjuration_Counterspell	Icons_Skills.lsx	Public\Shared\Assets\Textures\Icons\Icons_Skills.dds	65	1728	63	63
Spell_Abjuration_GlyphOfWarding_Detonation	Icons_Skills.lsx	Public\Shared\Assets\Textures\Icons\Icons_Skills.dds	256	1728	63	63
Spell_Abjuration_GlyphOfWarding_ExplosiveRunes	Icons_Skills.lsx	Public\Shared\Assets\Textures\Icons\Icons_Skills.dds	65	1536	63	63
Spell_Abjuration_GlyphOfWarding_ExplosiveRunes_Acid	Icons_Skills.lsx	Public\Shared\Assets\Textures\Icons\Icons_Skills.dds	129	1536	63	63
Spell_Abjuration_GlyphOfWarding_ExplosiveRunes_Cold	Icons_Skills.lsx	Public\Shared\Assets\Textures\Icons\Icons_Skills.dds	193	1536	63	63
Spell_Abjuration_GlyphOfWarding_ExplosiveRunes_Fire	Icons_Skills.lsx	Public\Shared\Assets\Textures\Icons\Icons_Skills.dds	256	1536	63	63
Spell_Abjuration_GlyphOfWarding_ExplosiveRunes_Lightning	Icons_Skills.lsx	Public\Shared\Assets\Textures\Icons\Icons_Skills.dds	320	1536	63	63
Spell_Abjuration_GlyphOfWarding_ExplosiveRunes_Thunder	Icons_Skills.lsx	Public\Shared\Assets\Textures\Icons\Icons_Skills.dds	384	1536	63	63
Spell_Abjuration_GlyphOfWarding_Sleep	Icons_Skills.lsx	Public\Shared\Assets\Textures\Icons\Icons_Skills.dds	320	1728	63	63
Spell_Abjuration_LesserRestoration	Icons_Skills.lsx	Public\Shared\Assets\Textures\Icons\Icons_Skills.dds	1280	320	63	63
Spell_Abjuration_MageArmor	Icons_Skills.lsx	Public\Shared\Assets\Textures\Icons\Icons_Skills.dds	1024	65	63	63
Spell_Abjuration_MageArmor_2	Icons_Skills.lsx	Public\Shared\Assets\Textures\Icons\Icons_Skills.dds	1216	512	63	63
Spell_Abjuration_PassWithoutTrace	Icons_Skills.lsx	Public\Shared\Assets\Textures\Icons\Icons_Skills.dds	1408	384	63	63
Spell_Abjuration_ProtectionFromEnergy	Icons_Skills.lsx	Public\Shared\Assets\Textures\Icons\Icons_Skills.dds	448	1536	63	63
Spell_Abjuration_ProtectionFromEnergy_Acid	Icons_Skills.lsx	Public\Shared\Assets\Textures\Icons\Icons_Skills.dds	512	1536	63	63
Spell_Abjuration_ProtectionFromEnergy_Cold	Icons_Skills.lsx	Public\Shared\Assets\Textures\Icons\Icons_Skills.dds	576	1536	63	63
Spell_Abjuration_ProtectionFromEnergy_Fire	Icons_Skills.lsx	Public\Shared\Assets\Textures\Icons\Icons_Skills.dds	640	1536	63	63
Spell_Abjuration_ProtectionFromEnergy_Lightning	Icons_Skills.lsx	Public\Shared\Assets\Textures\Icons\Icons_Skills.dds	704	1536	63	63
Spell_Abjuration_ProtectionFromEnergy_Thunder	Icons_Skills.lsx	Public\Shared\Assets\Textures\Icons\Icons_Skills.dds	768	1536	63	63
Spell_Abjuration_ProtectionFromEvilAndGood	Icons_Skills.lsx	Public\Shared\Assets\Textures\Icons\Icons_Skills.dds	1216	320	63	63
Spell_Abjuration_ProtectionFromEvilAndGood_2	Icons_Skills.lsx	Public\Shared\Assets\Textures\Icons\Icons_Skills.dds	1280	512	63	63
Spell_Abjuration_ProtectionFromPoison	Icons_Skills.lsx	Public\Shared\Assets\Textures\Icons\Icons_Skills.dds	1728	704	63	63
Spell_Abjuration_RemoveCurse	Icons_Skills.lsx	Public\Shared\Assets\Textures\Icons\Icons_Skills.dds	640	1728	63	63
Spell_Abjuration_Resistance	Icons_Skills.lsx	Public\Shared\Assets\Textures\Icons\Icons_Skills.dds	0	129	63	63
Spell_Abjuration_Sanctuary	Icons_Skills.lsx	Public\Shared\Assets\Textures\Icons\Icons_Skills.dds	768	1664	63	63
Spell_Abjuration_ShieldOfFaith	Icons_Skills.lsx	Public\Shared\Assets\Textures\Icons\Icons_Skills.dds	193	129	63	63
Spell_Abjuration_ShieldOfFaith_2	Icons_Skills.lsx	Public\Shared\Assets\Textures\Icons\Icons_Skills.dds	1344	512	63	63
Spell_Abjuration_Transmutation_Shillelagh	Icons_Skills.lsx	Public\Shared\Assets\Textures\Icons\Icons_Skills.dds	704	768	63	63
Spell_Abjuration_WardingBond	Icons_Skills.lsx	Public\Shared\Assets\Textures\Icons\Icons_Skills.dds	1472	256	63	63
Spell_Cleric_TurnUndead	Icons_Skills.lsx	Public\Shared\Assets\Textures\Icons\Icons_Skills.dds	1024	129	63	63
Spell_Conjuration_AcidSplash	Icons_Skills.lsx	Public\Shared\Assets\Textures\Icons\Icons_Skills.dds	1728	0	63	63
Spell_Conjuration_ArmsOfHadar	Icons_Skills.lsx	Public\Shared\Assets\Textures\Icons\Icons_Skills.dds	960	320	63	63
Spell_Conjuration_ArmsOfHadar_2	Icons_Skills.lsx	Public\Shared\Assets\Textures\Icons\Icons_Skills.dds	1408	512	63	63
Spell_Conjuration_CallLightning	Icons_Skills.lsx	Public\Shared\Assets\Textures\Icons\Icons_Skills.dds	832	1536	63	63
Spell_Conjuration_CallLightning_Activate	Icons_Skills.lsx	Public\Shared\Assets\Textures\Icons\Icons_Skills.dds	896	1536	63	63
Spell_Conjuration_CloudOfDaggers	Icons_Skills.lsx	Public\Shared\Assets\Textures\Icons\Icons_Skills.dds	65	1088	63	63
Spell_Conjuration_EnsnaringStrikeMelee	Icons_Skills.lsx	Public\Shared\Assets\Textures\Icons\Icons_Skills.dds	193	0	63	63
Spell_Conjuration_EnsnaringStrikeMelee_2	Icons_Skills.lsx	Public\Shared\Assets\Textures\Icons\Icons_Skills.dds	256	576	63	63
Spell_Conjuration_EnsnaringStrikeRanged	Icons_Skills.lsx	Public\Shared\Assets\Textures\Icons\Icons_Skills.dds	256	0	63	63
Spell_Conjuration_EnsnaringStrikeRanged_2	Icons_Skills.lsx	Public\Shared\Assets\Textures\Icons\Icons_Skills.dds	320	576	63	63
Spell_Conjuration_Entangled	Icons_Skills.lsx	Public\Shared\Assets\Textures\Icons\Icons_Skills.dds	129	768	63	63
Spell_Conjuration_Entangled_2	Icons_Skills.lsx	Public\Shared\Assets\Textures\Icons\Icons_Skills.dds	1024	832	63	63
Spell_Conjuration_FindFamiliar	Icons_Skills.lsx	Public\Shared\Assets\Textures\Icons\Icons_Skills.dds	0	193	63	63
Spell_Conjuration_FindFamiliar_Crab	Icons_Skills.lsx	Public\Shared\Assets\Textures\Icons\Icons_Skills.dds	0	384	63	63
Spell_Conjuration_FindFamiliar_Frog	Icons_Skills.lsx	Public\Shared\Assets\Textures\Icons\Icons_Skills.dds	1984	320	63	63
Spell_Conjuration_FindFamiliar_Rat	Icons_Skills.lsx	Public\Shared\Assets\Textures\Icons\Icons_Skills.dds	1920	320	63	63
Spell_Conjuration_FindFamiliar_Raven	Icons_Skills.lsx	Public\Shared\Assets\Textures\Icons\Icons_Skills.dds	1856	320	63	63
Spell_Conjuration_FindFamiliar_Spider	Icons_Skills.lsx	Public\Shared\Assets\Textures\Icons\Icons_Skills.dds	1792	320	63	63
Spell_Conjuration_FlamingSphere	Icons_Skills.lsx	Public\Shared\Assets\Textures\Icons\Icons_Skills.dds	1472	768	63	63
Spell_Conjuration_FogCloud	Icons_Skills.lsx	Public\Shared\Assets\Textures\Icons\Icons_Skills.dds	832	320	63	63
Spell_Conjuration_FogCloud_2	Icons_Skills.lsx	Public\Shared\Assets\Textures\Icons\Icons_Skills.dds	1472	512	63	63
Spell_Conjuration_Grease	Icons_Skills.lsx	Public\Shared\Assets\Textures\Icons\Icons_Skills.dds	320	0	63	63
Spell_Conjuration_Grease_2	Icons_Skills.lsx	Public\Shared\Assets\Textures\Icons\Icons_Skills.dds	1536	512	63	63
Spell_Conjuration_HailOfThorns	Icons_Skills.lsx	Public\Shared\Assets\Textures\Icons\Icons_Skills.dds	960	129	63	63
Spell_Conjuration_HailOfThorns_2	Icons_Skills.lsx	Public\Shared\Assets\Textures\Icons\Icons_Skills.dds	384	576	63	63
Spell_Conjuration_HungerOfHadar	Icons_Skills.lsx	Public\Shared\Assets\Textures\Icons\Icons_Skills.dds	960	1536	63	63
Spell_Conjuration_MageHand	Icons_Skills.lsx	Public\Shared\Assets\Textures\Icons\Icons_Skills.dds	384	65	63	63
Spell_Conjuration_MistyStep	Icons_Skills.lsx	Public\Shared\Assets\Textures\Icons\Icons_Skills.dds	384	0	63	63
Spell_Conjuration_PoisonSpray	Icons_Skills.lsx	Public\Shared\Assets\Textures\Icons\Icons_Skills.dds	896	65	63	63
Spell_Conjuration_ProduceFlame_Dismiss	Icons_Skills.lsx	Public\Shared\Assets\Textures\Icons\Icons_Skills.dds	384	768	63	63
Spell_Conjuration_ProduceFlame_Hurl	Icons_Skills.lsx	Public\Shared\Assets\Textures\Icons\Icons_Skills.dds	320	768	63	63
Spell_Conjuration_ProduceFlame_Light	Icons_Skills.lsx	Public\Shared\Assets\Textures\Icons\Icons_Skills.dds	448	768	63	63
Spell_Conjuration_SleetStorm	Icons_Skills.lsx	Public\Shared\Assets\Textures\Icons\Icons_Skills.dds	1024	1536	63	63
Spell_Conjuration_SpiritGuardians	Icons_Skills.lsx	Public\Shared\Assets\Textures\Icons\Icons_Skills.dds	1088	1536	63	63
Spell_Conjuration_StinkingCloud	Icons_Skills.lsx	Public\Shared\Assets\Textures\Icons\Icons_Skills.dds	1152	1536	63	63
Spell_Conjuration_Web	Icons_Skills.lsx	Public\Shared\Assets\Textures\Icons\Icons_Skills.dds	448	0	63	63
Spell_Divination_ComprehendLanguages	Icons_Skills.lsx	Public\Shared\Assets\Textures\Icons\Icons_Skills.dds	193	320	63	63
Spell_Divination_DetectEvilAndGood	Icons_Skills.lsx	Public\Shared\Assets\Textures\Icons\Icons_Skills.dds	1856	129	63	63
Spell_Divination_DetectThoughts	Icons_Skills.lsx	Public\Shared\Assets\Textures\Icons\Icons_Skills.dds	1728	129	63	63
Spell_Divination_ExpeditiousRetreat	Icons_Skills.lsx	Public\Shared\Assets\Textures\Icons\Icons_Skills.dds	1664	129	63	63
Spell_Divination_ExpeditiousRetreat_2	Icons_Skills.lsx	Public\Shared\Assets\Textures\Icons\Icons_Skills.dds	1600	512	63	63
Spell_Divination_Guidance	Icons_Skills.lsx	Public\Shared\Assets\Textures\Icons\Icons_Skills.dds	1664	65	63	63
Spell_Divination_HuntersMark	Icons_Skills.lsx	Public\Shared\Assets\Textures\Icons\Icons_Skills.dds	1280	129	63	63
Spell_Divination_ReapplyHuntersMark	Icons_Skills.lsx	Public\Shared\Assets\Textures\Icons\Icons_Skills.dds	1920	256	63	63
Spell_Divination_SeeInvisibility	Icons_Skills.lsx	Public\Shared\Assets\Textures\Icons\Icons_Skills.dds	640	1216	63	63
Spell_Divination_SpeakWithAnimals	Icons_Skills.lsx	Public\Shared\Assets\Textures\Icons\Icons_Skills.dds	65	129	63	63
Spell_Divination_SpeakWithAnimals_2	Icons_Skills.lsx	Public\Shared\Assets\Textures\Icons\Icons_Skills.dds	1664	512	63	63
Spell_Divination_TrueStrike	Icons_Skills.lsx	Public\Shared\Assets\Textures\Icons\Icons_Skills.dds	512	0	63	63
Spell_Duergar_AnimateDead	Icons_Skills.lsx	Public\Shared\Assets\Textures\Icons\Icons_Skills.dds	193	1728	63	63
Spell_Enchantment_AnimalFriendship	Icons_Skills.lsx	Public\Shared\Assets\Textures\Icons\Icons_Skills.dds	1024	320	63	63
Spell_Enchantment_AnimalFriendship_2	Icons_Skills.lsx	Public\Shared\Assets\Textures\Icons\Icons_Skills.dds	1728	512	63	63
Spell_Enchantment_Bane	Icons_Skills.lsx	Public\Shared\Assets\Textures\Icons\Icons_Skills.dds	512	320	63	63
Spell_Enchantment_Bane_2	Icons_Skills.lsx	Public\Shared\Assets\Textures\Icons\Icons_Skills.dds	1792	512	63	63
Spell_Enchantment_Bless	Icons_Skills.lsx	Public\Shared\Assets\Textures\Icons\Icons_Skills.dds	576	320	63	63
Spell_Enchantment_Bless_2	Icons_Skills.lsx	Public\Shared\Assets\Textures\Icons\Icons_Skills.dds	1856	512	63	63
Spell_Enchantment_CalmEmotions	Icons_Skills.lsx	Public\Shared\Assets\Textures\Icons\Icons_Skills.dds	896	1216	63	63
Spell_Enchantment_CharmPerson	Icons_Skills.lsx	Public\Shared\Assets\Textures\Icons\Icons_Skills.dds	1792	0	63	63
Spell_Enchantment_CharmPerson_2	Icons_Skills.lsx	Public\Shared\Assets\Textures\Icons\Icons_Skills.dds	1920	512	63	63
Spell_Enchantment_CommandApproach	Icons_Skills.lsx	Public\Shared\Assets\Textures\Icons\Icons_Skills.dds	1920	1664	63	63
Spell_Enchantment_CommandDrop	Icons_Skills.lsx	Public\Shared\Assets\Textures\Icons\Icons_Skills.dds	0	1728	63	63
Spell_Enchantment_CommandFlee	Icons_Skills.lsx	Public\Shared\Assets\Textures\Icons\Icons_Skills.dds	1984	1664	63	63
Spell_Enchantment_CommandGrovel	Icons_Skills.lsx	Public\Shared\Assets\Textures\Icons\Icons_Skills.dds	1856	1664	63	63
Spell_Enchantment_CommandHalt	Icons_Skills.lsx	Public\Shared\Assets\Textures\Icons\Icons_Skills.dds	193	448	63	63
Spell_Enchantment_CommandHalt_2	Icons_Skills.lsx	Public\Shared\Assets\Textures\Icons\Icons_Skills.dds	1984	512	63	63
Spell_Enchantment_CompelledDuel	Icons_Skills.lsx	Public\Shared\Assets\Textures\Icons\Icons_Skills.dds	1536	1600	63	63
Spell_Enchantment_CrownOfMadness	Icons_Skills.lsx	Public\Shared\Assets\Textures\Icons\Icons_Skills.dds	129	1088	63	63
Spell_Enchantment_DissonantWhispers	Icons_Skills.lsx	Public\Shared\Assets\Textures\Icons\Icons_Skills.dds	256	320	63	63
Spell_Enchantment_DissonantWhispers_2	Icons_Skills.lsx	Public\Shared\Assets\Textures\Icons\Icons_Skills.dds	0	576	63	63
Spell_Enchantment_Enthrall	Icons_Skills.lsx	Public\Shared\Assets\Textures\Icons\Icons_Skills.dds	1024	1216	63	63
Spell_Enchantment_Friends	Icons_Skills.lsx	Public\Shared\Assets\Textures\Icons\Icons_Skills.dds	1152	65	63	63
Spell_Enchantment_Heroism	Icons_Skills.lsx	Public\Shared\Assets\Textures\Icons\Icons_Skills.dds	512	1216	63	63
Spell_Enchantment_Hex	Icons_Skills.lsx	Public\Shared\Assets\Textures\Icons\Icons_Skills.dds	1600	129	63	63
Spell_Enchantment_Hex_2	Icons_Skills.lsx	Public\Shared\Assets\Textures\Icons\Icons_Skills.dds	65	576	63	63
Spell_Enchantment_Hex_Charisma	Icons_Skills.lsx	Public\Shared\Assets\Textures\Icons\Icons_Skills.dds	1280	704	63	63
Spell_Enchantment_Hex_Charisma_2	Icons_Skills.lsx	Public\Shared\Assets\Textures\Icons\Icons_Skills.dds	896	704	63	63
Spell_Enchantment_Hex_Constitution	Icons_Skills.lsx	Public\Shared\Assets\Textures\Icons\Icons_Skills.dds	1472	704	63	63
Spell_Enchantment_Hex_Constitution_2	Icons_Skills.lsx	Public\Shared\Assets\Textures\Icons\Icons_Skills.dds	960	704	63	63
Spell_Enchantment_Hex_Dexterity	Icons_Skills.lsx	Public\Shared\Assets\Textures\Icons\Icons_Skills.dds	1536	704	63	63
Spell_Enchantment_Hex_Dexterity_2	Icons_Skills.lsx	Public\Shared\Assets\Textures\Icons\Icons_Skills.dds	1024	704	63	63
Spell_Enchantment_Hex_Intelligence	Icons_Skills.lsx	Public\Shared\Assets\Textures\Icons\Icons_Skills.dds	1344	704	63	63
Spell_Enchantment_Hex_Intelligence_2	Icons_Skills.lsx	Public\Shared\Assets\Textures\Icons\Icons_Skills.dds	1088	704	63	63
Spell_Enchantment_Hex_Strenght	Icons_Skills.lsx	Public\Shared\Assets\Textures\Icons\Icons_Skills.dds	1600	704	63	63
Spell_Enchantment_Hex_Strenght_2	Icons_Skills.lsx	Public\Shared\Assets\Textures\Icons\Icons_Skills.dds	1152	704	63	63
Spell_Enchantment_Hex_Wisdom	Icons_Skills.lsx	Public\Shared\Assets\Textures\Icons\Icons_Skills.dds	1408	704	63	63
Spell_Enchantment_Hex_Wisdom_2	Icons_Skills.lsx	Public\Shared\Assets\Textures\Icons\Icons_Skills.dds	1216	704	63	63
Spell_Enchantment_HoldPerson	Icons_Skills.lsx	Public\Shared\Assets\Textures\Icons\Icons_Skills.dds	576	0	63	63
Spell_Enchantment_ReapplyHex	Icons_Skills.lsx	Public\Shared\Assets\Textures\Icons\Icons_Skills.dds	1984	256	63	63
Spell_Enchantment_ReapplyHex_Charisma	Icons_Skills.lsx	Public\Shared\Assets\Textures\Icons\Icons_Skills.dds	1728	896	63	63
Spell_Enchantment_ReapplyHex_Constitution	Icons_Skills.lsx	Public\Shared\Assets\Textures\Icons\Icons_Skills.dds	1600	896	63	63
Spell_Enchantment_ReapplyHex_Dexterity	Icons_Skills.lsx	Public\Shared\Assets\Textures\Icons\Icons_Skills.dds	1856	896	63	63
Spell_Enchantment_ReapplyHex_Intelligence	Icons_Skills.lsx	Public\Shared\Assets\Textures\Icons\Icons_Skills.dds	1664	896	63	63
Spell_Enchantment_ReapplyHex_Strenght	Icons_Skills.lsx	Public\Shared\Assets\Textures\Icons\Icons_Skills.dds	1920	896	63	63
Spell_Enchantment_ReapplyHex_Wisdom	Icons_Skills.lsx	Public\Shared\Assets\Textures\Icons\Icons_Skills.dds	1792	896	63	63
Spell_Enchantment_Sleep	Icons_Skills.lsx	Public\Shared\Assets\Textures\Icons\Icons_Skills.dds	1216	65	63	63
Spell_Enchantment_Sleep_2	Icons_Skills.lsx	Public\Shared\Assets\Textures\Icons\Icons_Skills.dds	129	512	63	63
Spell_Enchantment_Tasha&apos;sHideousLaughter	Icons_Skills.lsx	Public\Shared\Assets\Textures\Icons\Icons_Skills.dds	193	65	63	63
Spell_Enchantment_Tasha&apos;sHideousLaughter_2	Icons_Skills.lsx	Public\Shared\Assets\Textures\Icons\Icons_Skills.dds	193	512	63	63
Spell_Enchantment_ViciousMockery	Icons_Skills.lsx	Public\Shared\Assets\Textures\Icons\Icons_Skills.dds	1920	832	63	63
Spell_Evocation_ActivateWitchBolt	Icons_Skills.lsx	Public\Shared\Assets\Textures\Icons\Icons_Skills.dds	640	0	63	63
Spell_Evocation_AuraOfVitality	Icons_Skills.lsx	Public\Shared\Assets\Textures\Icons\Icons_Skills.dds	1344	1600	63	63
Spell_Evocation_AuraOfVitality_Activate	Icons_Skills.lsx	Public\Shared\Assets\Textures\Icons\Icons_Skills.dds	1408	1600	63	63
Spell_Evocation_BlindingSmite	Icons_Skills.lsx	Public\Shared\Assets\Textures\Icons\Icons_Skills.dds	1472	1600	63	63
Spell_Evocation_BrandingSmite_Melee	Icons_Skills.lsx	Public\Shared\Assets\Textures\Icons\Icons_Skills.dds	1216	1536	63	63
Spell_Evocation_BrandingSmite_Ranged	Icons_Skills.lsx	Public\Shared\Assets\Textures\Icons\Icons_Skills.dds	1280	1536	63	63
Spell_Evocation_BurningHands	Icons_Skills.lsx	Public\Shared\Assets\Textures\Icons\Icons_Skills.dds	1088	65	63	63
Spell_Evocation_BurningHands_2	Icons_Skills.lsx	Public\Shared\Assets\Textures\Icons\Icons_Skills.dds	256	512	63	63
Spell_Evocation_ChromaticOrb	Icons_Skills.lsx	Public\Shared\Assets\Textures\Icons\Icons_Skills.dds	1984	0	63	63
Spell_Evocation_ChromaticOrb_Acid	Icons_Skills.lsx	Public\Shared\Assets\Textures\Icons\Icons_Skills.dds	1280	65	63	63
Spell_Evocation_ChromaticOrb_Cold	Icons_Skills.lsx	Public\Shared\Assets\Textures\Icons\Icons_Skills.dds	1344	65	63	63
Spell_Evocation_ChromaticOrb_Fire	Icons_Skills.lsx	Public\Shared\Assets\Textures\Icons\Icons_Skills.dds	1408	65	63	63
Spell_Evocation_ChromaticOrb_Lightning	Icons_Skills.lsx	Public\Shared\Assets\Textures\Icons\Icons_Skills.dds	1472	65	63	63
Spell_Evocation_ChromaticOrb_Poison	Icons_Skills.lsx	Public\Shared\Assets\Textures\Icons\Icons_Skills.dds	1536	65	63	63
Spell_Evocation_ChromaticOrb_Thunder	Icons_Skills.lsx	Public\Shared\Assets\Textures\Icons\Icons_Skills.dds	1600	65	63	63
Spell_Evocation_CrusadersMantle	Icons_Skills.lsx	Public\Shared\Assets\Textures\Icons\Icons_Skills.dds	1664	1600	63	63
Spell_Evocation_CureWounds	Icons_Skills.lsx	Public\Shared\Assets\Textures\Icons\Icons_Skills.dds	1920	65	63	63
Spell_Evocation_CureWounds_2	Icons_Skills.lsx	Public\Shared\Assets\Textures\Icons\Icons_Skills.dds	320	512	63	63
Spell_Evocation_DancingLights	Icons_Skills.lsx	Public\Shared\Assets\Textures\Icons\Icons_Skills.dds	65	193	63	63
Spell_Evocation_Darkness	Icons_Skills.lsx	Public\Shared\Assets\Textures\Icons\Icons_Skills.dds	1984	129	63	63
Spell_Evocation_Darkvision	Icons_Skills.lsx	Public\Shared\Assets\Textures\Icons\Icons_Skills.dds	1920	129	63	63
Spell_Evocation_Daylight	Icons_Skills.lsx	Public\Shared\Assets\Textures\Icons\Icons_Skills.dds	1344	1536	63	63
Spell_Evocation_Daylight_Enchantment	Icons_Skills.lsx	Public\Shared\Assets\Textures\Icons\Icons_Skills.dds	448	1728	63	63
Spell_Evocation_Daylight_Sphere	Icons_Skills.lsx	Public\Shared\Assets\Textures\Icons\Icons_Skills.dds	512	1728	63	63
Spell_Evocation_DivineFavor	Icons_Skills.lsx	Public\Shared\Assets\Textures\Icons\Icons_Skills.dds	1152	1600	63	63
Spell_Evocation_EldritchBlast	Icons_Skills.lsx	Public\Shared\Assets\Textures\Icons\Icons_Skills.dds	1856	0	63	63
Spell_Evocation_FaerieFire	Icons_Skills.lsx	Public\Shared\Assets\Textures\Icons\Icons_Skills.dds	448	320	63	63
Spell_Evocation_FaerieFire_2	Icons_Skills.lsx	Public\Shared\Assets\Textures\Icons\Icons_Skills.dds	384	512	63	63
Spell_Evocation_FireBolt	Icons_Skills.lsx	Public\Shared\Assets\Textures\Icons\Icons_Skills.dds	1920	0	63	63
Spell_Evocation_Fireball	Icons_Skills.lsx	Public\Shared\Assets\Textures\Icons\Icons_Skills.dds	1408	1536	63	63
Spell_Evocation_FlameBlade	Icons_Skills.lsx	Public\Shared\Assets\Textures\Icons\Icons_Skills.dds	1984	768	63	63
Spell_Evocation_GuidingBolt	Icons_Skills.lsx	Public\Shared\Assets\Textures\Icons\Icons_Skills.dds	1856	65	63	63
Spell_Evocation_GuidingBolt_2	Icons_Skills.lsx	Public\Shared\Assets\Textures\Icons\Icons_Skills.dds	448	512	63	63
Spell_Evocation_GustOfWind	Icons_Skills.lsx	Public\Shared\Assets\Textures\Icons\Icons_Skills.dds	1472	1536	63	63
Spell_Evocation_HealingWord	Icons_Skills.lsx	Public\Shared\Assets\Textures\Icons\Icons_Skills.dds	896	129	63	63
Spell_Evocation_HealingWord_2	Icons_Skills.lsx	Public\Shared\Assets\Textures\Icons\Icons_Skills.dds	512	512	63	63
Spell_Evocation_Light	Icons_Skills.lsx	Public\Shared\Assets\Textures\Icons\Icons_Skills.dds	65	320	63	63
Spell_Evocation_MagicMissile	Icons_Skills.lsx	Public\Shared\Assets\Textures\Icons\Icons_Skills.dds	704	0	63	63
Spell_Evocation_MagicMissile_2	Icons_Skills.lsx	Public\Shared\Assets\Textures\Icons\Icons_Skills.dds	576	512	63	63
Spell_Evocation_MassHealingWord	Icons_Skills.lsx	Public\Shared\Assets\Textures\Icons\Icons_Skills.dds	1536	1536	63	63
Spell_Evocation_MelfsAcidArrow	Icons_Skills.lsx	Public\Shared\Assets\Textures\Icons\Icons_Skills.dds	193	193	63	63
Spell_Evocation_Moonbeam	Icons_Skills.lsx	Public\Shared\Assets\Textures\Icons\Icons_Skills.dds	1792	704	63	63
Spell_Evocation_PrayerOfHealing	Icons_Skills.lsx	Public\Shared\Assets\Textures\Icons\Icons_Skills.dds	1344	129	63	63
Spell_Evocation_RayOfFrost	Icons_Skills.lsx	Public\Shared\Assets\Textures\Icons\Icons_Skills.dds	832	65	63	63
Spell_Evocation_SacredFlame	Icons_Skills.lsx	Public\Shared\Assets\Textures\Icons\Icons_Skills.dds	1984	65	63	63
Spell_Evocation_ScorchingRay	Icons_Skills.lsx	Public\Shared\Assets\Textures\Icons\Icons_Skills.dds	1216	129	63	63
Spell_Evocation_SearingSmite	Icons_Skills.lsx	Public\Shared\Assets\Textures\Icons\Icons_Skills.dds	129	448	63	63
Spell_Evocation_SearingSmite_2	Icons_Skills.lsx	Public\Shared\Assets\Textures\Icons\Icons_Skills.dds	640	512	63	63
Spell_Evocation_Shatter	Icons_Skills.lsx	Public\Shared\Assets\Textures\Icons\Icons_Skills.dds	1664	256	63	63
Spell_Evocation_ShockingGrasp	Icons_Skills.lsx	Public\Shared\Assets\Textures\Icons\Icons_Skills.dds	960	65	63	63
Spell_Evocation_SpiritualWeapon_Greataxe	Icons_Skills.lsx	Public\Shared\Assets\Textures\Icons\Icons_Skills.dds	1152	1728	63	63
Spell_Evocation_SpiritualWeapon_Greatsword	Icons_Skills.lsx	Public\Shared\Assets\Textures\Icons\Icons_Skills.dds	1024	1728	63	63
Spell_Evocation_SpiritualWeapon_Maul	Icons_Skills.lsx	Public\Shared\Assets\Textures\Icons\Icons_Skills.dds	1088	1728	63	63
Spell_Evocation_SpiritualWeapon_Spear	Icons_Skills.lsx	Public\Shared\Assets\Textures\Icons\Icons_Skills.dds	1280	1728	63	63
Spell_Evocation_SpiritualWeapon_Trident	Icons_Skills.lsx	Public\Shared\Assets\Textures\Icons\Icons_Skills.dds	1216	1728	63	63
Spell_Evocation_ThunderousSmite	Icons_Skills.lsx	Public\Shared\Assets\Textures\Icons\Icons_Skills.dds	896	1664	63	63
Spell_Evocation_Thunderwave	Icons_Skills.lsx	Public\Shared\Assets\Textures\Icons\Icons_Skills.dds	768	0	63	63
Spell_Evocation_Thunderwave_2	Icons_Skills.lsx	Public\Shared\Assets\Textures\Icons\Icons_Skills.dds	704	512	63	63
Spell_Evocation_WitchBolt	Icons_Skills.lsx	Public\Shared\Assets\Textures\Icons\Icons_Skills.dds	832	0	63	63
Spell_Evocation_WitchBolt_2	Icons_Skills.lsx	Public\Shared\Assets\Textures\Icons\Icons_Skills.dds	768	512	63	63
Spell_Evocation_WrathfulSmite	Icons_Skills.lsx	Public\Shared\Assets\Textures\Icons\Icons_Skills.dds	1088	1664	63	63
Spell_Gale_ShadowSummon	Icons_Skills.lsx	Public\Shared\Assets\Textures\Icons\Icons_Skills.dds	1600	1984	63	63
Spell_Gnoll_SoulOffering	Icons_Skills.lsx	Public\Shared\Assets\Textures\Icons\Icons_Skills.dds	704	1344	63	63
Spell_HellishRebuke	Icons_Skills.lsx	Public\Shared\Assets\Textures\Icons\Icons_Skills.dds	448	576	63	63
Spell_HellishRebuke_2	Icons_Skills.lsx	Public\Shared\Assets\Textures\Icons\Icons_Skills.dds	832	512	63	63
Spell_Illusion_Blur	Icons_Skills.lsx	Public\Shared\Assets\Textures\Icons\Icons_Skills.dds	129	193	63	63
Spell_Illusion_Blur_2	Icons_Skills.lsx	Public\Shared\Assets\Textures\Icons\Icons_Skills.dds	896	512	63	63
Spell_Illusion_ColorSpray	Icons_Skills.lsx	Public\Shared\Assets\Textures\Icons\Icons_Skills.dds	896	0	63	63
Spell_Illusion_ColorSpray_2	Icons_Skills.lsx	Public\Shared\Assets\Textures\Icons\Icons_Skills.dds	960	512	63	63
Spell_Illusion_DisguiseSelf	Icons_Skills.lsx	Public\Shared\Assets\Textures\Icons\Icons_Skills.dds	1088	320	63	63
Spell_Illusion_DisguiseSelf_2	Icons_Skills.lsx	Public\Shared\Assets\Textures\Icons\Icons_Skills.dds	1024	512	63	63
Spell_Illusion_DisguiseSelf_Dispel	Icons_Skills.lsx	Public\Shared\Assets\Textures\Icons\Icons_Skills.dds	1024	1472	63	63
Spell_Illusion_DisguiseSelf_Drow_Female	Icons_Skills.lsx	Public\Shared\Assets\Textures\Icons\Icons_Skills.dds	896	960	63	63
Spell_Illusion_DisguiseSelf_Drow_Male	Icons_Skills.lsx	Public\Shared\Assets\Textures\Icons\Icons_Skills.dds	960	960	63	63
Spell_Illusion_DisguiseSelf_Drow_Strong_Female	Icons_Skills.lsx	Public\Shared\Assets\Textures\Icons\Icons_Skills.dds	1792	1728	63	63
Spell_Illusion_DisguiseSelf_Drow_Strong_Male	Icons_Skills.lsx	Public\Shared\Assets\Textures\Icons\Icons_Skills.dds	1728	1728	63	63
Spell_Illusion_DisguiseSelf_Dwarf_Female	Icons_Skills.lsx	Public\Shared\Assets\Textures\Icons\Icons_Skills.dds	256	960	63	63
Spell_Illusion_DisguiseSelf_Dwarf_Male	Icons_Skills.lsx	Public\Shared\Assets\Textures\Icons\Icons_Skills.dds	320	960	63	63
Spell_Illusion_DisguiseSelf_Elf_Female	Icons_Skills.lsx	Public\Shared\Assets\Textures\Icons\Icons_Skills.dds	640	960	63	63
Spell_Illusion_DisguiseSelf_Elf_Male	Icons_Skills.lsx	Public\Shared\Assets\Textures\Icons\Icons_Skills.dds	704	960	63	63
Spell_Illusion_DisguiseSelf_Elf_Strong_Female	Icons_Skills.lsx	Public\Shared\Assets\Textures\Icons\Icons_Skills.dds	1664	1728	63	63
Spell_Illusion_DisguiseSelf_Elf_Strong_Male	Icons_Skills.lsx	Public\Shared\Assets\Textures\Icons\Icons_Skills.dds	1600	1728	63	63
Spell_Illusion_DisguiseSelf_Githyanki_Female	Icons_Skills.lsx	Public\Shared\Assets\Textures\Icons\Icons_Skills.dds	384	960	63	63
Spell_Illusion_DisguiseSelf_Githyanki_Male	Icons_Skills.lsx	Public\Shared\Assets\Textures\Icons\Icons_Skills.dds	448	960	63	63
Spell_Illusion_DisguiseSelf_Gnome_Female	Icons_Skills.lsx	Public\Shared\Assets\Textures\Icons\Icons_Skills.dds	1984	1344	63	63
Spell_Illusion_DisguiseSelf_Gnome_Male	Icons_Skills.lsx	Public\Shared\Assets\Textures\Icons\Icons_Skills.dds	0	1408	63	63
Spell_Illusion_DisguiseSelf_HalfElf_Female	Icons_Skills.lsx	Public\Shared\Assets\Textures\Icons\Icons_Skills.dds	768	960	63	63
Spell_Illusion_DisguiseSelf_HalfElf_Male	Icons_Skills.lsx	Public\Shared\Assets\Textures\Icons\Icons_Skills.dds	832	960	63	63
Spell_Illusion_DisguiseSelf_HalfElf_Strong_Female	Icons_Skills.lsx	Public\Shared\Assets\Textures\Icons\Icons_Skills.dds	1536	1728	63	63
Spell_Illusion_DisguiseSelf_HalfElf_Strong_Male	Icons_Skills.lsx	Public\Shared\Assets\Textures\Icons\Icons_Skills.dds	1472	1728	63	63
Spell_Illusion_DisguiseSelf_Halfling_Female	Icons_Skills.lsx	Public\Shared\Assets\Textures\Icons\Icons_Skills.dds	129	960	63	63
Spell_Illusion_DisguiseSelf_Halfling_Male	Icons_Skills.lsx	Public\Shared\Assets\Textures\Icons\Icons_Skills.dds	193	960	63	63
Spell_Illusion_DisguiseSelf_Human_Female	Icons_Skills.lsx	Public\Shared\Assets\Textures\Icons\Icons_Skills.dds	1024	960	63	63
Spell_Illusion_DisguiseSelf_Human_Male	Icons_Skills.lsx	Public\Shared\Assets\Textures\Icons\Icons_Skills.dds	1088	960	63	63
Spell_Illusion_DisguiseSelf_Tiefling_Female	Icons_Skills.lsx	Public\Shared\Assets\Textures\Icons\Icons_Skills.dds	512	960	63	63
Spell_Illusion_DisguiseSelf_Tiefling_Male	Icons_Skills.lsx	Public\Shared\Assets\Textures\Icons\Icons_Skills.dds	576	960	63	63
Spell_Illusion_DisguiseSelf_Tiefling_Strong_Female	Icons_Skills.lsx	Public\Shared\Assets\Textures\Icons\Icons_Skills.dds	1344	1728	63	63
Spell_Illusion_DisguiseSelf_Tiefling_Strong_Male	Icons_Skills.lsx	Public\Shared\Assets\Textures\Icons\Icons_Skills.dds	1408	1728	63	63
Spell_Illusion_Fear	Icons_Skills.lsx	Public\Shared\Assets\Textures\Icons\Icons_Skills.dds	1664	1472	63	63
Spell_Illusion_HypnoticPattern	Icons_Skills.lsx	Public\Shared\Assets\Textures\Icons\Icons_Skills.dds	1600	1536	63	63
Spell_Illusion_Invisibility	Icons_Skills.lsx	Public\Shared\Assets\Textures\Icons\Icons_Skills.dds	768	320	63	63
Spell_Illusion_Invisibility_2	Icons_Skills.lsx	Public\Shared\Assets\Textures\Icons\Icons_Skills.dds	1088	512	63	63
Spell_Illusion_MinorIllusion	Icons_Skills.lsx	Public\Shared\Assets\Textures\Icons\Icons_Skills.dds	1408	129	63	63
Spell_Illusion_MirrorImage	Icons_Skills.lsx	Public\Shared\Assets\Textures\Icons\Icons_Skills.dds	1280	384	63	63
Spell_Illusion_PhantasmalForce	Icons_Skills.lsx	Public\Shared\Assets\Textures\Icons\Icons_Skills.dds	704	1216	63	63
Spell_Illusion_Silence	Icons_Skills.lsx	Public\Shared\Assets\Textures\Icons\Icons_Skills.dds	1856	256	63	63
Spell_IntellectDevourer_DevourIntellect	Icons_Skills.lsx	Public\Shared\Assets\Textures\Icons\Icons_Skills.dds	576	832	63	63
Spell_IntellectDevourer_SynapticDischarge	Icons_Skills.lsx	Public\Shared\Assets\Textures\Icons\Icons_Skills.dds	384	832	63	63
Spell_Necromancy_AnimateDead	Icons_Skills.lsx	Public\Shared\Assets\Textures\Icons\Icons_Skills.dds	1472	1472	63	63
Spell_Necromancy_AnimateDead_Skeleton	Icons_Skills.lsx	Public\Shared\Assets\Textures\Icons\Icons_Skills.dds	1664	1536	63	63
Spell_Necromancy_AnimateDead_Zombie	Icons_Skills.lsx	Public\Shared\Assets\Textures\Icons\Icons_Skills.dds	1728	1536	63	63
Spell_Necromancy_BestowCurse	Icons_Skills.lsx	Public\Shared\Assets\Textures\Icons\Icons_Skills.dds	832	1728	63	63
Spell_Necromancy_BestowCurse_AttackDisadvantage	Icons_Skills.lsx	Public\Shared\Assets\Textures\Icons\Icons_Skills.dds	1792	1536	63	63
Spell_Necromancy_BestowCurse_DebuffAbility	Icons_Skills.lsx	Public\Shared\Assets\Textures\Icons\Icons_Skills.dds	1856	1536	63	63
Spell_Necromancy_BestowCurse_ExtraDamage	Icons_Skills.lsx	Public\Shared\Assets\Textures\Icons\Icons_Skills.dds	1920	1536	63	63
Spell_Necromancy_BestowCurse_SkipTurn	Icons_Skills.lsx	Public\Shared\Assets\Textures\Icons\Icons_Skills.dds	1984	1536	63	63
Spell_Necromancy_Blindness	Icons_Skills.lsx	Public\Shared\Assets\Textures\Icons\Icons_Skills.dds	1792	129	63	63
Spell_Necromancy_ChillTouch	Icons_Skills.lsx	Public\Shared\Assets\Textures\Icons\Icons_Skills.dds	320	65	63	63
Spell_Necromancy_FalseLife	Icons_Skills.lsx	Public\Shared\Assets\Textures\Icons\Icons_Skills.dds	256	65	63	63
Spell_Necromancy_FalseLife_2	Icons_Skills.lsx	Public\Shared\Assets\Textures\Icons\Icons_Skills.dds	1728	448	63	63
Spell_Necromancy_FeignDeath	Icons_Skills.lsx	Public\Shared\Assets\Textures\Icons\Icons_Skills.dds	0	1600	63	63
Spell_Necromancy_InflictWounds	Icons_Skills.lsx	Public\Shared\Assets\Textures\Icons\Icons_Skills.dds	1728	65	63	63
Spell_Necromancy_InflictWounds_2	Icons_Skills.lsx	Public\Shared\Assets\Textures\Icons\Icons_Skills.dds	1792	448	63	63
Spell_Necromancy_RayOfInfeeblement	Icons_Skills.lsx	Public\Shared\Assets\Textures\Icons\Icons_Skills.dds	960	0	63	63
Spell_Necromancy_RayOfSickness	Icons_Skills.lsx	Public\Shared\Assets\Textures\Icons\Icons_Skills.dds	512	65	63	63
Spell_Necromancy_RayOfSickness_2	Icons_Skills.lsx	Public\Shared\Assets\Textures\Icons\Icons_Skills.dds	1856	448	63	63
Spell_Necromancy_RecastSpeakWithDead	Icons_Skills.lsx	Public\Shared\Assets\Textures\Icons\Icons_Skills.dds	65	384	63	63
Spell_Necromancy_Revivify	Icons_Skills.lsx	Public\Shared\Assets\Textures\Icons\Icons_Skills.dds	768	1728	63	63
Spell_Necromancy_SpeakWithDead	Icons_Skills.lsx	Public\Shared\Assets\Textures\Icons\Icons_Skills.dds	129	129	63	63
Spell_Necromancy_VampiricTouch	Icons_Skills.lsx	Public\Shared\Assets\Textures\Icons\Icons_Skills.dds	65	1600	63	63
Spell_Shield	Icons_Skills.lsx	Public\Shared\Assets\Textures\Icons\Icons_Skills.dds	960	1472	63	63
Spell_Transmutation_Barkskin	Icons_Skills.lsx	Public\Shared\Assets\Textures\Icons\Icons_Skills.dds	193	768	63	63
Spell_Transmutation_Blink_Activate	Icons_Skills.lsx	Public\Shared\Assets\Textures\Icons\Icons_Skills.dds	1088	1216	63	63
Spell_Transmutation_CreateWater	Icons_Skills.lsx	Public\Shared\Assets\Textures\Icons\Icons_Skills.dds	1792	65	63	63
Spell_Transmutation_CreateWater_2	Icons_Skills.lsx	Public\Shared\Assets\Textures\Icons\Icons_Skills.dds	1920	448	63	63
Spell_Transmutation_DestroyWater	Icons_Skills.lsx	Public\Shared\Assets\Textures\Icons\Icons_Skills.dds	256	768	63	63
Spell_Transmutation_DestroyWater_2	Icons_Skills.lsx	Public\Shared\Assets\Textures\Icons\Icons_Skills.dds	65	832	63	63
Spell_Transmutation_ElementalWeapon	Icons_Skills.lsx	Public\Shared\Assets\Textures\Icons\Icons_Skills.dds	1792	1600	63	63
Spell_Transmutation_ElementalWeapon_Acid	Icons_Skills.lsx	Public\Shared\Assets\Textures\Icons\Icons_Skills.dds	1856	1600	63	63
Spell_Transmutation_ElementalWeapon_Cold	Icons_Skills.lsx	Public\Shared\Assets\Textures\Icons\Icons_Skills.dds	1920	1600	63	63
Spell_Transmutation_ElementalWeapon_Fire	Icons_Skills.lsx	Public\Shared\Assets\Textures\Icons\Icons_Skills.dds	1984	1600	63	63
Spell_Transmutation_ElementalWeapon_Lightning	Icons_Skills.lsx	Public\Shared\Assets\Textures\Icons\Icons_Skills.dds	0	1664	63	63
Spell_Transmutation_ElementalWeapon_Thunder	Icons_Skills.lsx	Public\Shared\Assets\Textures\Icons\Icons_Skills.dds	65	1664	63	63
Spell_Transmutation_EnhanceAbility	Icons_Skills.lsx	Public\Shared\Assets\Textures\Icons\Icons_Skills.dds	1920	768	63	63
Spell_Transmutation_EnhanceAbility_BearsEndurance	Icons_Skills.lsx	Public\Shared\Assets\Textures\Icons\Icons_Skills.dds	1856	768	63	63
Spell_Transmutation_EnhanceAbility_BullsStrenght	Icons_Skills.lsx	Public\Shared\Assets\Textures\Icons\Icons_Skills.dds	1728	768	63	63
Spell_Transmutation_EnhanceAbility_CatsGrace	Icons_Skills.lsx	Public\Shared\Assets\Textures\Icons\Icons_Skills.dds	1792	768	63	63
Spell_Transmutation_EnhanceAbility_EaglesSplendor	Icons_Skills.lsx	Public\Shared\Assets\Textures\Icons\Icons_Skills.dds	1664	768	63	63
Spell_Transmutation_EnhanceAbility_FoxsCunning	Icons_Skills.lsx	Public\Shared\Assets\Textures\Icons\Icons_Skills.dds	1600	768	63	63
Spell_Transmutation_EnhanceAbility_OwlsWisdom	Icons_Skills.lsx	Public\Shared\Assets\Textures\Icons\Icons_Skills.dds	1536	768	63	63
Spell_Transmutation_Enlarge	Icons_Skills.lsx	Public\Shared\Assets\Textures\Icons\Icons_Skills.dds	1472	384	63	63
Spell_Transmutation_EnlargeReduce	Icons_Skills.lsx	Public\Shared\Assets\Textures\Icons\Icons_Skills.dds	1536	1088	63	63
Spell_Transmutation_FeatherFall	Icons_Skills.lsx	Public\Shared\Assets\Textures\Icons\Icons_Skills.dds	65	65	63	63
Spell_Transmutation_FeatherFall_2	Icons_Skills.lsx	Public\Shared\Assets\Textures\Icons\Icons_Skills.dds	1984	448	63	63
Spell_Transmutation_Fly	Icons_Skills.lsx	Public\Shared\Assets\Textures\Icons\Icons_Skills.dds	768	1600	63	63
Spell_Transmutation_GaseousForm	Icons_Skills.lsx	Public\Shared\Assets\Textures\Icons\Icons_Skills.dds	129	1600	63	63
Spell_Transmutation_Goodberry	Icons_Skills.lsx	Public\Shared\Assets\Textures\Icons\Icons_Skills.dds	512	768	63	63
Spell_Transmutation_Haste	Icons_Skills.lsx	Public\Shared\Assets\Textures\Icons\Icons_Skills.dds	193	1600	63	63
Spell_Transmutation_HeatMetal	Icons_Skills.lsx	Public\Shared\Assets\Textures\Icons\Icons_Skills.dds	65	768	63	63
Spell_Transmutation_HeatMetal_Reapply	Icons_Skills.lsx	Public\Shared\Assets\Textures\Icons\Icons_Skills.dds	129	832	63	63
Spell_Transmutation_Knock	Icons_Skills.lsx	Public\Shared\Assets\Textures\Icons\Icons_Skills.dds	129	320	63	63
Spell_Transmutation_Levitate	Icons_Skills.lsx	Public\Shared\Assets\Textures\Icons\Icons_Skills.dds	576	1984	63	63
Spell_Transmutation_LongJump	Icons_Skills.lsx	Public\Shared\Assets\Textures\Icons\Icons_Skills.dds	1024	0	63	63
Spell_Transmutation_LongJump_2	Icons_Skills.lsx	Public\Shared\Assets\Textures\Icons\Icons_Skills.dds	0	512	63	63
Spell_Transmutation_Longstrider	Icons_Skills.lsx	Public\Shared\Assets\Textures\Icons\Icons_Skills.dds	576	65	63	63
Spell_Transmutation_Longstrider_2	Icons_Skills.lsx	Public\Shared\Assets\Textures\Icons\Icons_Skills.dds	65	512	63	63
Spell_Transmutation_MagicWeapon	Icons_Skills.lsx	Public\Shared\Assets\Textures\Icons\Icons_Skills.dds	576	1664	63	63
Spell_Transmutation_Mending	Icons_Skills.lsx	Public\Shared\Assets\Textures\Icons\Icons_Skills.dds	129	65	63	63
Spell_Transmutation_PlantGrowth	Icons_Skills.lsx	Public\Shared\Assets\Textures\Icons\Icons_Skills.dds	256	1600	63	63
Spell_Transmutation_Reduce	Icons_Skills.lsx	Public\Shared\Assets\Textures\Icons\Icons_Skills.dds	1472	320	63	63
Spell_Transmutation_SpikeGrowth	Icons_Skills.lsx	Public\Shared\Assets\Textures\Icons\Icons_Skills.dds	640	768	63	63
Spell_Transmutation_Thaumaturgy	Icons_Skills.lsx	Public\Shared\Assets\Textures\Icons\Icons_Skills.dds	512	576	63	63
Spell_Transmutation_ThornWhip	Icons_Skills.lsx	Public\Shared\Assets\Textures\Icons\Icons_Skills.dds	768	768	63	63
Spell_WildMagic_LightBolt	Icons_Skills.lsx	Public\Shared\Assets\Textures\Icons\Icons_Skills.dds	640	1984	63	63
Spell_WildMagic_Teleport_Activate	Icons_Skills.lsx	Public\Shared\Assets\Textures\Icons\Icons_Skills.dds	448	1024	63	63
Status_Acid	Icons_Skills.lsx	Public\Shared\Assets\Textures\Icons\Icons_Skills.dds	256	193	63	63
Status_ArcaneWard	Icons_Skills.lsx	Public\Shared\Assets\Textures\Icons\Icons_Skills.dds	576	384	63	63
Status_Astarion_Happy	Icons_Skills.lsx	Public\Shared\Assets\Textures\Icons\Icons_Skills.dds	640	384	63	63
Status_Astarion_Weak	Icons_Skills.lsx	Public\Shared\Assets\Textures\Icons\Icons_Skills.dds	704	384	63	63
Status_Bleeding	Icons_Skills.lsx	Public\Shared\Assets\Textures\Icons\Icons_Skills.dds	832	384	63	63
Status_Blinded	Icons_Skills.lsx	Public\Shared\Assets\Textures\Icons\Icons_Skills.dds	320	193	63	63
Status_Burning	Icons_Skills.lsx	Public\Shared\Assets\Textures\Icons\Icons_Skills.dds	384	193	63	63
Status_BurningLava	Icons_Skills.lsx	Public\Shared\Assets\Textures\Icons\Icons_Skills.dds	448	193	63	63
Status_Charmed	Icons_Skills.lsx	Public\Shared\Assets\Textures\Icons\Icons_Skills.dds	512	193	63	63
Status_Chilled	Icons_Skills.lsx	Public\Shared\Assets\Textures\Icons\Icons_Skills.dds	576	193	63	63
Status_ContactMizora	Icons_Skills.lsx	Public\Shared\Assets\Textures\Icons\Icons_Skills.dds	1984	384	63	63
Status_DarkOnes_Blessing	Icons_Skills.lsx	Public\Shared\Assets\Textures\Icons\Icons_Skills.dds	768	384	63	63
Status_Deaf	Icons_Skills.lsx	Public\Shared\Assets\Textures\Icons\Icons_Skills.dds	640	193	63	63
Status_DifficultTerrain	Icons_Skills.lsx	Public\Shared\Assets\Textures\Icons\Icons_Skills.dds	704	193	63	63
Status_Distracted	Icons_Skills.lsx	Public\Shared\Assets\Textures\Icons\Icons_Skills.dds	0	448	63	63
Status_Downed	Icons_Skills.lsx	Public\Shared\Assets\Textures\Icons\Icons_Skills.dds	768	193	63	63
Status_Drunk	Icons_Skills.lsx	Public\Shared\Assets\Textures\Icons\Icons_Skills.dds	832	193	63	63
Status_Dying	Icons_Skills.lsx	Public\Shared\Assets\Textures\Icons\Icons_Skills.dds	1216	384	63	63
Status_Eldath_Blessing	Icons_Skills.lsx	Public\Shared\Assets\Textures\Icons\Icons_Skills.dds	896	384	63	63
Status_Eldath_BlessingApplier	Icons_Skills.lsx	Public\Shared\Assets\Textures\Icons\Icons_Skills.dds	960	384	63	63
Status_Eldath_IdolAura	Icons_Skills.lsx	Public\Shared\Assets\Textures\Icons\Icons_Skills.dds	1024	384	63	63
Status_Encumbered	Icons_Skills.lsx	Public\Shared\Assets\Textures\Icons\Icons_Skills.dds	129	576	63	63
Status_Exhausted_1	Icons_Skills.lsx	Public\Shared\Assets\Textures\Icons\Icons_Skills.dds	896	193	63	63
Status_Exhausted_2	Icons_Skills.lsx	Public\Shared\Assets\Textures\Icons\Icons_Skills.dds	960	193	63	63
Status_Exhausted_3	Icons_Skills.lsx	Public\Shared\Assets\Textures\Icons\Icons_Skills.dds	1024	193	63	63
Status_Exhausted_4	Icons_Skills.lsx	Public\Shared\Assets\Textures\Icons\Icons_Skills.dds	1088	193	63	63
Status_Exhausted_5	Icons_Skills.lsx	Public\Shared\Assets\Textures\Icons\Icons_Skills.dds	1152	193	63	63
Status_Exhausted_6	Icons_Skills.lsx	Public\Shared\Assets\Textures\Icons\Icons_Skills.dds	1216	193	63	63
Status_Exhaustion	Icons_Skills.lsx	Public\Shared\Assets\Textures\Icons\Icons_Skills.dds	1280	193	63	63
Status_Flanked	Icons_Skills.lsx	Public\Shared\Assets\Textures\Icons\Icons_Skills.dds	1344	193	63	63
Status_Fly	Icons_Skills.lsx	Public\Shared\Assets\Textures\Icons\Icons_Skills.dds	1408	193	63	63
Status_FormationTacics	Icons_Skills.lsx	Public\Shared\Assets\Textures\Icons\Icons_Skills.dds	1472	193	63	63
Status_Frightened	Icons_Skills.lsx	Public\Shared\Assets\Textures\Icons\Icons_Skills.dds	1536	193	63	63
Status_Frozen	Icons_Skills.lsx	Public\Shared\Assets\Textures\Icons\Icons_Skills.dds	1600	193	63	63
Status_Gnoll_AuraBloodThirst	Icons_Skills.lsx	Public\Shared\Assets\Textures\Icons\Icons_Skills.dds	1664	193	63	63
Status_Gnoll_PackTactics	Icons_Skills.lsx	Public\Shared\Assets\Textures\Icons\Icons_Skills.dds	1728	193	63	63
Status_Grappled	Icons_Skills.lsx	Public\Shared\Assets\Textures\Icons\Icons_Skills.dds	1792	193	63	63
Status_Hag_HagEyed	Icons_Skills.lsx	Public\Shared\Assets\Textures\Icons\Icons_Skills.dds	896	576	63	63
Status_Incapacitated	Icons_Skills.lsx	Public\Shared\Assets\Textures\Icons\Icons_Skills.dds	1856	193	63	63
Status_Invisible	Icons_Skills.lsx	Public\Shared\Assets\Textures\Icons\Icons_Skills.dds	1920	193	63	63
Status_Invulnerable	Icons_Skills.lsx	Public\Shared\Assets\Textures\Icons\Icons_Skills.dds	1984	193	63	63
Status_KnockedOut	Icons_Skills.lsx	Public\Shared\Assets\Textures\Icons\Icons_Skills.dds	0	256	63	63
Status_Negative	Icons_Skills.lsx	Public\Shared\Assets\Textures\Icons\Icons_Skills.dds	65	256	63	63
Status_Oiled	Icons_Skills.lsx	Public\Shared\Assets\Textures\Icons\Icons_Skills.dds	129	256	63	63
Status_Paralyzed	Icons_Skills.lsx	Public\Shared\Assets\Textures\Icons\Icons_Skills.dds	193	256	63	63
Status_Petrified	Icons_Skills.lsx	Public\Shared\Assets\Textures\Icons\Icons_Skills.dds	256	256	63	63
Status_Poisoned	Icons_Skills.lsx	Public\Shared\Assets\Textures\Icons\Icons_Skills.dds	320	256	63	63
Status_Positive	Icons_Skills.lsx	Public\Shared\Assets\Textures\Icons\Icons_Skills.dds	384	256	63	63
Status_Prone	Icons_Skills.lsx	Public\Shared\Assets\Textures\Icons\Icons_Skills.dds	448	256	63	63
Status_Restrained	Icons_Skills.lsx	Public\Shared\Assets\Textures\Icons\Icons_Skills.dds	512	256	63	63
Status_Shocked	Icons_Skills.lsx	Public\Shared\Assets\Textures\Icons\Icons_Skills.dds	576	256	63	63
Status_ShockedSurface	Icons_Skills.lsx	Public\Shared\Assets\Textures\Icons\Icons_Skills.dds	640	256	63	63
Status_Sleep	Icons_Skills.lsx	Public\Shared\Assets\Textures\Icons\Icons_Skills.dds	704	256	63	63
Status_SlightlyDrunk	Icons_Skills.lsx	Public\Shared\Assets\Textures\Icons\Icons_Skills.dds	1152	384	63	63
Status_Sneaking_Clear	Icons_Skills.lsx	Public\Shared\Assets\Textures\Icons\Icons_Skills.dds	768	256	63	63
Status_Sneaking_HeavilyObscured	Icons_Skills.lsx	Public\Shared\Assets\Textures\Icons\Icons_Skills.dds	832	256	63	63
Status_Sneaking_LightlyObscured	Icons_Skills.lsx	Public\Shared\Assets\Textures\Icons\Icons_Skills.dds	896	256	63	63
Status_Stunned	Icons_Skills.lsx	Public\Shared\Assets\Textures\Icons\Icons_Skills.dds	960	256	63	63
Status_Surprised	Icons_Skills.lsx	Public\Shared\Assets\Textures\Icons\Icons_Skills.dds	1088	384	63	63
Status_Surrendered	Icons_Skills.lsx	Public\Shared\Assets\Textures\Icons\Icons_Skills.dds	1024	256	63	63
Status_Turned	Icons_Skills.lsx	Public\Shared\Assets\Textures\Icons\Icons_Skills.dds	1088	256	63	63
Status_Unconscious	Icons_Skills.lsx	Public\Shared\Assets\Textures\Icons\Icons_Skills.dds	1152	256	63	63
Status_Warm	Icons_Skills.lsx	Public\Shared\Assets\Textures\Icons\Icons_Skills.dds	1216	256	63	63
Status_Wet	Icons_Skills.lsx	Public\Shared\Assets\Textures\Icons\Icons_Skills.dds	1280	256	63	63
TadpoleSuperPower_AberrantShape	Icons_Skills.lsx	Public\Shared\Assets\Textures\Icons\Icons_Skills.dds	0	832	63	63
TadpoleSuperPower_Called Shout_Repulsor	Icons_Skills.lsx	Public\Shared\Assets\Textures\Icons\Icons_Skills.dds	1664	448	63	63
TadpoleSuperPower_EndlessRage	Icons_Skills.lsx	Public\Shared\Assets\Textures\Icons\Icons_Skills.dds	768	1152	63	63
TadpoleSuperPower_ForceTunnel	Icons_Skills.lsx	Public\Shared\Assets\Textures\Icons\Icons_Skills.dds	1536	384	63	63
TadpoleSuperPower_Imperil	Icons_Skills.lsx	Public\Shared\Assets\Textures\Icons\Icons_Skills.dds	1152	1664	63	63
TadpoleSuperPower_InkBlot	Icons_Skills.lsx	Public\Shared\Assets\Textures\Icons\Icons_Skills.dds	1600	384	63	63
TadpoleSuperPower_PsionicPull	Icons_Skills.lsx	Public\Shared\Assets\Textures\Icons\Icons_Skills.dds	1664	384	63	63
TadpoleSuperPower_ReflectiveShell	Icons_Skills.lsx	Public\Shared\Assets\Textures\Icons\Icons_Skills.dds	1728	384	63	63
TadpoleSuperPower_Repulsor	Icons_Skills.lsx	Public\Shared\Assets\Textures\Icons\Icons_Skills.dds	0	896	63	63
TadpoleSuperPower_Sorcerer	Icons_Skills.lsx	Public\Shared\Assets\Textures\Icons\Icons_Skills.dds	768	1024	63	63
TadpoleSuperPower_StageFright	Icons_Skills.lsx	Public\Shared\Assets\Textures\Icons\Icons_Skills.dds	960	1344	63	63
TadpoleSuperPower_SupernaturalAttraction	Icons_Skills.lsx	Public\Shared\Assets\Textures\Icons\Icons_Skills.dds	1792	384	63	63
TadpoleSuperPower_SurvivalInstinct	Icons_Skills.lsx	Public\Shared\Assets\Textures\Icons\Icons_Skills.dds	1856	384	63	63
TadpoleSuperPower_ThunderingVault	Icons_Skills.lsx	Public\Shared\Assets\Textures\Icons\Icons_Skills.dds	1856	1152	63	63
Target_MainHandAttack	Icons_Skills.lsx	Public\Shared\Assets\Textures\Icons\Icons_Skills.dds	1472	576	63	63
Target_OffHandAttack	Icons_Skills.lsx	Public\Shared\Assets\Textures\Icons\Icons_Skills.dds	1536	576	63	63
ico_genericSurface	Icons_Skills.lsx	Public\Shared\Assets\Textures\Icons\Icons_Skills.dds	896	1728	63	63
statIcons_Agitated	Icons_Skills.lsx	Public\Shared\Assets\Textures\Icons\Icons_Skills.dds	896	1088	63	63
statIcons_Ambushing	Icons_Skills.lsx	Public\Shared\Assets\Textures\Icons\Icons_Skills.dds	1920	576	63	63
statIcons_Antitoxin	Icons_Skills.lsx	Public\Shared\Assets\Textures\Icons\Icons_Skills.dds	0	1152	63	63
statIcons_AuraOfLeadership	Icons_Skills.lsx	Public\Shared\Assets\Textures\Icons\Icons_Skills.dds	1792	832	63	63
statIcons_BlissSpores	Icons_Skills.lsx	Public\Shared\Assets\Textures\Icons\Icons_Skills.dds	320	1088	63	63
statIcons_Bloated	Icons_Skills.lsx	Public\Shared\Assets\Textures\Icons\Icons_Skills.dds	448	704	63	63
statIcons_BloodPotion	Icons_Skills.lsx	Public\Shared\Assets\Textures\Icons\Icons_Skills.dds	960	1984	63	63
statIcons_Bloodlust	Icons_Skills.lsx	Public\Shared\Assets\Textures\Icons\Icons_Skills.dds	1152	832	63	63
statIcons_BoonOfServitude	Icons_Skills.lsx	Public\Shared\Assets\Textures\Icons\Icons_Skills.dds	65	896	63	63
statIcons_BoooalsBenediction	Icons_Skills.lsx	Public\Shared\Assets\Textures\Icons\Icons_Skills.dds	448	1152	63	63
statIcons_BoooalsFaithful	Icons_Skills.lsx	Public\Shared\Assets\Textures\Icons\Icons_Skills.dds	960	1088	63	63
statIcons_Bound	Icons_Skills.lsx	Public\Shared\Assets\Textures\Icons\Icons_Skills.dds	193	1152	63	63
statIcons_BugbearAssassin_Sneaking	Icons_Skills.lsx	Public\Shared\Assets\Textures\Icons\Icons_Skills.dds	768	704	63	63
statIcons_ButhirsWrath	Icons_Skills.lsx	Public\Shared\Assets\Textures\Icons\Icons_Skills.dds	320	896	63	63
statIcons_ChargeLightning_Electrified	Icons_Skills.lsx	Public\Shared\Assets\Textures\Icons\Icons_Skills.dds	1984	1280	63	63
statIcons_ChestTrauma	Icons_Skills.lsx	Public\Shared\Assets\Textures\Icons\Icons_Skills.dds	193	1024	63	63
statIcons_ChickenChase	Icons_Skills.lsx	Public\Shared\Assets\Textures\Icons\Icons_Skills.dds	1216	640	63	63
statIcons_CircletOfFireBuff	Icons_Skills.lsx	Public\Shared\Assets\Textures\Icons\Icons_Skills.dds	1600	1152	63	63
statIcons_Coerced	Icons_Skills.lsx	Public\Shared\Assets\Textures\Icons\Icons_Skills.dds	576	1344	63	63
statIcons_Confused	Icons_Skills.lsx	Public\Shared\Assets\Textures\Icons\Icons_Skills.dds	1728	832	63	63
statIcons_CrawlingGnawInfection	Icons_Skills.lsx	Public\Shared\Assets\Textures\Icons\Icons_Skills.dds	1280	1664	63	63
statIcons_Crippled	Icons_Skills.lsx	Public\Shared\Assets\Textures\Icons\Icons_Skills.dds	1280	896	63	63
statIcons_CrossLeggedSitting	Icons_Skills.lsx	Public\Shared\Assets\Textures\Icons\Icons_Skills.dds	832	704	63	63
statIcons_CryingInAlarm	Icons_Skills.lsx	Public\Shared\Assets\Textures\Icons\Icons_Skills.dds	256	896	63	63
statIcons_CurseOfRegret	Icons_Skills.lsx	Public\Shared\Assets\Textures\Icons\Icons_Skills.dds	193	896	63	63
statIcons_DamageThreshold	Icons_Skills.lsx	Public\Shared\Assets\Textures\Icons\Icons_Skills.dds	960	896	63	63
statIcons_DamageThreshold_Greater	Icons_Skills.lsx	Public\Shared\Assets\Textures\Icons\Icons_Skills.dds	832	896	63	63
statIcons_DamageThreshold_Lesser	Icons_Skills.lsx	Public\Shared\Assets\Textures\Icons\Icons_Skills.dds	896	896	63	63
statIcons_DarkveilPrecision	Icons_Skills.lsx	Public\Shared\Assets\Textures\Icons\Icons_Skills.dds	768	1984	63	63
statIcons_Dazed	Icons_Skills.lsx	Public\Shared\Assets\Textures\Icons\Icons_Skills.dds	1280	960	63	63
statIcons_Dead	Icons_Skills.lsx	Public\Shared\Assets\Textures\Icons\Icons_Skills.dds	1344	256	63	63
statIcons_DeathWish	Icons_Skills.lsx	Public\Shared\Assets\Textures\Icons\Icons_Skills.dds	1472	832	63	63
statIcons_Den_Apprentice_Thorn_1	Icons_Skills.lsx	Public\Shared\Assets\Textures\Icons\Icons_Skills.dds	1280	576	63	63
statIcons_Den_Apprentice_Thorn_2	Icons_Skills.lsx	Public\Shared\Assets\Textures\Icons\Icons_Skills.dds	1216	576	63	63
statIcons_Den_Apprentice_Thorn_3	Icons_Skills.lsx	Public\Shared\Assets\Textures\Icons\Icons_Skills.dds	1152	576	63	63
statIcons_Disarmed	Icons_Skills.lsx	Public\Shared\Assets\Textures\Icons\Icons_Skills.dds	1216	1664	63	63
statIcons_Disengage	Icons_Skills.lsx	Public\Shared\Assets\Textures\Icons\Icons_Skills.dds	1408	832	63	63
statIcons_DruidicTrance	Icons_Skills.lsx	Public\Shared\Assets\Textures\Icons\Icons_Skills.dds	1536	640	63	63
statIcons_END_Netherbrain_Slow	Icons_Skills.lsx	Public\Shared\Assets\Textures\Icons\Icons_Skills.dds	896	1984	63	63
statIcons_END_Netherbrain_Slow_Aura	Icons_Skills.lsx	Public\Shared\Assets\Textures\Icons\Icons_Skills.dds	832	1984	63	63
statIcons_EggBearer	Icons_Skills.lsx	Public\Shared\Assets\Textures\Icons\Icons_Skills.dds	832	576	63	63
statIcons_Encumbered	Icons_Skills.lsx	Public\Shared\Assets\Textures\Icons\Icons_Skills.dds	193	576	63	63
statIcons_EnemyOfJustice	Icons_Skills.lsx	Public\Shared\Assets\Textures\Icons\Icons_Skills.dds	1792	1088	63	63
statIcons_EnhancedArlourClass	Icons_Skills.lsx	Public\Shared\Assets\Textures\Icons\Icons_Skills.dds	256	1152	63	63
statIcons_Enlarged	Icons_Skills.lsx	Public\Shared\Assets\Textures\Icons\Icons_Skills.dds	65	640	63	63
statIcons_Ensnared	Icons_Skills.lsx	Public\Shared\Assets\Textures\Icons\Icons_Skills.dds	704	576	63	63
statIcons_Enthralled	Icons_Skills.lsx	Public\Shared\Assets\Textures\Icons\Icons_Skills.dds	448	640	63	63
statIcons_EphemeralWhispers	Icons_Skills.lsx	Public\Shared\Assets\Textures\Icons\Icons_Skills.dds	0	640	63	63
statIcons_Ettercap_Infested	Icons_Skills.lsx	Public\Shared\Assets\Textures\Icons\Icons_Skills.dds	1984	832	63	63
statIcons_EverBurning	Icons_Skills.lsx	Public\Shared\Assets\Textures\Icons\Icons_Skills.dds	448	896	63	63
statIcons_ExterminateThreat	Icons_Skills.lsx	Public\Shared\Assets\Textures\Icons\Icons_Skills.dds	65	1152	63	63
statIcons_FleshRot	Icons_Skills.lsx	Public\Shared\Assets\Textures\Icons\Icons_Skills.dds	576	1152	63	63
statIcons_Fugitive	Icons_Skills.lsx	Public\Shared\Assets\Textures\Icons\Icons_Skills.dds	1856	1088	63	63
statIcons_FullSwing	Icons_Skills.lsx	Public\Shared\Assets\Textures\Icons\Icons_Skills.dds	1216	960	63	63
statIcons_GLO_Orpheus_Protected	Icons_Skills.lsx	Public\Shared\Assets\Textures\Icons\Icons_Skills.dds	1280	1152	63	63
statIcons_GOB_CalmnessInPain	Icons_Skills.lsx	Public\Shared\Assets\Textures\Icons\Icons_Skills.dds	1408	1152	63	63
statIcons_GOB_CalmnessInPain_Active	Icons_Skills.lsx	Public\Shared\Assets\Textures\Icons\Icons_Skills.dds	1344	1152	63	63
statIcons_GOB_GoblinPriest_Chains	Icons_Skills.lsx	Public\Shared\Assets\Textures\Icons\Icons_Skills.dds	512	1344	63	63
statIcons_GOB_Penitent	Icons_Skills.lsx	Public\Shared\Assets\Textures\Icons\Icons_Skills.dds	1472	1152	63	63
statIcons_GalesNecroticAura	Icons_Skills.lsx	Public\Shared\Assets\Textures\Icons\Icons_Skills.dds	1280	640	63	63
statIcons_GlowingFlask	Icons_Skills.lsx	Public\Shared\Assets\Textures\Icons\Icons_Skills.dds	1600	832	63	63
statIcons_Gnoll_BrewingRage	Icons_Skills.lsx	Public\Shared\Assets\Textures\Icons\Icons_Skills.dds	832	1088	63	63
statIcons_Gnoll_BrewingRage_Unlock	Icons_Skills.lsx	Public\Shared\Assets\Textures\Icons\Icons_Skills.dds	768	1088	63	63
statIcons_Gnoll_Curse	Icons_Skills.lsx	Public\Shared\Assets\Textures\Icons\Icons_Skills.dds	1280	832	63	63
statIcons_Gnoll_Rampage	Icons_Skills.lsx	Public\Shared\Assets\Textures\Icons\Icons_Skills.dds	1344	832	63	63
statIcons_Gnoll_SoulOffering	Icons_Skills.lsx	Public\Shared\Assets\Textures\Icons\Icons_Skills.dds	640	1344	63	63
statIcons_Goaded	Icons_Skills.lsx	Public\Shared\Assets\Textures\Icons\Icons_Skills.dds	1856	832	63	63
statIcons_GougedEye	Icons_Skills.lsx	Public\Shared\Assets\Textures\Icons\Icons_Skills.dds	576	576	63	63
statIcons_Grounded	Icons_Skills.lsx	Public\Shared\Assets\Textures\Icons\Icons_Skills.dds	704	896	63	63
statIcons_HagsPawn	Icons_Skills.lsx	Public\Shared\Assets\Textures\Icons\Icons_Skills.dds	1984	576	63	63
statIcons_HagsTrickery	Icons_Skills.lsx	Public\Shared\Assets\Textures\Icons\Icons_Skills.dds	129	896	63	63
statIcons_Hamstring	Icons_Skills.lsx	Public\Shared\Assets\Textures\Icons\Icons_Skills.dds	1216	896	63	63
statIcons_HandsOffPetal	Icons_Skills.lsx	Public\Shared\Assets\Textures\Icons\Icons_Skills.dds	1856	576	63	63
statIcons_HardWork	Icons_Skills.lsx	Public\Shared\Assets\Textures\Icons\Icons_Skills.dds	1472	1088	63	63
statIcons_HardWork_Target	Icons_Skills.lsx	Public\Shared\Assets\Textures\Icons\Icons_Skills.dds	1408	1088	63	63
statIcons_HasteSpores	Icons_Skills.lsx	Public\Shared\Assets\Textures\Icons\Icons_Skills.dds	384	896	63	63
statIcons_Haunted	Icons_Skills.lsx	Public\Shared\Assets\Textures\Icons\Icons_Skills.dds	1920	1088	63	63
statIcons_HeavilyEncumbered	Icons_Skills.lsx	Public\Shared\Assets\Textures\Icons\Icons_Skills.dds	65	960	63	63
statIcons_HeavyArmorBlockingRage	Icons_Skills.lsx	Public\Shared\Assets\Textures\Icons\Icons_Skills.dds	1664	1280	63	63
statIcons_Hellfire	Icons_Skills.lsx	Public\Shared\Assets\Textures\Icons\Icons_Skills.dds	1472	1984	63	63
statIcons_HillGiantsMight	Icons_Skills.lsx	Public\Shared\Assets\Textures\Icons\Icons_Skills.dds	1088	832	63	63
statIcons_Hindered	Icons_Skills.lsx	Public\Shared\Assets\Textures\Icons\Icons_Skills.dds	65	1024	63	63
statIcons_InfernalLegion	Icons_Skills.lsx	Public\Shared\Assets\Textures\Icons\Icons_Skills.dds	129	1152	63	63
statIcons_Levitating	Icons_Skills.lsx	Public\Shared\Assets\Textures\Icons\Icons_Skills.dds	1152	640	63	63
statIcons_LightOfCreation	Icons_Skills.lsx	Public\Shared\Assets\Textures\Icons\Icons_Skills.dds	1856	1344	63	63
statIcons_LightningAura	Icons_Skills.lsx	Public\Shared\Assets\Textures\Icons\Icons_Skills.dds	0	1344	63	63
statIcons_LightningBlast	Icons_Skills.lsx	Public\Shared\Assets\Textures\Icons\Icons_Skills.dds	1920	1280	63	63
statIcons_LightningCharge	Icons_Skills.lsx	Public\Shared\Assets\Textures\Icons\Icons_Skills.dds	129	1344	63	63
statIcons_LightningDischarge	Icons_Skills.lsx	Public\Shared\Assets\Textures\Icons\Icons_Skills.dds	65	1344	63	63
statIcons_LoviatarsLove	Icons_Skills.lsx	Public\Shared\Assets\Textures\Icons\Icons_Skills.dds	1024	1984	63	63
statIcons_Lured	Icons_Skills.lsx	Public\Shared\Assets\Textures\Icons\Icons_Skills.dds	1088	640	63	63
statIcons_LuringSong	Icons_Skills.lsx	Public\Shared\Assets\Textures\Icons\Icons_Skills.dds	1024	640	63	63
statIcons_MAG_Fire_Resistance	Icons_Skills.lsx	Public\Shared\Assets\Textures\Icons\Icons_Skills.dds	832	1344	63	63
statIcons_MAG_TemporaryHP	Icons_Skills.lsx	Public\Shared\Assets\Textures\Icons\Icons_Skills.dds	1152	1088	63	63
statIcons_Madness	Icons_Skills.lsx	Public\Shared\Assets\Textures\Icons\Icons_Skills.dds	576	1728	63	63
statIcons_Mag_Attack_Debuff	Icons_Skills.lsx	Public\Shared\Assets\Textures\Icons\Icons_Skills.dds	193	1088	63	63
statIcons_Mag_Increased_Damage_Cold	Icons_Skills.lsx	Public\Shared\Assets\Textures\Icons\Icons_Skills.dds	384	1088	63	63
statIcons_MagicLock	Icons_Skills.lsx	Public\Shared\Assets\Textures\Icons\Icons_Skills.dds	1408	1664	63	63
statIcons_MagmaticDisturbance	Icons_Skills.lsx	Public\Shared\Assets\Textures\Icons\Icons_Skills.dds	1984	1088	63	63
statIcons_MeltTheEarth	Icons_Skills.lsx	Public\Shared\Assets\Textures\Icons\Icons_Skills.dds	1920	1472	63	63
statIcons_Merregonmask_Effect	Icons_Skills.lsx	Public\Shared\Assets\Textures\Icons\Icons_Skills.dds	256	1088	63	63
statIcons_MindMastery	Icons_Skills.lsx	Public\Shared\Assets\Textures\Icons\Icons_Skills.dds	384	1152	63	63
statIcons_Mindstruck	Icons_Skills.lsx	Public\Shared\Assets\Textures\Icons\Icons_Skills.dds	512	1152	63	63
statIcons_Minotaur_Reckless	Icons_Skills.lsx	Public\Shared\Assets\Textures\Icons\Icons_Skills.dds	256	704	63	63
statIcons_MissingPets	Icons_Skills.lsx	Public\Shared\Assets\Textures\Icons\Icons_Skills.dds	1536	1152	63	63
statIcons_MobileFoe	Icons_Skills.lsx	Public\Shared\Assets\Textures\Icons\Icons_Skills.dds	448	1088	63	63
statIcons_Momentum	Icons_Skills.lsx	Public\Shared\Assets\Textures\Icons\Icons_Skills.dds	193	1344	63	63
statIcons_Moonshield	Icons_Skills.lsx	Public\Shared\Assets\Textures\Icons\Icons_Skills.dds	1920	1920	63	63
statIcons_Muddy	Icons_Skills.lsx	Public\Shared\Assets\Textures\Icons\Icons_Skills.dds	1792	1472	63	63
statIcons_Nauseated	Icons_Skills.lsx	Public\Shared\Assets\Textures\Icons\Icons_Skills.dds	832	640	63	63
statIcons_OathBroken	Icons_Skills.lsx	Public\Shared\Assets\Textures\Icons\Icons_Skills.dds	1344	1664	63	63
statIcons_OffBalanced	Icons_Skills.lsx	Public\Shared\Assets\Textures\Icons\Icons_Skills.dds	129	1024	63	63
statIcons_OpenWound	Icons_Skills.lsx	Public\Shared\Assets\Textures\Icons\Icons_Skills.dds	1472	640	63	63
statIcons_OwlbearsRage	Icons_Skills.lsx	Public\Shared\Assets\Textures\Icons\Icons_Skills.dds	576	640	63	63
statIcons_Parried	Icons_Skills.lsx	Public\Shared\Assets\Textures\Icons\Icons_Skills.dds	1344	1472	63	63
statIcons_Pinned	Icons_Skills.lsx	Public\Shared\Assets\Textures\Icons\Icons_Skills.dds	768	896	63	63
statIcons_Pixie_Boar	Icons_Skills.lsx	Public\Shared\Assets\Textures\Icons\Icons_Skills.dds	512	1984	63	63
statIcons_Pixie_Curse	Icons_Skills.lsx	Public\Shared\Assets\Textures\Icons\Icons_Skills.dds	320	1984	63	63
statIcons_Pixie_DeepRothe	Icons_Skills.lsx	Public\Shared\Assets\Textures\Icons\Icons_Skills.dds	448	1984	63	63
statIcons_Pixie_Frog	Icons_Skills.lsx	Public\Shared\Assets\Textures\Icons\Icons_Skills.dds	384	1984	63	63
statIcons_PoorPerformance	Icons_Skills.lsx	Public\Shared\Assets\Textures\Icons\Icons_Skills.dds	1280	1600	63	63
statIcons_PrimeTarget	Icons_Skills.lsx	Public\Shared\Assets\Textures\Icons\Icons_Skills.dds	1600	1088	63	63
statIcons_RapportSpores	Icons_Skills.lsx	Public\Shared\Assets\Textures\Icons\Icons_Skills.dds	320	704	63	63
statIcons_ReadyToBurst	Icons_Skills.lsx	Public\Shared\Assets\Textures\Icons\Icons_Skills.dds	1728	1472	63	63
statIcons_RecklessWarcry	Icons_Skills.lsx	Public\Shared\Assets\Textures\Icons\Icons_Skills.dds	960	640	63	63
statIcons_Reduced	Icons_Skills.lsx	Public\Shared\Assets\Textures\Icons\Icons_Skills.dds	320	1664	63	63
statIcons_ReflectiveMucous	Icons_Skills.lsx	Public\Shared\Assets\Textures\Icons\Icons_Skills.dds	512	640	63	63
statIcons_Refreshed	Icons_Skills.lsx	Public\Shared\Assets\Textures\Icons\Icons_Skills.dds	768	640	63	63
statIcons_Regeneration	Icons_Skills.lsx	Public\Shared\Assets\Textures\Icons\Icons_Skills.dds	1536	832	63	63
statIcons_ResistedTheSong	Icons_Skills.lsx	Public\Shared\Assets\Textures\Icons\Icons_Skills.dds	320	1152	63	63
statIcons_Rotting	Icons_Skills.lsx	Public\Shared\Assets\Textures\Icons\Icons_Skills.dds	1408	640	63	63
statIcons_RunningWater	Icons_Skills.lsx	Public\Shared\Assets\Textures\Icons\Icons_Skills.dds	512	704	63	63
statIcons_Sanctuary_Enemy	Icons_Skills.lsx	Public\Shared\Assets\Textures\Icons\Icons_Skills.dds	704	1728	63	63
statIcons_Sapped	Icons_Skills.lsx	Public\Shared\Assets\Textures\Icons\Icons_Skills.dds	768	576	63	63
statIcons_ScarletRemittance_1	Icons_Skills.lsx	Public\Shared\Assets\Textures\Icons\Icons_Skills.dds	1856	1920	63	63
statIcons_ScarletRemittance_2	Icons_Skills.lsx	Public\Shared\Assets\Textures\Icons\Icons_Skills.dds	1792	1920	63	63
statIcons_ScarletRemittance_3	Icons_Skills.lsx	Public\Shared\Assets\Textures\Icons\Icons_Skills.dds	1728	1920	63	63
statIcons_ScatteringSpores	Icons_Skills.lsx	Public\Shared\Assets\Textures\Icons\Icons_Skills.dds	1664	832	63	63
statIcons_SelunesSeal	Icons_Skills.lsx	Public\Shared\Assets\Textures\Icons\Icons_Skills.dds	1664	704	63	63
statIcons_ShadowCurse	Icons_Skills.lsx	Public\Shared\Assets\Textures\Icons\Icons_Skills.dds	0	1984	63	63
statIcons_ShieldOfScreams	Icons_Skills.lsx	Public\Shared\Assets\Textures\Icons\Icons_Skills.dds	640	1152	63	63
statIcons_Sickened	Icons_Skills.lsx	Public\Shared\Assets\Textures\Icons\Icons_Skills.dds	640	896	63	63
statIcons_SilvanusBlessing	Icons_Skills.lsx	Public\Shared\Assets\Textures\Icons\Icons_Skills.dds	704	704	63	63
statIcons_Sitting	Icons_Skills.lsx	Public\Shared\Assets\Textures\Icons\Icons_Skills.dds	1088	576	63	63
statIcons_Slayer_RevitalisingGore	Icons_Skills.lsx	Public\Shared\Assets\Textures\Icons\Icons_Skills.dds	832	1792	63	63
statIcons_SmallPoison	Icons_Skills.lsx	Public\Shared\Assets\Textures\Icons\Icons_Skills.dds	1344	640	63	63
statIcons_Smelly	Icons_Skills.lsx	Public\Shared\Assets\Textures\Icons\Icons_Skills.dds	704	640	63	63
statIcons_SoulBranding	Icons_Skills.lsx	Public\Shared\Assets\Textures\Icons\Icons_Skills.dds	896	640	63	63
statIcons_SoulEcho	Icons_Skills.lsx	Public\Shared\Assets\Textures\Icons\Icons_Skills.dds	1856	1472	63	63
statIcons_SovereignSpores	Icons_Skills.lsx	Public\Shared\Assets\Textures\Icons\Icons_Skills.dds	704	1088	63	63
statIcons_SphereFuel	Icons_Skills.lsx	Public\Shared\Assets\Textures\Icons\Icons_Skills.dds	576	704	63	63
statIcons_SpiderQueensWrath	Icons_Skills.lsx	Public\Shared\Assets\Textures\Icons\Icons_Skills.dds	576	896	63	63
statIcons_Stasis	Icons_Skills.lsx	Public\Shared\Assets\Textures\Icons\Icons_Skills.dds	512	896	63	63
statIcons_Static_Discharge	Icons_Skills.lsx	Public\Shared\Assets\Textures\Icons\Icons_Skills.dds	1792	576	63	63
statIcons_Static_Discharge_Aura	Icons_Skills.lsx	Public\Shared\Assets\Textures\Icons\Icons_Skills.dds	1728	576	63	63
statIcons_Static_Discharge_Construct	Icons_Skills.lsx	Public\Shared\Assets\Textures\Icons\Icons_Skills.dds	1664	576	63	63
statIcons_Steady	Icons_Skills.lsx	Public\Shared\Assets\Textures\Icons\Icons_Skills.dds	0	1024	63	63
statIcons_Superheated	Icons_Skills.lsx	Public\Shared\Assets\Textures\Icons\Icons_Skills.dds	1664	1088	63	63
statIcons_SussurBloom	Icons_Skills.lsx	Public\Shared\Assets\Textures\Icons\Icons_Skills.dds	640	576	63	63
statIcons_SwordOfScreams	Icons_Skills.lsx	Public\Shared\Assets\Textures\Icons\Icons_Skills.dds	1920	1344	63	63
statIcons_UND_MyconidAmulet_Evil	Icons_Skills.lsx	Public\Shared\Assets\Textures\Icons\Icons_Skills.dds	1024	1088	63	63
statIcons_UND_MyconidAmulet_Good	Icons_Skills.lsx	Public\Shared\Assets\Textures\Icons\Icons_Skills.dds	1088	1088	63	63
statIcons_UncannySight	Icons_Skills.lsx	Public\Shared\Assets\Textures\Icons\Icons_Skills.dds	384	640	63	63
statIcons_UnderOperation	Icons_Skills.lsx	Public\Shared\Assets\Textures\Icons\Icons_Skills.dds	1216	832	63	63
statIcons_Violence	Icons_Skills.lsx	Public\Shared\Assets\Textures\Icons\Icons_Skills.dds	256	1344	63	63
statIcons_VoiceOfReason	Icons_Skills.lsx	Public\Shared\Assets\Textures\Icons\Icons_Skills.dds	1984	1920	63	63
statIcons_WarPaint	Icons_Skills.lsx	Public\Shared\Assets\Textures\Icons\Icons_Skills.dds	1408	1472	63	63
statIcons_WildMagic_Blur	Icons_Skills.lsx	Public\Shared\Assets\Textures\Icons\Icons_Skills.dds	512	1024	63	63
statIcons_WildMagic_Burning	Icons_Skills.lsx	Public\Shared\Assets\Textures\Icons\Icons_Skills.dds	576	1024	63	63
statIcons_WildMagic_Enchant	Icons_Skills.lsx	Public\Shared\Assets\Textures\Icons\Icons_Skills.dds	640	1024	63	63
statIcons_WildMagic_Heal	Icons_Skills.lsx	Public\Shared\Assets\Textures\Icons\Icons_Skills.dds	832	1024	63	63
statIcons_WildMagic_Memphit	Icons_Skills.lsx	Public\Shared\Assets\Textures\Icons\Icons_Skills.dds	512	1088	63	63
statIcons_WildMagic_SorceryPoints	Icons_Skills.lsx	Public\Shared\Assets\Textures\Icons\Icons_Skills.dds	576	1088	63	63
statIcons_WildMagic_Swap	Icons_Skills.lsx	Public\Shared\Assets\Textures\Icons\Icons_Skills.dds	640	1088	63	63
statIcons_WildMagic_Teleport	Icons_Skills.lsx	Public\Shared\Assets\Textures\Icons\Icons_Skills.dds	1792	1152	63	63
statIcons_WildMagic_TurnMagic	Icons_Skills.lsx	Public\Shared\Assets\Textures\Icons\Icons_Skills.dds	448	1216	63	63
statIcons_WildMagic_gasCloud	Icons_Skills.lsx	Public\Shared\Assets\Textures\Icons\Icons_Skills.dds	704	1024	63	63
statIcons_Witness	Icons_Skills.lsx	Public\Shared\Assets\Textures\Icons\Icons_Skills.dds	768	1344	63	63
statIcons_YeenoghusHunger	Icons_Skills.lsx	Public\Shared\Assets\Textures\Icons\Icons_Skills.dds	384	704	63	63
